1	2	451	450
2	3	452	451
3	4	453	452
4	5	454	453
5	6	455	454
6	7	456	455
7	8	457	456
8	9	458	457
9	10	459	458
10	11	460	459
11	12	461	460
12	13	462	461
13	14	463	462
14	15	464	463
15	16	465	464
16	17	466	465
17	18	467	466
18	19	468	467
19	20	469	468
20	21	470	469
21	22	471	470
22	23	472	471
23	24	473	472
24	25	474	473
25	26	475	474
26	27	476	475
27	28	477	476
28	29	478	477
29	30	479	478
30	31	480	479
31	32	481	480
32	33	482	481
33	34	483	482
34	35	484	483
35	36	485	484
36	37	486	485
37	38	487	486
38	39	488	487
39	40	489	488
40	41	490	489
41	42	491	490
42	43	492	491
43	44	493	492
44	45	494	493
45	46	495	494
46	47	496	495
47	48	497	496
48	49	498	497
49	50	499	498
50	51	500	499
51	52	501	500
52	53	502	501
53	54	503	502
54	55	504	503
55	56	505	504
56	57	506	505
57	58	507	506
58	59	508	507
59	60	509	508
60	61	510	509
61	62	511	510
62	63	512	511
63	64	513	512
64	65	514	513
65	66	515	514
66	67	516	515
67	68	517	516
68	69	518	517
69	70	519	518
70	71	520	519
71	72	521	520
72	73	522	521
73	74	523	522
74	75	524	523
75	76	525	524
76	77	526	525
77	78	527	526
78	79	528	527
79	80	529	528
80	81	530	529
81	82	531	530
82	83	532	531
83	84	533	532
84	85	534	533
85	86	535	534
86	87	536	535
87	88	537	536
88	89	538	537
89	90	539	538
90	91	540	539
91	92	541	540
92	93	542	541
93	94	543	542
94	95	544	543
95	96	545	544
96	97	546	545
97	98	547	546
98	99	548	547
99	100	549	548
100	101	550	549
101	102	551	550
102	103	552	551
103	104	553	552
104	105	554	553
105	106	555	554
106	107	556	555
107	108	557	556
108	109	558	557
109	110	559	558
110	111	560	559
111	112	561	560
112	113	562	561
113	114	563	562
114	115	564	563
115	116	565	564
116	117	566	565
117	118	567	566
118	119	568	567
119	120	569	568
120	121	570	569
121	122	571	570
122	123	572	571
123	124	573	572
124	125	574	573
125	126	575	574
126	127	576	575
127	128	577	576
128	129	578	577
129	130	579	578
130	131	580	579
131	132	581	580
132	133	582	581
133	134	583	582
134	135	584	583
135	136	585	584
136	137	586	585
137	138	587	586
138	139	588	587
139	140	589	588
140	141	590	589
141	142	591	590
142	143	592	591
143	144	593	592
144	145	594	593
145	146	595	594
146	147	596	595
147	148	597	596
148	149	598	597
149	150	599	598
150	151	600	599
151	152	601	600
152	153	602	601
153	154	603	602
154	155	604	603
155	156	605	604
156	157	606	605
157	158	607	606
158	159	608	607
159	160	609	608
160	161	610	609
161	162	611	610
162	163	612	611
163	164	613	612
164	165	614	613
165	166	615	614
166	167	616	615
167	168	617	616
168	169	618	617
169	170	619	618
170	171	620	619
171	172	621	620
172	173	622	621
173	174	623	622
174	175	624	623
175	176	625	624
176	177	626	625
177	178	627	626
178	179	628	627
179	180	629	628
180	181	630	629
181	182	631	630
182	183	632	631
183	184	633	632
184	185	634	633
185	186	635	634
186	187	636	635
187	188	637	636
188	189	638	637
189	190	639	638
190	191	640	639
191	192	641	640
192	193	642	641
193	194	643	642
194	195	644	643
195	196	645	644
196	197	646	645
197	198	647	646
198	199	648	647
199	200	649	648
200	201	650	649
201	202	651	650
202	203	652	651
203	204	653	652
204	205	654	653
205	206	655	654
206	207	656	655
207	208	657	656
208	209	658	657
209	210	659	658
210	211	660	659
211	212	661	660
212	213	662	661
213	214	663	662
214	215	664	663
215	216	665	664
216	217	666	665
217	218	667	666
218	219	668	667
219	220	669	668
220	221	670	669
221	222	671	670
222	223	672	671
223	224	673	672
224	225	674	673
225	226	675	674
226	227	676	675
227	228	677	676
228	229	678	677
229	230	679	678
230	231	680	679
231	232	681	680
232	233	682	681
233	234	683	682
234	235	684	683
235	236	685	684
236	237	686	685
237	238	687	686
238	239	688	687
239	240	689	688
240	241	690	689
241	242	691	690
242	243	692	691
243	244	693	692
244	245	694	693
245	246	695	694
246	247	696	695
247	248	697	696
248	249	698	697
249	250	699	698
250	251	700	699
251	252	701	700
252	253	702	701
253	254	703	702
254	255	704	703
255	256	705	704
256	257	706	705
257	258	707	706
258	259	708	707
259	260	709	708
260	261	710	709
261	262	711	710
262	263	712	711
263	264	713	712
264	265	714	713
265	266	715	714
266	267	716	715
267	268	717	716
268	269	718	717
269	270	719	718
270	271	720	719
271	272	721	720
272	273	722	721
273	274	723	722
274	275	724	723
275	276	725	724
276	277	726	725
277	278	727	726
278	279	728	727
279	280	729	728
280	281	730	729
281	282	731	730
282	283	732	731
283	284	733	732
284	285	734	733
285	286	735	734
286	287	736	735
287	288	737	736
288	289	738	737
289	290	739	738
290	291	740	739
291	292	741	740
292	293	742	741
293	294	743	742
294	295	744	743
295	296	745	744
296	297	746	745
297	298	747	746
298	299	748	747
299	300	749	748
300	301	750	749
301	302	751	750
302	303	752	751
303	304	753	752
304	305	754	753
305	306	755	754
306	307	756	755
307	308	757	756
308	309	758	757
309	310	759	758
310	311	760	759
311	312	761	760
312	313	762	761
313	314	763	762
314	315	764	763
315	316	765	764
316	317	766	765
317	318	767	766
318	319	768	767
319	320	769	768
320	321	770	769
321	322	771	770
322	323	772	771
323	324	773	772
324	325	774	773
325	326	775	774
326	327	776	775
327	328	777	776
328	329	778	777
329	330	779	778
330	331	780	779
331	332	781	780
332	333	782	781
333	334	783	782
334	335	784	783
335	336	785	784
336	337	786	785
337	338	787	786
338	339	788	787
339	340	789	788
340	341	790	789
341	342	791	790
342	343	792	791
343	344	793	792
344	345	794	793
345	346	795	794
346	347	796	795
347	348	797	796
348	349	798	797
349	350	799	798
350	351	800	799
351	352	801	800
352	353	802	801
353	354	803	802
354	355	804	803
355	356	805	804
356	357	806	805
357	358	807	806
358	359	808	807
359	360	809	808
360	361	810	809
361	362	811	810
362	363	812	811
363	364	813	812
364	365	814	813
365	366	815	814
366	367	816	815
367	368	817	816
368	369	818	817
369	370	819	818
370	371	820	819
371	372	821	820
372	373	822	821
373	374	823	822
374	375	824	823
375	376	825	824
376	377	826	825
377	378	827	826
378	379	828	827
379	380	829	828
380	381	830	829
381	382	831	830
382	383	832	831
383	384	833	832
384	385	834	833
385	386	835	834
386	387	836	835
387	388	837	836
388	389	838	837
389	390	839	838
390	391	840	839
391	392	841	840
392	393	842	841
393	394	843	842
394	395	844	843
395	396	845	844
396	397	846	845
397	398	847	846
398	399	848	847
399	400	849	848
400	401	850	849
401	402	851	850
402	403	852	851
403	404	853	852
404	405	854	853
405	406	855	854
406	407	856	855
407	408	857	856
408	409	858	857
409	410	859	858
410	411	860	859
411	412	861	860
412	413	862	861
413	414	863	862
414	415	864	863
415	416	865	864
416	417	866	865
417	418	867	866
418	419	868	867
419	420	869	868
420	421	870	869
421	422	871	870
422	423	872	871
423	424	873	872
424	425	874	873
425	426	875	874
426	427	876	875
427	428	877	876
428	429	878	877
429	430	879	878
430	431	880	879
431	432	881	880
432	433	882	881
433	434	883	882
434	435	884	883
435	436	885	884
436	437	886	885
437	438	887	886
438	439	888	887
439	440	889	888
440	441	890	889
441	442	891	890
442	443	892	891
443	444	893	892
444	445	894	893
445	446	895	894
446	447	896	895
447	448	897	896
448	449	898	897
449	900	899	898
900	1353	1352	899
1353	1808	1807	1352
1808	2265	2264	1807
2265	2724	2723	2264
2724	3185	3184	2723
450	451	902	901
451	452	903	902
452	453	904	903
453	454	905	904
454	455	906	905
455	456	907	906
456	457	908	907
457	458	909	908
458	459	910	909
459	460	911	910
460	461	912	911
461	462	913	912
462	463	914	913
463	464	915	914
464	465	916	915
465	466	917	916
466	467	918	917
467	468	919	918
468	469	920	919
469	470	921	920
470	471	922	921
471	472	923	922
472	473	924	923
473	474	925	924
474	475	926	925
475	476	927	926
476	477	928	927
477	478	929	928
478	479	930	929
479	480	931	930
480	481	932	931
481	482	933	932
482	483	934	933
483	484	935	934
484	485	936	935
485	486	937	936
486	487	938	937
487	488	939	938
488	489	940	939
489	490	941	940
490	491	942	941
491	492	943	942
492	493	944	943
493	494	945	944
494	495	946	945
495	496	947	946
496	497	948	947
497	498	949	948
498	499	950	949
499	500	951	950
500	501	952	951
501	502	953	952
502	503	954	953
503	504	955	954
504	505	956	955
505	506	957	956
506	507	958	957
507	508	959	958
508	509	960	959
509	510	961	960
510	511	962	961
511	512	963	962
512	513	964	963
513	514	965	964
514	515	966	965
515	516	967	966
516	517	968	967
517	518	969	968
518	519	970	969
519	520	971	970
520	521	972	971
521	522	973	972
522	523	974	973
523	524	975	974
524	525	976	975
525	526	977	976
526	527	978	977
527	528	979	978
528	529	980	979
529	530	981	980
530	531	982	981
531	532	983	982
532	533	984	983
533	534	985	984
534	535	986	985
535	536	987	986
536	537	988	987
537	538	989	988
538	539	990	989
539	540	991	990
540	541	992	991
541	542	993	992
542	543	994	993
543	544	995	994
544	545	996	995
545	546	997	996
546	547	998	997
547	548	999	998
548	549	1000	999
549	550	1001	1000
550	551	1002	1001
551	552	1003	1002
552	553	1004	1003
553	554	1005	1004
554	555	1006	1005
555	556	1007	1006
556	557	1008	1007
557	558	1009	1008
558	559	1010	1009
559	560	1011	1010
560	561	1012	1011
561	562	1013	1012
562	563	1014	1013
563	564	1015	1014
564	565	1016	1015
565	566	1017	1016
566	567	1018	1017
567	568	1019	1018
568	569	1020	1019
569	570	1021	1020
570	571	1022	1021
571	572	1023	1022
572	573	1024	1023
573	574	1025	1024
574	575	1026	1025
575	576	1027	1026
576	577	1028	1027
577	578	1029	1028
578	579	1030	1029
579	580	1031	1030
580	581	1032	1031
581	582	1033	1032
582	583	1034	1033
583	584	1035	1034
584	585	1036	1035
585	586	1037	1036
586	587	1038	1037
587	588	1039	1038
588	589	1040	1039
589	590	1041	1040
590	591	1042	1041
591	592	1043	1042
592	593	1044	1043
593	594	1045	1044
594	595	1046	1045
595	596	1047	1046
596	597	1048	1047
597	598	1049	1048
598	599	1050	1049
599	600	1051	1050
600	601	1052	1051
601	602	1053	1052
602	603	1054	1053
603	604	1055	1054
604	605	1056	1055
605	606	1057	1056
606	607	1058	1057
607	608	1059	1058
608	609	1060	1059
609	610	1061	1060
610	611	1062	1061
611	612	1063	1062
612	613	1064	1063
613	614	1065	1064
614	615	1066	1065
615	616	1067	1066
616	617	1068	1067
617	618	1069	1068
618	619	1070	1069
619	620	1071	1070
620	621	1072	1071
621	622	1073	1072
622	623	1074	1073
623	624	1075	1074
624	625	1076	1075
625	626	1077	1076
626	627	1078	1077
627	628	1079	1078
628	629	1080	1079
629	630	1081	1080
630	631	1082	1081
631	632	1083	1082
632	633	1084	1083
633	634	1085	1084
634	635	1086	1085
635	636	1087	1086
636	637	1088	1087
637	638	1089	1088
638	639	1090	1089
639	640	1091	1090
640	641	1092	1091
641	642	1093	1092
642	643	1094	1093
643	644	1095	1094
644	645	1096	1095
645	646	1097	1096
646	647	1098	1097
647	648	1099	1098
648	649	1100	1099
649	650	1101	1100
650	651	1102	1101
651	652	1103	1102
652	653	1104	1103
653	654	1105	1104
654	655	1106	1105
655	656	1107	1106
656	657	1108	1107
657	658	1109	1108
658	659	1110	1109
659	660	1111	1110
660	661	1112	1111
661	662	1113	1112
662	663	1114	1113
663	664	1115	1114
664	665	1116	1115
665	666	1117	1116
666	667	1118	1117
667	668	1119	1118
668	669	1120	1119
669	670	1121	1120
670	671	1122	1121
671	672	1123	1122
672	673	1124	1123
673	674	1125	1124
674	675	1126	1125
675	676	1127	1126
676	677	1128	1127
677	678	1129	1128
678	679	1130	1129
679	680	1131	1130
680	681	1132	1131
681	682	1133	1132
682	683	1134	1133
683	684	1135	1134
684	685	1136	1135
685	686	1137	1136
686	687	1138	1137
687	688	1139	1138
688	689	1140	1139
689	690	1141	1140
690	691	1142	1141
691	692	1143	1142
692	693	1144	1143
693	694	1145	1144
694	695	1146	1145
695	696	1147	1146
696	697	1148	1147
697	698	1149	1148
698	699	1150	1149
699	700	1151	1150
700	701	1152	1151
701	702	1153	1152
702	703	1154	1153
703	704	1155	1154
704	705	1156	1155
705	706	1157	1156
706	707	1158	1157
707	708	1159	1158
708	709	1160	1159
709	710	1161	1160
710	711	1162	1161
711	712	1163	1162
712	713	1164	1163
713	714	1165	1164
714	715	1166	1165
715	716	1167	1166
716	717	1168	1167
717	718	1169	1168
718	719	1170	1169
719	720	1171	1170
720	721	1172	1171
721	722	1173	1172
722	723	1174	1173
723	724	1175	1174
724	725	1176	1175
725	726	1177	1176
726	727	1178	1177
727	728	1179	1178
728	729	1180	1179
729	730	1181	1180
730	731	1182	1181
731	732	1183	1182
732	733	1184	1183
733	734	1185	1184
734	735	1186	1185
735	736	1187	1186
736	737	1188	1187
737	738	1189	1188
738	739	1190	1189
739	740	1191	1190
740	741	1192	1191
741	742	1193	1192
742	743	1194	1193
743	744	1195	1194
744	745	1196	1195
745	746	1197	1196
746	747	1198	1197
747	748	1199	1198
748	749	1200	1199
749	750	1201	1200
750	751	1202	1201
751	752	1203	1202
752	753	1204	1203
753	754	1205	1204
754	755	1206	1205
755	756	1207	1206
756	757	1208	1207
757	758	1209	1208
758	759	1210	1209
759	760	1211	1210
760	761	1212	1211
761	762	1213	1212
762	763	1214	1213
763	764	1215	1214
764	765	1216	1215
765	766	1217	1216
766	767	1218	1217
767	768	1219	1218
768	769	1220	1219
769	770	1221	1220
770	771	1222	1221
771	772	1223	1222
772	773	1224	1223
773	774	1225	1224
774	775	1226	1225
775	776	1227	1226
776	777	1228	1227
777	778	1229	1228
778	779	1230	1229
779	780	1231	1230
780	781	1232	1231
781	782	1233	1232
782	783	1234	1233
783	784	1235	1234
784	785	1236	1235
785	786	1237	1236
786	787	1238	1237
787	788	1239	1238
788	789	1240	1239
789	790	1241	1240
790	791	1242	1241
791	792	1243	1242
792	793	1244	1243
793	794	1245	1244
794	795	1246	1245
795	796	1247	1246
796	797	1248	1247
797	798	1249	1248
798	799	1250	1249
799	800	1251	1250
800	801	1252	1251
801	802	1253	1252
802	803	1254	1253
803	804	1255	1254
804	805	1256	1255
805	806	1257	1256
806	807	1258	1257
807	808	1259	1258
808	809	1260	1259
809	810	1261	1260
810	811	1262	1261
811	812	1263	1262
812	813	1264	1263
813	814	1265	1264
814	815	1266	1265
815	816	1267	1266
816	817	1268	1267
817	818	1269	1268
818	819	1270	1269
819	820	1271	1270
820	821	1272	1271
821	822	1273	1272
822	823	1274	1273
823	824	1275	1274
824	825	1276	1275
825	826	1277	1276
826	827	1278	1277
827	828	1279	1278
828	829	1280	1279
829	830	1281	1280
830	831	1282	1281
831	832	1283	1282
832	833	1284	1283
833	834	1285	1284
834	835	1286	1285
835	836	1287	1286
836	837	1288	1287
837	838	1289	1288
838	839	1290	1289
839	840	1291	1290
840	841	1292	1291
841	842	1293	1292
842	843	1294	1293
843	844	1295	1294
844	845	1296	1295
845	846	1297	1296
846	847	1298	1297
847	848	1299	1298
848	849	1300	1299
849	850	1301	1300
850	851	1302	1301
851	852	1303	1302
852	853	1304	1303
853	854	1305	1304
854	855	1306	1305
855	856	1307	1306
856	857	1308	1307
857	858	1309	1308
858	859	1310	1309
859	860	1311	1310
860	861	1312	1311
861	862	1313	1312
862	863	1314	1313
863	864	1315	1314
864	865	1316	1315
865	866	1317	1316
866	867	1318	1317
867	868	1319	1318
868	869	1320	1319
869	870	1321	1320
870	871	1322	1321
871	872	1323	1322
872	873	1324	1323
873	874	1325	1324
874	875	1326	1325
875	876	1327	1326
876	877	1328	1327
877	878	1329	1328
878	879	1330	1329
879	880	1331	1330
880	881	1332	1331
881	882	1333	1332
882	883	1334	1333
883	884	1335	1334
884	885	1336	1335
885	886	1337	1336
886	887	1338	1337
887	888	1339	1338
888	889	1340	1339
889	890	1341	1340
890	891	1342	1341
891	892	1343	1342
892	893	1344	1343
893	894	1345	1344
894	895	1346	1345
895	896	1347	1346
896	897	1348	1347
897	898	1349	1348
898	899	1350	1349
899	1352	1351	1350
1352	1807	1806	1351
1807	2264	2263	1806
2264	2723	2722	2263
2723	3184	3183	2722
901	902	1355	1354
902	903	1356	1355
903	904	1357	1356
904	905	1358	1357
905	906	1359	1358
906	907	1360	1359
907	908	1361	1360
908	909	1362	1361
909	910	1363	1362
910	911	1364	1363
911	912	1365	1364
912	913	1366	1365
913	914	1367	1366
914	915	1368	1367
915	916	1369	1368
916	917	1370	1369
917	918	1371	1370
918	919	1372	1371
919	920	1373	1372
920	921	1374	1373
921	922	1375	1374
922	923	1376	1375
923	924	1377	1376
924	925	1378	1377
925	926	1379	1378
926	927	1380	1379
927	928	1381	1380
928	929	1382	1381
929	930	1383	1382
930	931	1384	1383
931	932	1385	1384
932	933	1386	1385
933	934	1387	1386
934	935	1388	1387
935	936	1389	1388
936	937	1390	1389
937	938	1391	1390
938	939	1392	1391
939	940	1393	1392
940	941	1394	1393
941	942	1395	1394
942	943	1396	1395
943	944	1397	1396
944	945	1398	1397
945	946	1399	1398
946	947	1400	1399
947	948	1401	1400
948	949	1402	1401
949	950	1403	1402
950	951	1404	1403
951	952	1405	1404
952	953	1406	1405
953	954	1407	1406
954	955	1408	1407
955	956	1409	1408
956	957	1410	1409
957	958	1411	1410
958	959	1412	1411
959	960	1413	1412
960	961	1414	1413
961	962	1415	1414
962	963	1416	1415
963	964	1417	1416
964	965	1418	1417
965	966	1419	1418
966	967	1420	1419
967	968	1421	1420
968	969	1422	1421
969	970	1423	1422
970	971	1424	1423
971	972	1425	1424
972	973	1426	1425
973	974	1427	1426
974	975	1428	1427
975	976	1429	1428
976	977	1430	1429
977	978	1431	1430
978	979	1432	1431
979	980	1433	1432
980	981	1434	1433
981	982	1435	1434
982	983	1436	1435
983	984	1437	1436
984	985	1438	1437
985	986	1439	1438
986	987	1440	1439
987	988	1441	1440
988	989	1442	1441
989	990	1443	1442
990	991	1444	1443
991	992	1445	1444
992	993	1446	1445
993	994	1447	1446
994	995	1448	1447
995	996	1449	1448
996	997	1450	1449
997	998	1451	1450
998	999	1452	1451
999	1000	1453	1452
1000	1001	1454	1453
1001	1002	1455	1454
1002	1003	1456	1455
1003	1004	1457	1456
1004	1005	1458	1457
1005	1006	1459	1458
1006	1007	1460	1459
1007	1008	1461	1460
1008	1009	1462	1461
1009	1010	1463	1462
1010	1011	1464	1463
1011	1012	1465	1464
1012	1013	1466	1465
1013	1014	1467	1466
1014	1015	1468	1467
1015	1016	1469	1468
1016	1017	1470	1469
1017	1018	1471	1470
1018	1019	1472	1471
1019	1020	1473	1472
1020	1021	1474	1473
1021	1022	1475	1474
1022	1023	1476	1475
1023	1024	1477	1476
1024	1025	1478	1477
1025	1026	1479	1478
1026	1027	1480	1479
1027	1028	1481	1480
1028	1029	1482	1481
1029	1030	1483	1482
1030	1031	1484	1483
1031	1032	1485	1484
1032	1033	1486	1485
1033	1034	1487	1486
1034	1035	1488	1487
1035	1036	1489	1488
1036	1037	1490	1489
1037	1038	1491	1490
1038	1039	1492	1491
1039	1040	1493	1492
1040	1041	1494	1493
1041	1042	1495	1494
1042	1043	1496	1495
1043	1044	1497	1496
1044	1045	1498	1497
1045	1046	1499	1498
1046	1047	1500	1499
1047	1048	1501	1500
1048	1049	1502	1501
1049	1050	1503	1502
1050	1051	1504	1503
1051	1052	1505	1504
1052	1053	1506	1505
1053	1054	1507	1506
1054	1055	1508	1507
1055	1056	1509	1508
1056	1057	1510	1509
1057	1058	1511	1510
1058	1059	1512	1511
1059	1060	1513	1512
1060	1061	1514	1513
1061	1062	1515	1514
1062	1063	1516	1515
1063	1064	1517	1516
1064	1065	1518	1517
1065	1066	1519	1518
1066	1067	1520	1519
1067	1068	1521	1520
1068	1069	1522	1521
1069	1070	1523	1522
1070	1071	1524	1523
1071	1072	1525	1524
1072	1073	1526	1525
1073	1074	1527	1526
1074	1075	1528	1527
1075	1076	1529	1528
1076	1077	1530	1529
1077	1078	1531	1530
1078	1079	1532	1531
1079	1080	1533	1532
1080	1081	1534	1533
1081	1082	1535	1534
1082	1083	1536	1535
1083	1084	1537	1536
1084	1085	1538	1537
1085	1086	1539	1538
1086	1087	1540	1539
1087	1088	1541	1540
1088	1089	1542	1541
1089	1090	1543	1542
1090	1091	1544	1543
1091	1092	1545	1544
1092	1093	1546	1545
1093	1094	1547	1546
1094	1095	1548	1547
1095	1096	1549	1548
1096	1097	1550	1549
1097	1098	1551	1550
1098	1099	1552	1551
1099	1100	1553	1552
1100	1101	1554	1553
1101	1102	1555	1554
1102	1103	1556	1555
1103	1104	1557	1556
1104	1105	1558	1557
1105	1106	1559	1558
1106	1107	1560	1559
1107	1108	1561	1560
1108	1109	1562	1561
1109	1110	1563	1562
1110	1111	1564	1563
1111	1112	1565	1564
1112	1113	1566	1565
1113	1114	1567	1566
1114	1115	1568	1567
1115	1116	1569	1568
1116	1117	1570	1569
1117	1118	1571	1570
1118	1119	1572	1571
1119	1120	1573	1572
1120	1121	1574	1573
1121	1122	1575	1574
1122	1123	1576	1575
1123	1124	1577	1576
1124	1125	1578	1577
1125	1126	1579	1578
1126	1127	1580	1579
1127	1128	1581	1580
1128	1129	1582	1581
1129	1130	1583	1582
1130	1131	1584	1583
1131	1132	1585	1584
1132	1133	1586	1585
1133	1134	1587	1586
1134	1135	1588	1587
1135	1136	1589	1588
1136	1137	1590	1589
1137	1138	1591	1590
1138	1139	1592	1591
1139	1140	1593	1592
1140	1141	1594	1593
1141	1142	1595	1594
1142	1143	1596	1595
1143	1144	1597	1596
1144	1145	1598	1597
1145	1146	1599	1598
1146	1147	1600	1599
1147	1148	1601	1600
1148	1149	1602	1601
1149	1150	1603	1602
1150	1151	1604	1603
1151	1152	1605	1604
1152	1153	1606	1605
1153	1154	1607	1606
1154	1155	1608	1607
1155	1156	1609	1608
1156	1157	1610	1609
1157	1158	1611	1610
1158	1159	1612	1611
1159	1160	1613	1612
1160	1161	1614	1613
1161	1162	1615	1614
1162	1163	1616	1615
1163	1164	1617	1616
1164	1165	1618	1617
1165	1166	1619	1618
1166	1167	1620	1619
1167	1168	1621	1620
1168	1169	1622	1621
1169	1170	1623	1622
1170	1171	1624	1623
1171	1172	1625	1624
1172	1173	1626	1625
1173	1174	1627	1626
1174	1175	1628	1627
1175	1176	1629	1628
1176	1177	1630	1629
1177	1178	1631	1630
1178	1179	1632	1631
1179	1180	1633	1632
1180	1181	1634	1633
1181	1182	1635	1634
1182	1183	1636	1635
1183	1184	1637	1636
1184	1185	1638	1637
1185	1186	1639	1638
1186	1187	1640	1639
1187	1188	1641	1640
1188	1189	1642	1641
1189	1190	1643	1642
1190	1191	1644	1643
1191	1192	1645	1644
1192	1193	1646	1645
1193	1194	1647	1646
1194	1195	1648	1647
1195	1196	1649	1648
1196	1197	1650	1649
1197	1198	1651	1650
1198	1199	1652	1651
1199	1200	1653	1652
1200	1201	1654	1653
1201	1202	1655	1654
1202	1203	1656	1655
1203	1204	1657	1656
1204	1205	1658	1657
1205	1206	1659	1658
1206	1207	1660	1659
1207	1208	1661	1660
1208	1209	1662	1661
1209	1210	1663	1662
1210	1211	1664	1663
1211	1212	1665	1664
1212	1213	1666	1665
1213	1214	1667	1666
1214	1215	1668	1667
1215	1216	1669	1668
1216	1217	1670	1669
1217	1218	1671	1670
1218	1219	1672	1671
1219	1220	1673	1672
1220	1221	1674	1673
1221	1222	1675	1674
1222	1223	1676	1675
1223	1224	1677	1676
1224	1225	1678	1677
1225	1226	1679	1678
1226	1227	1680	1679
1227	1228	1681	1680
1228	1229	1682	1681
1229	1230	1683	1682
1230	1231	1684	1683
1231	1232	1685	1684
1232	1233	1686	1685
1233	1234	1687	1686
1234	1235	1688	1687
1235	1236	1689	1688
1236	1237	1690	1689
1237	1238	1691	1690
1238	1239	1692	1691
1239	1240	1693	1692
1240	1241	1694	1693
1241	1242	1695	1694
1242	1243	1696	1695
1243	1244	1697	1696
1244	1245	1698	1697
1245	1246	1699	1698
1246	1247	1700	1699
1247	1248	1701	1700
1248	1249	1702	1701
1249	1250	1703	1702
1250	1251	1704	1703
1251	1252	1705	1704
1252	1253	1706	1705
1253	1254	1707	1706
1254	1255	1708	1707
1255	1256	1709	1708
1256	1257	1710	1709
1257	1258	1711	1710
1258	1259	1712	1711
1259	1260	1713	1712
1260	1261	1714	1713
1261	1262	1715	1714
1262	1263	1716	1715
1263	1264	1717	1716
1264	1265	1718	1717
1265	1266	1719	1718
1266	1267	1720	1719
1267	1268	1721	1720
1268	1269	1722	1721
1269	1270	1723	1722
1270	1271	1724	1723
1271	1272	1725	1724
1272	1273	1726	1725
1273	1274	1727	1726
1274	1275	1728	1727
1275	1276	1729	1728
1276	1277	1730	1729
1277	1278	1731	1730
1278	1279	1732	1731
1279	1280	1733	1732
1280	1281	1734	1733
1281	1282	1735	1734
1282	1283	1736	1735
1283	1284	1737	1736
1284	1285	1738	1737
1285	1286	1739	1738
1286	1287	1740	1739
1287	1288	1741	1740
1288	1289	1742	1741
1289	1290	1743	1742
1290	1291	1744	1743
1291	1292	1745	1744
1292	1293	1746	1745
1293	1294	1747	1746
1294	1295	1748	1747
1295	1296	1749	1748
1296	1297	1750	1749
1297	1298	1751	1750
1298	1299	1752	1751
1299	1300	1753	1752
1300	1301	1754	1753
1301	1302	1755	1754
1302	1303	1756	1755
1303	1304	1757	1756
1304	1305	1758	1757
1305	1306	1759	1758
1306	1307	1760	1759
1307	1308	1761	1760
1308	1309	1762	1761
1309	1310	1763	1762
1310	1311	1764	1763
1311	1312	1765	1764
1312	1313	1766	1765
1313	1314	1767	1766
1314	1315	1768	1767
1315	1316	1769	1768
1316	1317	1770	1769
1317	1318	1771	1770
1318	1319	1772	1771
1319	1320	1773	1772
1320	1321	1774	1773
1321	1322	1775	1774
1322	1323	1776	1775
1323	1324	1777	1776
1324	1325	1778	1777
1325	1326	1779	1778
1326	1327	1780	1779
1327	1328	1781	1780
1328	1329	1782	1781
1329	1330	1783	1782
1330	1331	1784	1783
1331	1332	1785	1784
1332	1333	1786	1785
1333	1334	1787	1786
1334	1335	1788	1787
1335	1336	1789	1788
1336	1337	1790	1789
1337	1338	1791	1790
1338	1339	1792	1791
1339	1340	1793	1792
1340	1341	1794	1793
1341	1342	1795	1794
1342	1343	1796	1795
1343	1344	1797	1796
1344	1345	1798	1797
1345	1346	1799	1798
1346	1347	1800	1799
1347	1348	1801	1800
1348	1349	1802	1801
1349	1350	1803	1802
1350	1351	1804	1803
1351	1806	1805	1804
1806	2263	2262	1805
2263	2722	2721	2262
2722	3183	3182	2721
1354	1355	1810	1809
1355	1356	1811	1810
1356	1357	1812	1811
1357	1358	1813	1812
1358	1359	1814	1813
1359	1360	1815	1814
1360	1361	1816	1815
1361	1362	1817	1816
1362	1363	1818	1817
1363	1364	1819	1818
1364	1365	1820	1819
1365	1366	1821	1820
1366	1367	1822	1821
1367	1368	1823	1822
1368	1369	1824	1823
1369	1370	1825	1824
1370	1371	1826	1825
1371	1372	1827	1826
1372	1373	1828	1827
1373	1374	1829	1828
1374	1375	1830	1829
1375	1376	1831	1830
1376	1377	1832	1831
1377	1378	1833	1832
1378	1379	1834	1833
1379	1380	1835	1834
1380	1381	1836	1835
1381	1382	1837	1836
1382	1383	1838	1837
1383	1384	1839	1838
1384	1385	1840	1839
1385	1386	1841	1840
1386	1387	1842	1841
1387	1388	1843	1842
1388	1389	1844	1843
1389	1390	1845	1844
1390	1391	1846	1845
1391	1392	1847	1846
1392	1393	1848	1847
1393	1394	1849	1848
1394	1395	1850	1849
1395	1396	1851	1850
1396	1397	1852	1851
1397	1398	1853	1852
1398	1399	1854	1853
1399	1400	1855	1854
1400	1401	1856	1855
1401	1402	1857	1856
1402	1403	1858	1857
1403	1404	1859	1858
1404	1405	1860	1859
1405	1406	1861	1860
1406	1407	1862	1861
1407	1408	1863	1862
1408	1409	1864	1863
1409	1410	1865	1864
1410	1411	1866	1865
1411	1412	1867	1866
1412	1413	1868	1867
1413	1414	1869	1868
1414	1415	1870	1869
1415	1416	1871	1870
1416	1417	1872	1871
1417	1418	1873	1872
1418	1419	1874	1873
1419	1420	1875	1874
1420	1421	1876	1875
1421	1422	1877	1876
1422	1423	1878	1877
1423	1424	1879	1878
1424	1425	1880	1879
1425	1426	1881	1880
1426	1427	1882	1881
1427	1428	1883	1882
1428	1429	1884	1883
1429	1430	1885	1884
1430	1431	1886	1885
1431	1432	1887	1886
1432	1433	1888	1887
1433	1434	1889	1888
1434	1435	1890	1889
1435	1436	1891	1890
1436	1437	1892	1891
1437	1438	1893	1892
1438	1439	1894	1893
1439	1440	1895	1894
1440	1441	1896	1895
1441	1442	1897	1896
1442	1443	1898	1897
1443	1444	1899	1898
1444	1445	1900	1899
1445	1446	1901	1900
1446	1447	1902	1901
1447	1448	1903	1902
1448	1449	1904	1903
1449	1450	1905	1904
1450	1451	1906	1905
1451	1452	1907	1906
1452	1453	1908	1907
1453	1454	1909	1908
1454	1455	1910	1909
1455	1456	1911	1910
1456	1457	1912	1911
1457	1458	1913	1912
1458	1459	1914	1913
1459	1460	1915	1914
1460	1461	1916	1915
1461	1462	1917	1916
1462	1463	1918	1917
1463	1464	1919	1918
1464	1465	1920	1919
1465	1466	1921	1920
1466	1467	1922	1921
1467	1468	1923	1922
1468	1469	1924	1923
1469	1470	1925	1924
1470	1471	1926	1925
1471	1472	1927	1926
1472	1473	1928	1927
1473	1474	1929	1928
1474	1475	1930	1929
1475	1476	1931	1930
1476	1477	1932	1931
1477	1478	1933	1932
1478	1479	1934	1933
1479	1480	1935	1934
1480	1481	1936	1935
1481	1482	1937	1936
1482	1483	1938	1937
1483	1484	1939	1938
1484	1485	1940	1939
1485	1486	1941	1940
1486	1487	1942	1941
1487	1488	1943	1942
1488	1489	1944	1943
1489	1490	1945	1944
1490	1491	1946	1945
1491	1492	1947	1946
1492	1493	1948	1947
1493	1494	1949	1948
1494	1495	1950	1949
1495	1496	1951	1950
1496	1497	1952	1951
1497	1498	1953	1952
1498	1499	1954	1953
1499	1500	1955	1954
1500	1501	1956	1955
1501	1502	1957	1956
1502	1503	1958	1957
1503	1504	1959	1958
1504	1505	1960	1959
1505	1506	1961	1960
1506	1507	1962	1961
1507	1508	1963	1962
1508	1509	1964	1963
1509	1510	1965	1964
1510	1511	1966	1965
1511	1512	1967	1966
1512	1513	1968	1967
1513	1514	1969	1968
1514	1515	1970	1969
1515	1516	1971	1970
1516	1517	1972	1971
1517	1518	1973	1972
1518	1519	1974	1973
1519	1520	1975	1974
1520	1521	1976	1975
1521	1522	1977	1976
1522	1523	1978	1977
1523	1524	1979	1978
1524	1525	1980	1979
1525	1526	1981	1980
1526	1527	1982	1981
1527	1528	1983	1982
1528	1529	1984	1983
1529	1530	1985	1984
1530	1531	1986	1985
1531	1532	1987	1986
1532	1533	1988	1987
1533	1534	1989	1988
1534	1535	1990	1989
1535	1536	1991	1990
1536	1537	1992	1991
1537	1538	1993	1992
1538	1539	1994	1993
1539	1540	1995	1994
1540	1541	1996	1995
1541	1542	1997	1996
1542	1543	1998	1997
1543	1544	1999	1998
1544	1545	2000	1999
1545	1546	2001	2000
1546	1547	2002	2001
1547	1548	2003	2002
1548	1549	2004	2003
1549	1550	2005	2004
1550	1551	2006	2005
1551	1552	2007	2006
1552	1553	2008	2007
1553	1554	2009	2008
1554	1555	2010	2009
1555	1556	2011	2010
1556	1557	2012	2011
1557	1558	2013	2012
1558	1559	2014	2013
1559	1560	2015	2014
1560	1561	2016	2015
1561	1562	2017	2016
1562	1563	2018	2017
1563	1564	2019	2018
1564	1565	2020	2019
1565	1566	2021	2020
1566	1567	2022	2021
1567	1568	2023	2022
1568	1569	2024	2023
1569	1570	2025	2024
1570	1571	2026	2025
1571	1572	2027	2026
1572	1573	2028	2027
1573	1574	2029	2028
1574	1575	2030	2029
1575	1576	2031	2030
1576	1577	2032	2031
1577	1578	2033	2032
1578	1579	2034	2033
1579	1580	2035	2034
1580	1581	2036	2035
1581	1582	2037	2036
1582	1583	2038	2037
1583	1584	2039	2038
1584	1585	2040	2039
1585	1586	2041	2040
1586	1587	2042	2041
1587	1588	2043	2042
1588	1589	2044	2043
1589	1590	2045	2044
1590	1591	2046	2045
1591	1592	2047	2046
1592	1593	2048	2047
1593	1594	2049	2048
1594	1595	2050	2049
1595	1596	2051	2050
1596	1597	2052	2051
1597	1598	2053	2052
1598	1599	2054	2053
1599	1600	2055	2054
1600	1601	2056	2055
1601	1602	2057	2056
1602	1603	2058	2057
1603	1604	2059	2058
1604	1605	2060	2059
1605	1606	2061	2060
1606	1607	2062	2061
1607	1608	2063	2062
1608	1609	2064	2063
1609	1610	2065	2064
1610	1611	2066	2065
1611	1612	2067	2066
1612	1613	2068	2067
1613	1614	2069	2068
1614	1615	2070	2069
1615	1616	2071	2070
1616	1617	2072	2071
1617	1618	2073	2072
1618	1619	2074	2073
1619	1620	2075	2074
1620	1621	2076	2075
1621	1622	2077	2076
1622	1623	2078	2077
1623	1624	2079	2078
1624	1625	2080	2079
1625	1626	2081	2080
1626	1627	2082	2081
1627	1628	2083	2082
1628	1629	2084	2083
1629	1630	2085	2084
1630	1631	2086	2085
1631	1632	2087	2086
1632	1633	2088	2087
1633	1634	2089	2088
1634	1635	2090	2089
1635	1636	2091	2090
1636	1637	2092	2091
1637	1638	2093	2092
1638	1639	2094	2093
1639	1640	2095	2094
1640	1641	2096	2095
1641	1642	2097	2096
1642	1643	2098	2097
1643	1644	2099	2098
1644	1645	2100	2099
1645	1646	2101	2100
1646	1647	2102	2101
1647	1648	2103	2102
1648	1649	2104	2103
1649	1650	2105	2104
1650	1651	2106	2105
1651	1652	2107	2106
1652	1653	2108	2107
1653	1654	2109	2108
1654	1655	2110	2109
1655	1656	2111	2110
1656	1657	2112	2111
1657	1658	2113	2112
1658	1659	2114	2113
1659	1660	2115	2114
1660	1661	2116	2115
1661	1662	2117	2116
1662	1663	2118	2117
1663	1664	2119	2118
1664	1665	2120	2119
1665	1666	2121	2120
1666	1667	2122	2121
1667	1668	2123	2122
1668	1669	2124	2123
1669	1670	2125	2124
1670	1671	2126	2125
1671	1672	2127	2126
1672	1673	2128	2127
1673	1674	2129	2128
1674	1675	2130	2129
1675	1676	2131	2130
1676	1677	2132	2131
1677	1678	2133	2132
1678	1679	2134	2133
1679	1680	2135	2134
1680	1681	2136	2135
1681	1682	2137	2136
1682	1683	2138	2137
1683	1684	2139	2138
1684	1685	2140	2139
1685	1686	2141	2140
1686	1687	2142	2141
1687	1688	2143	2142
1688	1689	2144	2143
1689	1690	2145	2144
1690	1691	2146	2145
1691	1692	2147	2146
1692	1693	2148	2147
1693	1694	2149	2148
1694	1695	2150	2149
1695	1696	2151	2150
1696	1697	2152	2151
1697	1698	2153	2152
1698	1699	2154	2153
1699	1700	2155	2154
1700	1701	2156	2155
1701	1702	2157	2156
1702	1703	2158	2157
1703	1704	2159	2158
1704	1705	2160	2159
1705	1706	2161	2160
1706	1707	2162	2161
1707	1708	2163	2162
1708	1709	2164	2163
1709	1710	2165	2164
1710	1711	2166	2165
1711	1712	2167	2166
1712	1713	2168	2167
1713	1714	2169	2168
1714	1715	2170	2169
1715	1716	2171	2170
1716	1717	2172	2171
1717	1718	2173	2172
1718	1719	2174	2173
1719	1720	2175	2174
1720	1721	2176	2175
1721	1722	2177	2176
1722	1723	2178	2177
1723	1724	2179	2178
1724	1725	2180	2179
1725	1726	2181	2180
1726	1727	2182	2181
1727	1728	2183	2182
1728	1729	2184	2183
1729	1730	2185	2184
1730	1731	2186	2185
1731	1732	2187	2186
1732	1733	2188	2187
1733	1734	2189	2188
1734	1735	2190	2189
1735	1736	2191	2190
1736	1737	2192	2191
1737	1738	2193	2192
1738	1739	2194	2193
1739	1740	2195	2194
1740	1741	2196	2195
1741	1742	2197	2196
1742	1743	2198	2197
1743	1744	2199	2198
1744	1745	2200	2199
1745	1746	2201	2200
1746	1747	2202	2201
1747	1748	2203	2202
1748	1749	2204	2203
1749	1750	2205	2204
1750	1751	2206	2205
1751	1752	2207	2206
1752	1753	2208	2207
1753	1754	2209	2208
1754	1755	2210	2209
1755	1756	2211	2210
1756	1757	2212	2211
1757	1758	2213	2212
1758	1759	2214	2213
1759	1760	2215	2214
1760	1761	2216	2215
1761	1762	2217	2216
1762	1763	2218	2217
1763	1764	2219	2218
1764	1765	2220	2219
1765	1766	2221	2220
1766	1767	2222	2221
1767	1768	2223	2222
1768	1769	2224	2223
1769	1770	2225	2224
1770	1771	2226	2225
1771	1772	2227	2226
1772	1773	2228	2227
1773	1774	2229	2228
1774	1775	2230	2229
1775	1776	2231	2230
1776	1777	2232	2231
1777	1778	2233	2232
1778	1779	2234	2233
1779	1780	2235	2234
1780	1781	2236	2235
1781	1782	2237	2236
1782	1783	2238	2237
1783	1784	2239	2238
1784	1785	2240	2239
1785	1786	2241	2240
1786	1787	2242	2241
1787	1788	2243	2242
1788	1789	2244	2243
1789	1790	2245	2244
1790	1791	2246	2245
1791	1792	2247	2246
1792	1793	2248	2247
1793	1794	2249	2248
1794	1795	2250	2249
1795	1796	2251	2250
1796	1797	2252	2251
1797	1798	2253	2252
1798	1799	2254	2253
1799	1800	2255	2254
1800	1801	2256	2255
1801	1802	2257	2256
1802	1803	2258	2257
1803	1804	2259	2258
1804	1805	2260	2259
1805	2262	2261	2260
2262	2721	2720	2261
2721	3182	3181	2720
1809	1810	2267	2266
1810	1811	2268	2267
1811	1812	2269	2268
1812	1813	2270	2269
1813	1814	2271	2270
1814	1815	2272	2271
1815	1816	2273	2272
1816	1817	2274	2273
1817	1818	2275	2274
1818	1819	2276	2275
1819	1820	2277	2276
1820	1821	2278	2277
1821	1822	2279	2278
1822	1823	2280	2279
1823	1824	2281	2280
1824	1825	2282	2281
1825	1826	2283	2282
1826	1827	2284	2283
1827	1828	2285	2284
1828	1829	2286	2285
1829	1830	2287	2286
1830	1831	2288	2287
1831	1832	2289	2288
1832	1833	2290	2289
1833	1834	2291	2290
1834	1835	2292	2291
1835	1836	2293	2292
1836	1837	2294	2293
1837	1838	2295	2294
1838	1839	2296	2295
1839	1840	2297	2296
1840	1841	2298	2297
1841	1842	2299	2298
1842	1843	2300	2299
1843	1844	2301	2300
1844	1845	2302	2301
1845	1846	2303	2302
1846	1847	2304	2303
1847	1848	2305	2304
1848	1849	2306	2305
1849	1850	2307	2306
1850	1851	2308	2307
1851	1852	2309	2308
1852	1853	2310	2309
1853	1854	2311	2310
1854	1855	2312	2311
1855	1856	2313	2312
1856	1857	2314	2313
1857	1858	2315	2314
1858	1859	2316	2315
1859	1860	2317	2316
1860	1861	2318	2317
1861	1862	2319	2318
1862	1863	2320	2319
1863	1864	2321	2320
1864	1865	2322	2321
1865	1866	2323	2322
1866	1867	2324	2323
1867	1868	2325	2324
1868	1869	2326	2325
1869	1870	2327	2326
1870	1871	2328	2327
1871	1872	2329	2328
1872	1873	2330	2329
1873	1874	2331	2330
1874	1875	2332	2331
1875	1876	2333	2332
1876	1877	2334	2333
1877	1878	2335	2334
1878	1879	2336	2335
1879	1880	2337	2336
1880	1881	2338	2337
1881	1882	2339	2338
1882	1883	2340	2339
1883	1884	2341	2340
1884	1885	2342	2341
1885	1886	2343	2342
1886	1887	2344	2343
1887	1888	2345	2344
1888	1889	2346	2345
1889	1890	2347	2346
1890	1891	2348	2347
1891	1892	2349	2348
1892	1893	2350	2349
1893	1894	2351	2350
1894	1895	2352	2351
1895	1896	2353	2352
1896	1897	2354	2353
1897	1898	2355	2354
1898	1899	2356	2355
1899	1900	2357	2356
1900	1901	2358	2357
1901	1902	2359	2358
1902	1903	2360	2359
1903	1904	2361	2360
1904	1905	2362	2361
1905	1906	2363	2362
1906	1907	2364	2363
1907	1908	2365	2364
1908	1909	2366	2365
1909	1910	2367	2366
1910	1911	2368	2367
1911	1912	2369	2368
1912	1913	2370	2369
1913	1914	2371	2370
1914	1915	2372	2371
1915	1916	2373	2372
1916	1917	2374	2373
1917	1918	2375	2374
1918	1919	2376	2375
1919	1920	2377	2376
1920	1921	2378	2377
1921	1922	2379	2378
1922	1923	2380	2379
1923	1924	2381	2380
1924	1925	2382	2381
1925	1926	2383	2382
1926	1927	2384	2383
1927	1928	2385	2384
1928	1929	2386	2385
1929	1930	2387	2386
1930	1931	2388	2387
1931	1932	2389	2388
1932	1933	2390	2389
1933	1934	2391	2390
1934	1935	2392	2391
1935	1936	2393	2392
1936	1937	2394	2393
1937	1938	2395	2394
1938	1939	2396	2395
1939	1940	2397	2396
1940	1941	2398	2397
1941	1942	2399	2398
1942	1943	2400	2399
1943	1944	2401	2400
1944	1945	2402	2401
1945	1946	2403	2402
1946	1947	2404	2403
1947	1948	2405	2404
1948	1949	2406	2405
1949	1950	2407	2406
1950	1951	2408	2407
1951	1952	2409	2408
1952	1953	2410	2409
1953	1954	2411	2410
1954	1955	2412	2411
1955	1956	2413	2412
1956	1957	2414	2413
1957	1958	2415	2414
1958	1959	2416	2415
1959	1960	2417	2416
1960	1961	2418	2417
1961	1962	2419	2418
1962	1963	2420	2419
1963	1964	2421	2420
1964	1965	2422	2421
1965	1966	2423	2422
1966	1967	2424	2423
1967	1968	2425	2424
1968	1969	2426	2425
1969	1970	2427	2426
1970	1971	2428	2427
1971	1972	2429	2428
1972	1973	2430	2429
1973	1974	2431	2430
1974	1975	2432	2431
1975	1976	2433	2432
1976	1977	2434	2433
1977	1978	2435	2434
1978	1979	2436	2435
1979	1980	2437	2436
1980	1981	2438	2437
1981	1982	2439	2438
1982	1983	2440	2439
1983	1984	2441	2440
1984	1985	2442	2441
1985	1986	2443	2442
1986	1987	2444	2443
1987	1988	2445	2444
1988	1989	2446	2445
1989	1990	2447	2446
1990	1991	2448	2447
1991	1992	2449	2448
1992	1993	2450	2449
1993	1994	2451	2450
1994	1995	2452	2451
1995	1996	2453	2452
1996	1997	2454	2453
1997	1998	2455	2454
1998	1999	2456	2455
1999	2000	2457	2456
2000	2001	2458	2457
2001	2002	2459	2458
2002	2003	2460	2459
2003	2004	2461	2460
2004	2005	2462	2461
2005	2006	2463	2462
2006	2007	2464	2463
2007	2008	2465	2464
2008	2009	2466	2465
2009	2010	2467	2466
2010	2011	2468	2467
2011	2012	2469	2468
2012	2013	2470	2469
2013	2014	2471	2470
2014	2015	2472	2471
2015	2016	2473	2472
2016	2017	2474	2473
2017	2018	2475	2474
2018	2019	2476	2475
2019	2020	2477	2476
2020	2021	2478	2477
2021	2022	2479	2478
2022	2023	2480	2479
2023	2024	2481	2480
2024	2025	2482	2481
2025	2026	2483	2482
2026	2027	2484	2483
2027	2028	2485	2484
2028	2029	2486	2485
2029	2030	2487	2486
2030	2031	2488	2487
2031	2032	2489	2488
2032	2033	2490	2489
2033	2034	2491	2490
2034	2035	2492	2491
2035	2036	2493	2492
2036	2037	2494	2493
2037	2038	2495	2494
2038	2039	2496	2495
2039	2040	2497	2496
2040	2041	2498	2497
2041	2042	2499	2498
2042	2043	2500	2499
2043	2044	2501	2500
2044	2045	2502	2501
2045	2046	2503	2502
2046	2047	2504	2503
2047	2048	2505	2504
2048	2049	2506	2505
2049	2050	2507	2506
2050	2051	2508	2507
2051	2052	2509	2508
2052	2053	2510	2509
2053	2054	2511	2510
2054	2055	2512	2511
2055	2056	2513	2512
2056	2057	2514	2513
2057	2058	2515	2514
2058	2059	2516	2515
2059	2060	2517	2516
2060	2061	2518	2517
2061	2062	2519	2518
2062	2063	2520	2519
2063	2064	2521	2520
2064	2065	2522	2521
2065	2066	2523	2522
2066	2067	2524	2523
2067	2068	2525	2524
2068	2069	2526	2525
2069	2070	2527	2526
2070	2071	2528	2527
2071	2072	2529	2528
2072	2073	2530	2529
2073	2074	2531	2530
2074	2075	2532	2531
2075	2076	2533	2532
2076	2077	2534	2533
2077	2078	2535	2534
2078	2079	2536	2535
2079	2080	2537	2536
2080	2081	2538	2537
2081	2082	2539	2538
2082	2083	2540	2539
2083	2084	2541	2540
2084	2085	2542	2541
2085	2086	2543	2542
2086	2087	2544	2543
2087	2088	2545	2544
2088	2089	2546	2545
2089	2090	2547	2546
2090	2091	2548	2547
2091	2092	2549	2548
2092	2093	2550	2549
2093	2094	2551	2550
2094	2095	2552	2551
2095	2096	2553	2552
2096	2097	2554	2553
2097	2098	2555	2554
2098	2099	2556	2555
2099	2100	2557	2556
2100	2101	2558	2557
2101	2102	2559	2558
2102	2103	2560	2559
2103	2104	2561	2560
2104	2105	2562	2561
2105	2106	2563	2562
2106	2107	2564	2563
2107	2108	2565	2564
2108	2109	2566	2565
2109	2110	2567	2566
2110	2111	2568	2567
2111	2112	2569	2568
2112	2113	2570	2569
2113	2114	2571	2570
2114	2115	2572	2571
2115	2116	2573	2572
2116	2117	2574	2573
2117	2118	2575	2574
2118	2119	2576	2575
2119	2120	2577	2576
2120	2121	2578	2577
2121	2122	2579	2578
2122	2123	2580	2579
2123	2124	2581	2580
2124	2125	2582	2581
2125	2126	2583	2582
2126	2127	2584	2583
2127	2128	2585	2584
2128	2129	2586	2585
2129	2130	2587	2586
2130	2131	2588	2587
2131	2132	2589	2588
2132	2133	2590	2589
2133	2134	2591	2590
2134	2135	2592	2591
2135	2136	2593	2592
2136	2137	2594	2593
2137	2138	2595	2594
2138	2139	2596	2595
2139	2140	2597	2596
2140	2141	2598	2597
2141	2142	2599	2598
2142	2143	2600	2599
2143	2144	2601	2600
2144	2145	2602	2601
2145	2146	2603	2602
2146	2147	2604	2603
2147	2148	2605	2604
2148	2149	2606	2605
2149	2150	2607	2606
2150	2151	2608	2607
2151	2152	2609	2608
2152	2153	2610	2609
2153	2154	2611	2610
2154	2155	2612	2611
2155	2156	2613	2612
2156	2157	2614	2613
2157	2158	2615	2614
2158	2159	2616	2615
2159	2160	2617	2616
2160	2161	2618	2617
2161	2162	2619	2618
2162	2163	2620	2619
2163	2164	2621	2620
2164	2165	2622	2621
2165	2166	2623	2622
2166	2167	2624	2623
2167	2168	2625	2624
2168	2169	2626	2625
2169	2170	2627	2626
2170	2171	2628	2627
2171	2172	2629	2628
2172	2173	2630	2629
2173	2174	2631	2630
2174	2175	2632	2631
2175	2176	2633	2632
2176	2177	2634	2633
2177	2178	2635	2634
2178	2179	2636	2635
2179	2180	2637	2636
2180	2181	2638	2637
2181	2182	2639	2638
2182	2183	2640	2639
2183	2184	2641	2640
2184	2185	2642	2641
2185	2186	2643	2642
2186	2187	2644	2643
2187	2188	2645	2644
2188	2189	2646	2645
2189	2190	2647	2646
2190	2191	2648	2647
2191	2192	2649	2648
2192	2193	2650	2649
2193	2194	2651	2650
2194	2195	2652	2651
2195	2196	2653	2652
2196	2197	2654	2653
2197	2198	2655	2654
2198	2199	2656	2655
2199	2200	2657	2656
2200	2201	2658	2657
2201	2202	2659	2658
2202	2203	2660	2659
2203	2204	2661	2660
2204	2205	2662	2661
2205	2206	2663	2662
2206	2207	2664	2663
2207	2208	2665	2664
2208	2209	2666	2665
2209	2210	2667	2666
2210	2211	2668	2667
2211	2212	2669	2668
2212	2213	2670	2669
2213	2214	2671	2670
2214	2215	2672	2671
2215	2216	2673	2672
2216	2217	2674	2673
2217	2218	2675	2674
2218	2219	2676	2675
2219	2220	2677	2676
2220	2221	2678	2677
2221	2222	2679	2678
2222	2223	2680	2679
2223	2224	2681	2680
2224	2225	2682	2681
2225	2226	2683	2682
2226	2227	2684	2683
2227	2228	2685	2684
2228	2229	2686	2685
2229	2230	2687	2686
2230	2231	2688	2687
2231	2232	2689	2688
2232	2233	2690	2689
2233	2234	2691	2690
2234	2235	2692	2691
2235	2236	2693	2692
2236	2237	2694	2693
2237	2238	2695	2694
2238	2239	2696	2695
2239	2240	2697	2696
2240	2241	2698	2697
2241	2242	2699	2698
2242	2243	2700	2699
2243	2244	2701	2700
2244	2245	2702	2701
2245	2246	2703	2702
2246	2247	2704	2703
2247	2248	2705	2704
2248	2249	2706	2705
2249	2250	2707	2706
2250	2251	2708	2707
2251	2252	2709	2708
2252	2253	2710	2709
2253	2254	2711	2710
2254	2255	2712	2711
2255	2256	2713	2712
2256	2257	2714	2713
2257	2258	2715	2714
2258	2259	2716	2715
2259	2260	2717	2716
2260	2261	2718	2717
2261	2720	2719	2718
2720	3181	3180	2719
2266	2267	2726	2725
2267	2268	2727	2726
2268	2269	2728	2727
2269	2270	2729	2728
2270	2271	2730	2729
2271	2272	2731	2730
2272	2273	2732	2731
2273	2274	2733	2732
2274	2275	2734	2733
2275	2276	2735	2734
2276	2277	2736	2735
2277	2278	2737	2736
2278	2279	2738	2737
2279	2280	2739	2738
2280	2281	2740	2739
2281	2282	2741	2740
2282	2283	2742	2741
2283	2284	2743	2742
2284	2285	2744	2743
2285	2286	2745	2744
2286	2287	2746	2745
2287	2288	2747	2746
2288	2289	2748	2747
2289	2290	2749	2748
2290	2291	2750	2749
2291	2292	2751	2750
2292	2293	2752	2751
2293	2294	2753	2752
2294	2295	2754	2753
2295	2296	2755	2754
2296	2297	2756	2755
2297	2298	2757	2756
2298	2299	2758	2757
2299	2300	2759	2758
2300	2301	2760	2759
2301	2302	2761	2760
2302	2303	2762	2761
2303	2304	2763	2762
2304	2305	2764	2763
2305	2306	2765	2764
2306	2307	2766	2765
2307	2308	2767	2766
2308	2309	2768	2767
2309	2310	2769	2768
2310	2311	2770	2769
2311	2312	2771	2770
2312	2313	2772	2771
2313	2314	2773	2772
2314	2315	2774	2773
2315	2316	2775	2774
2316	2317	2776	2775
2317	2318	2777	2776
2318	2319	2778	2777
2319	2320	2779	2778
2320	2321	2780	2779
2321	2322	2781	2780
2322	2323	2782	2781
2323	2324	2783	2782
2324	2325	2784	2783
2325	2326	2785	2784
2326	2327	2786	2785
2327	2328	2787	2786
2328	2329	2788	2787
2329	2330	2789	2788
2330	2331	2790	2789
2331	2332	2791	2790
2332	2333	2792	2791
2333	2334	2793	2792
2334	2335	2794	2793
2335	2336	2795	2794
2336	2337	2796	2795
2337	2338	2797	2796
2338	2339	2798	2797
2339	2340	2799	2798
2340	2341	2800	2799
2341	2342	2801	2800
2342	2343	2802	2801
2343	2344	2803	2802
2344	2345	2804	2803
2345	2346	2805	2804
2346	2347	2806	2805
2347	2348	2807	2806
2348	2349	2808	2807
2349	2350	2809	2808
2350	2351	2810	2809
2351	2352	2811	2810
2352	2353	2812	2811
2353	2354	2813	2812
2354	2355	2814	2813
2355	2356	2815	2814
2356	2357	2816	2815
2357	2358	2817	2816
2358	2359	2818	2817
2359	2360	2819	2818
2360	2361	2820	2819
2361	2362	2821	2820
2362	2363	2822	2821
2363	2364	2823	2822
2364	2365	2824	2823
2365	2366	2825	2824
2366	2367	2826	2825
2367	2368	2827	2826
2368	2369	2828	2827
2369	2370	2829	2828
2370	2371	2830	2829
2371	2372	2831	2830
2372	2373	2832	2831
2373	2374	2833	2832
2374	2375	2834	2833
2375	2376	2835	2834
2376	2377	2836	2835
2377	2378	2837	2836
2378	2379	2838	2837
2379	2380	2839	2838
2380	2381	2840	2839
2381	2382	2841	2840
2382	2383	2842	2841
2383	2384	2843	2842
2384	2385	2844	2843
2385	2386	2845	2844
2386	2387	2846	2845
2387	2388	2847	2846
2388	2389	2848	2847
2389	2390	2849	2848
2390	2391	2850	2849
2391	2392	2851	2850
2392	2393	2852	2851
2393	2394	2853	2852
2394	2395	2854	2853
2395	2396	2855	2854
2396	2397	2856	2855
2397	2398	2857	2856
2398	2399	2858	2857
2399	2400	2859	2858
2400	2401	2860	2859
2401	2402	2861	2860
2402	2403	2862	2861
2403	2404	2863	2862
2404	2405	2864	2863
2405	2406	2865	2864
2406	2407	2866	2865
2407	2408	2867	2866
2408	2409	2868	2867
2409	2410	2869	2868
2410	2411	2870	2869
2411	2412	2871	2870
2412	2413	2872	2871
2413	2414	2873	2872
2414	2415	2874	2873
2415	2416	2875	2874
2416	2417	2876	2875
2417	2418	2877	2876
2418	2419	2878	2877
2419	2420	2879	2878
2420	2421	2880	2879
2421	2422	2881	2880
2422	2423	2882	2881
2423	2424	2883	2882
2424	2425	2884	2883
2425	2426	2885	2884
2426	2427	2886	2885
2427	2428	2887	2886
2428	2429	2888	2887
2429	2430	2889	2888
2430	2431	2890	2889
2431	2432	2891	2890
2432	2433	2892	2891
2433	2434	2893	2892
2434	2435	2894	2893
2435	2436	2895	2894
2436	2437	2896	2895
2437	2438	2897	2896
2438	2439	2898	2897
2439	2440	2899	2898
2440	2441	2900	2899
2441	2442	2901	2900
2442	2443	2902	2901
2443	2444	2903	2902
2444	2445	2904	2903
2445	2446	2905	2904
2446	2447	2906	2905
2447	2448	2907	2906
2448	2449	2908	2907
2449	2450	2909	2908
2450	2451	2910	2909
2451	2452	2911	2910
2452	2453	2912	2911
2453	2454	2913	2912
2454	2455	2914	2913
2455	2456	2915	2914
2456	2457	2916	2915
2457	2458	2917	2916
2458	2459	2918	2917
2459	2460	2919	2918
2460	2461	2920	2919
2461	2462	2921	2920
2462	2463	2922	2921
2463	2464	2923	2922
2464	2465	2924	2923
2465	2466	2925	2924
2466	2467	2926	2925
2467	2468	2927	2926
2468	2469	2928	2927
2469	2470	2929	2928
2470	2471	2930	2929
2471	2472	2931	2930
2472	2473	2932	2931
2473	2474	2933	2932
2474	2475	2934	2933
2475	2476	2935	2934
2476	2477	2936	2935
2477	2478	2937	2936
2478	2479	2938	2937
2479	2480	2939	2938
2480	2481	2940	2939
2481	2482	2941	2940
2482	2483	2942	2941
2483	2484	2943	2942
2484	2485	2944	2943
2485	2486	2945	2944
2486	2487	2946	2945
2487	2488	2947	2946
2488	2489	2948	2947
2489	2490	2949	2948
2490	2491	2950	2949
2491	2492	2951	2950
2492	2493	2952	2951
2493	2494	2953	2952
2494	2495	2954	2953
2495	2496	2955	2954
2496	2497	2956	2955
2497	2498	2957	2956
2498	2499	2958	2957
2499	2500	2959	2958
2500	2501	2960	2959
2501	2502	2961	2960
2502	2503	2962	2961
2503	2504	2963	2962
2504	2505	2964	2963
2505	2506	2965	2964
2506	2507	2966	2965
2507	2508	2967	2966
2508	2509	2968	2967
2509	2510	2969	2968
2510	2511	2970	2969
2511	2512	2971	2970
2512	2513	2972	2971
2513	2514	2973	2972
2514	2515	2974	2973
2515	2516	2975	2974
2516	2517	2976	2975
2517	2518	2977	2976
2518	2519	2978	2977
2519	2520	2979	2978
2520	2521	2980	2979
2521	2522	2981	2980
2522	2523	2982	2981
2523	2524	2983	2982
2524	2525	2984	2983
2525	2526	2985	2984
2526	2527	2986	2985
2527	2528	2987	2986
2528	2529	2988	2987
2529	2530	2989	2988
2530	2531	2990	2989
2531	2532	2991	2990
2532	2533	2992	2991
2533	2534	2993	2992
2534	2535	2994	2993
2535	2536	2995	2994
2536	2537	2996	2995
2537	2538	2997	2996
2538	2539	2998	2997
2539	2540	2999	2998
2540	2541	3000	2999
2541	2542	3001	3000
2542	2543	3002	3001
2543	2544	3003	3002
2544	2545	3004	3003
2545	2546	3005	3004
2546	2547	3006	3005
2547	2548	3007	3006
2548	2549	3008	3007
2549	2550	3009	3008
2550	2551	3010	3009
2551	2552	3011	3010
2552	2553	3012	3011
2553	2554	3013	3012
2554	2555	3014	3013
2555	2556	3015	3014
2556	2557	3016	3015
2557	2558	3017	3016
2558	2559	3018	3017
2559	2560	3019	3018
2560	2561	3020	3019
2561	2562	3021	3020
2562	2563	3022	3021
2563	2564	3023	3022
2564	2565	3024	3023
2565	2566	3025	3024
2566	2567	3026	3025
2567	2568	3027	3026
2568	2569	3028	3027
2569	2570	3029	3028
2570	2571	3030	3029
2571	2572	3031	3030
2572	2573	3032	3031
2573	2574	3033	3032
2574	2575	3034	3033
2575	2576	3035	3034
2576	2577	3036	3035
2577	2578	3037	3036
2578	2579	3038	3037
2579	2580	3039	3038
2580	2581	3040	3039
2581	2582	3041	3040
2582	2583	3042	3041
2583	2584	3043	3042
2584	2585	3044	3043
2585	2586	3045	3044
2586	2587	3046	3045
2587	2588	3047	3046
2588	2589	3048	3047
2589	2590	3049	3048
2590	2591	3050	3049
2591	2592	3051	3050
2592	2593	3052	3051
2593	2594	3053	3052
2594	2595	3054	3053
2595	2596	3055	3054
2596	2597	3056	3055
2597	2598	3057	3056
2598	2599	3058	3057
2599	2600	3059	3058
2600	2601	3060	3059
2601	2602	3061	3060
2602	2603	3062	3061
2603	2604	3063	3062
2604	2605	3064	3063
2605	2606	3065	3064
2606	2607	3066	3065
2607	2608	3067	3066
2608	2609	3068	3067
2609	2610	3069	3068
2610	2611	3070	3069
2611	2612	3071	3070
2612	2613	3072	3071
2613	2614	3073	3072
2614	2615	3074	3073
2615	2616	3075	3074
2616	2617	3076	3075
2617	2618	3077	3076
2618	2619	3078	3077
2619	2620	3079	3078
2620	2621	3080	3079
2621	2622	3081	3080
2622	2623	3082	3081
2623	2624	3083	3082
2624	2625	3084	3083
2625	2626	3085	3084
2626	2627	3086	3085
2627	2628	3087	3086
2628	2629	3088	3087
2629	2630	3089	3088
2630	2631	3090	3089
2631	2632	3091	3090
2632	2633	3092	3091
2633	2634	3093	3092
2634	2635	3094	3093
2635	2636	3095	3094
2636	2637	3096	3095
2637	2638	3097	3096
2638	2639	3098	3097
2639	2640	3099	3098
2640	2641	3100	3099
2641	2642	3101	3100
2642	2643	3102	3101
2643	2644	3103	3102
2644	2645	3104	3103
2645	2646	3105	3104
2646	2647	3106	3105
2647	2648	3107	3106
2648	2649	3108	3107
2649	2650	3109	3108
2650	2651	3110	3109
2651	2652	3111	3110
2652	2653	3112	3111
2653	2654	3113	3112
2654	2655	3114	3113
2655	2656	3115	3114
2656	2657	3116	3115
2657	2658	3117	3116
2658	2659	3118	3117
2659	2660	3119	3118
2660	2661	3120	3119
2661	2662	3121	3120
2662	2663	3122	3121
2663	2664	3123	3122
2664	2665	3124	3123
2665	2666	3125	3124
2666	2667	3126	3125
2667	2668	3127	3126
2668	2669	3128	3127
2669	2670	3129	3128
2670	2671	3130	3129
2671	2672	3131	3130
2672	2673	3132	3131
2673	2674	3133	3132
2674	2675	3134	3133
2675	2676	3135	3134
2676	2677	3136	3135
2677	2678	3137	3136
2678	2679	3138	3137
2679	2680	3139	3138
2680	2681	3140	3139
2681	2682	3141	3140
2682	2683	3142	3141
2683	2684	3143	3142
2684	2685	3144	3143
2685	2686	3145	3144
2686	2687	3146	3145
2687	2688	3147	3146
2688	2689	3148	3147
2689	2690	3149	3148
2690	2691	3150	3149
2691	2692	3151	3150
2692	2693	3152	3151
2693	2694	3153	3152
2694	2695	3154	3153
2695	2696	3155	3154
2696	2697	3156	3155
2697	2698	3157	3156
2698	2699	3158	3157
2699	2700	3159	3158
2700	2701	3160	3159
2701	2702	3161	3160
2702	2703	3162	3161
2703	2704	3163	3162
2704	2705	3164	3163
2705	2706	3165	3164
2706	2707	3166	3165
2707	2708	3167	3166
2708	2709	3168	3167
2709	2710	3169	3168
2710	2711	3170	3169
2711	2712	3171	3170
2712	2713	3172	3171
2713	2714	3173	3172
2714	2715	3174	3173
2715	2716	3175	3174
2716	2717	3176	3175
2717	2718	3177	3176
2718	2719	3178	3177
2719	3180	3179	3178
2725	2726	3187	3186
3186	3187	3533	3532
2726	2727	3533	3187
2727	2728	3188	3533
3188	3189	3534	3533
2728	2729	3189	3188
2729	2730	3190	3189
3189	3190	3535	3534
2730	2731	3535	3190
2731	2732	3191	3535
3191	3192	3536	3535
2732	2733	3192	3191
2733	2734	3193	3192
3192	3193	3537	3536
2734	2735	3537	3193
2735	2736	3194	3537
3194	3195	3538	3537
2736	2737	3195	3194
2737	2738	3196	3195
3195	3196	3539	3538
2738	2739	3539	3196
2739	2740	3197	3539
3197	3198	3540	3539
2740	2741	3198	3197
2741	2742	3199	3198
3198	3199	3541	3540
2742	2743	3541	3199
2743	2744	3200	3541
3200	3201	3542	3541
2744	2745	3201	3200
2745	2746	3202	3201
3201	3202	3543	3542
2746	2747	3543	3202
2747	2748	3203	3543
3203	3204	3544	3543
2748	2749	3204	3203
2749	2750	3205	3204
3204	3205	3545	3544
2750	2751	3545	3205
2751	2752	3206	3545
3206	3207	3546	3545
2752	2753	3207	3206
2753	2754	3208	3207
3207	3208	3547	3546
2754	2755	3547	3208
2755	2756	3209	3547
3209	3210	3548	3547
2756	2757	3210	3209
2757	2758	3211	3210
3210	3211	3549	3548
2758	2759	3549	3211
2759	2760	3212	3549
3212	3213	3550	3549
2760	2761	3213	3212
2761	2762	3214	3213
3213	3214	3551	3550
2762	2763	3551	3214
2763	2764	3215	3551
3215	3216	3552	3551
2764	2765	3216	3215
2765	2766	3217	3216
3216	3217	3553	3552
2766	2767	3553	3217
2767	2768	3218	3553
3218	3219	3554	3553
2768	2769	3219	3218
2769	2770	3220	3219
3219	3220	3555	3554
2770	2771	3555	3220
2771	2772	3221	3555
3221	3222	3556	3555
2772	2773	3222	3221
2773	2774	3223	3222
3222	3223	3557	3556
2774	2775	3557	3223
2775	2776	3224	3557
3224	3225	3558	3557
2776	2777	3225	3224
2777	2778	3226	3225
3225	3226	3559	3558
2778	2779	3559	3226
2779	2780	3227	3559
3227	3228	3560	3559
2780	2781	3228	3227
2781	2782	3229	3228
3228	3229	3561	3560
2782	2783	3561	3229
2783	2784	3230	3561
3230	3231	3562	3561
2784	2785	3231	3230
2785	2786	3232	3231
3231	3232	3563	3562
2786	2787	3563	3232
2787	2788	3233	3563
3233	3234	3564	3563
2788	2789	3234	3233
2789	2790	3235	3234
3234	3235	3565	3564
2790	2791	3565	3235
2791	2792	3236	3565
3236	3237	3566	3565
2792	2793	3237	3236
2793	2794	3238	3237
3237	3238	3567	3566
2794	2795	3567	3238
2795	2796	3239	3567
3239	3240	3568	3567
2796	2797	3240	3239
2797	2798	3241	3240
3240	3241	3569	3568
2798	2799	3569	3241
2799	2800	3242	3569
3242	3243	3570	3569
2800	2801	3243	3242
2801	2802	3244	3243
3243	3244	3571	3570
2802	2803	3571	3244
2803	2804	3245	3571
3245	3246	3572	3571
2804	2805	3246	3245
2805	2806	3247	3246
3246	3247	3573	3572
2806	2807	3573	3247
2807	2808	3248	3573
3248	3249	3574	3573
2808	2809	3249	3248
2809	2810	3250	3249
3249	3250	3575	3574
2810	2811	3575	3250
2811	2812	3251	3575
3251	3252	3576	3575
2812	2813	3252	3251
2813	2814	3253	3252
3252	3253	3577	3576
2814	2815	3577	3253
2815	2816	3254	3577
3254	3255	3578	3577
2816	2817	3255	3254
2817	2818	3256	3255
3255	3256	3579	3578
2818	2819	3579	3256
2819	2820	3257	3579
3257	3258	3580	3579
2820	2821	3258	3257
2821	2822	3259	3258
3258	3259	3581	3580
2822	2823	3581	3259
2823	2824	3260	3581
3260	3261	3582	3581
2824	2825	3261	3260
2825	2826	3262	3261
3261	3262	3583	3582
2826	2827	3583	3262
2827	2828	3263	3583
3263	3264	3584	3583
2828	2829	3264	3263
2829	2830	3265	3264
3264	3265	3585	3584
2830	2831	3585	3265
2831	2832	3266	3585
3266	3267	3586	3585
2832	2833	3267	3266
2833	2834	3268	3267
3267	3268	3587	3586
2834	2835	3587	3268
2835	2836	3269	3587
3269	3270	3588	3587
2836	2837	3270	3269
2837	2838	3271	3270
3270	3271	3589	3588
2838	2839	3589	3271
2839	2840	3272	3589
3272	3273	3590	3589
2840	2841	3273	3272
2841	2842	3274	3273
3273	3274	3591	3590
2842	2843	3591	3274
2843	2844	3275	3591
3275	3276	3592	3591
2844	2845	3276	3275
2845	2846	3277	3276
3276	3277	3593	3592
2846	2847	3593	3277
2847	2848	3278	3593
3278	3279	3594	3593
2848	2849	3279	3278
2849	2850	3280	3279
3279	3280	3595	3594
2850	2851	3595	3280
2851	2852	3281	3595
3281	3282	3596	3595
2852	2853	3282	3281
2853	2854	3283	3282
3282	3283	3597	3596
2854	2855	3597	3283
2855	2856	3284	3597
3284	3285	3598	3597
2856	2857	3285	3284
2857	2858	3286	3285
3285	3286	3599	3598
2858	2859	3599	3286
2859	2860	3287	3599
3287	3288	3600	3599
2860	2861	3288	3287
2861	2862	3289	3288
3288	3289	3601	3600
2862	2863	3601	3289
2863	2864	3290	3601
3290	3291	3602	3601
2864	2865	3291	3290
2865	2866	3292	3291
3291	3292	3603	3602
2866	2867	3603	3292
2867	2868	3293	3603
3293	3294	3604	3603
2868	2869	3294	3293
2869	2870	3295	3294
3294	3295	3605	3604
2870	2871	3605	3295
2871	2872	3296	3605
3296	3297	3606	3605
2872	2873	3297	3296
2873	2874	3298	3297
3297	3298	3607	3606
2874	2875	3607	3298
2875	2876	3299	3607
3299	3300	3608	3607
2876	2877	3300	3299
2877	2878	3301	3300
3300	3301	3609	3608
2878	2879	3609	3301
2879	2880	3302	3609
3302	3303	3610	3609
2880	2881	3303	3302
2881	2882	3304	3303
3303	3304	3611	3610
2882	2883	3611	3304
2883	2884	3305	3611
3305	3306	3612	3611
2884	2885	3306	3305
2885	2886	3307	3306
3306	3307	3613	3612
2886	2887	3613	3307
2887	2888	3308	3613
3308	3309	3614	3613
2888	2889	3309	3308
2889	2890	3310	3309
3309	3310	3615	3614
2890	2891	3615	3310
2891	2892	3311	3615
3311	3312	3616	3615
2892	2893	3312	3311
2893	2894	3313	3312
3312	3313	3617	3616
2894	2895	3617	3313
2895	2896	3314	3617
3314	3315	3618	3617
2896	2897	3315	3314
2897	2898	3316	3315
3315	3316	3619	3618
2898	2899	3619	3316
2899	2900	3317	3619
3317	3318	3620	3619
2900	2901	3318	3317
2901	2902	3319	3318
3318	3319	3621	3620
2902	2903	3621	3319
2903	2904	3320	3621
3320	3321	3622	3621
2904	2905	3321	3320
2905	2906	3322	3321
3321	3322	3623	3622
2906	2907	3623	3322
2907	2908	3323	3623
3323	3324	3624	3623
2908	2909	3324	3323
2909	2910	3325	3324
3324	3325	3625	3624
2910	2911	3625	3325
2911	2912	3326	3625
3326	3327	3626	3625
2912	2913	3327	3326
2913	2914	3328	3327
3327	3328	3627	3626
2914	2915	3627	3328
2915	2916	3329	3627
3329	3330	3628	3627
2916	2917	3330	3329
2917	2918	3331	3330
3330	3331	3629	3628
2918	2919	3629	3331
2919	2920	3332	3629
3332	3333	3630	3629
2920	2921	3333	3332
2921	2922	3334	3333
3333	3334	3631	3630
2922	2923	3631	3334
2923	2924	3335	3631
3335	3336	3632	3631
2924	2925	3336	3335
2925	2926	3337	3336
3336	3337	3633	3632
2926	2927	3633	3337
2927	2928	3338	3633
3338	3339	3634	3633
2928	2929	3339	3338
2929	2930	3340	3339
3339	3340	3635	3634
2930	2931	3635	3340
2931	2932	3341	3635
3341	3342	3636	3635
2932	2933	3342	3341
2933	2934	3343	3342
3342	3343	3637	3636
2934	2935	3637	3343
2935	2936	3344	3637
3344	3345	3638	3637
2936	2937	3345	3344
2937	2938	3346	3345
3345	3346	3639	3638
2938	2939	3639	3346
2939	2940	3347	3639
3347	3348	3640	3639
2940	2941	3348	3347
2941	2942	3349	3348
3348	3349	3641	3640
2942	2943	3641	3349
2943	2944	3350	3641
3350	3351	3642	3641
2944	2945	3351	3350
2945	2946	3352	3351
3351	3352	3643	3642
2946	2947	3643	3352
2947	2948	3353	3643
3353	3354	3644	3643
2948	2949	3354	3353
2949	2950	3355	3354
3354	3355	3645	3644
2950	2951	3645	3355
2951	2952	3356	3645
3356	3357	3646	3645
2952	2953	3357	3356
2953	2954	3358	3357
3357	3358	3647	3646
2954	2955	3647	3358
2955	2956	3359	3647
3359	3360	3648	3647
2956	2957	3360	3359
2957	2958	3361	3360
3360	3361	3649	3648
2958	2959	3649	3361
2959	2960	3362	3649
3362	3363	3650	3649
2960	2961	3363	3362
2961	2962	3364	3363
3363	3364	3651	3650
2962	2963	3651	3364
2963	2964	3365	3651
3365	3366	3652	3651
2964	2965	3366	3365
2965	2966	3367	3366
3366	3367	3653	3652
2966	2967	3653	3367
2967	2968	3368	3653
3368	3369	3654	3653
2968	2969	3369	3368
2969	2970	3370	3369
3369	3370	3655	3654
2970	2971	3655	3370
2971	2972	3371	3655
3371	3372	3656	3655
2972	2973	3372	3371
2973	2974	3373	3372
3372	3373	3657	3656
2974	2975	3657	3373
2975	2976	3374	3657
3374	3375	3658	3657
2976	2977	3375	3374
2977	2978	3376	3375
3375	3376	3659	3658
2978	2979	3659	3376
2979	2980	3377	3659
3377	3378	3660	3659
2980	2981	3378	3377
2981	2982	3379	3378
3378	3379	3661	3660
2982	2983	3661	3379
2983	2984	3380	3661
3380	3381	3662	3661
2984	2985	3381	3380
2985	2986	3382	3381
3381	3382	3663	3662
2986	2987	3663	3382
2987	2988	3383	3663
3383	3384	3664	3663
2988	2989	3384	3383
2989	2990	3385	3384
3384	3385	3665	3664
2990	2991	3665	3385
2991	2992	3386	3665
3386	3387	3666	3665
2992	2993	3387	3386
2993	2994	3388	3387
3387	3388	3667	3666
2994	2995	3667	3388
2995	2996	3389	3667
3389	3390	3668	3667
2996	2997	3390	3389
2997	2998	3391	3390
3390	3391	3669	3668
2998	2999	3669	3391
2999	3000	3392	3669
3392	3393	3670	3669
3000	3001	3393	3392
3001	3002	3394	3393
3393	3394	3671	3670
3002	3003	3671	3394
3003	3004	3395	3671
3395	3396	3672	3671
3004	3005	3396	3395
3005	3006	3397	3396
3396	3397	3673	3672
3006	3007	3673	3397
3007	3008	3398	3673
3398	3399	3674	3673
3008	3009	3399	3398
3009	3010	3400	3399
3399	3400	3675	3674
3010	3011	3675	3400
3011	3012	3401	3675
3401	3402	3676	3675
3012	3013	3402	3401
3013	3014	3403	3402
3402	3403	3677	3676
3014	3015	3677	3403
3015	3016	3404	3677
3404	3405	3678	3677
3016	3017	3405	3404
3017	3018	3406	3405
3405	3406	3679	3678
3018	3019	3679	3406
3019	3020	3407	3679
3407	3408	3680	3679
3020	3021	3408	3407
3021	3022	3409	3408
3408	3409	3681	3680
3022	3023	3681	3409
3023	3024	3410	3681
3410	3411	3682	3681
3024	3025	3411	3410
3025	3026	3412	3411
3411	3412	3683	3682
3026	3027	3683	3412
3027	3028	3413	3683
3413	3414	3684	3683
3028	3029	3414	3413
3029	3030	3415	3414
3414	3415	3685	3684
3030	3031	3685	3415
3031	3032	3416	3685
3416	3417	3686	3685
3032	3033	3417	3416
3033	3034	3418	3417
3417	3418	3687	3686
3034	3035	3687	3418
3035	3036	3419	3687
3419	3420	3688	3687
3036	3037	3420	3419
3037	3038	3421	3420
3420	3421	3689	3688
3038	3039	3689	3421
3039	3040	3422	3689
3422	3423	3690	3689
3040	3041	3423	3422
3041	3042	3424	3423
3423	3424	3691	3690
3042	3043	3691	3424
3043	3044	3425	3691
3425	3426	3692	3691
3044	3045	3426	3425
3045	3046	3427	3426
3426	3427	3693	3692
3046	3047	3693	3427
3047	3048	3428	3693
3428	3429	3694	3693
3048	3049	3429	3428
3049	3050	3430	3429
3429	3430	3695	3694
3050	3051	3695	3430
3051	3052	3431	3695
3431	3432	3696	3695
3052	3053	3432	3431
3053	3054	3433	3432
3432	3433	3697	3696
3054	3055	3697	3433
3055	3056	3434	3697
3434	3435	3698	3697
3056	3057	3435	3434
3057	3058	3436	3435
3435	3436	3699	3698
3058	3059	3699	3436
3059	3060	3437	3699
3437	3438	3700	3699
3060	3061	3438	3437
3061	3062	3439	3438
3438	3439	3701	3700
3062	3063	3701	3439
3063	3064	3440	3701
3440	3441	3702	3701
3064	3065	3441	3440
3065	3066	3442	3441
3441	3442	3703	3702
3066	3067	3703	3442
3067	3068	3443	3703
3443	3444	3704	3703
3068	3069	3444	3443
3069	3070	3445	3444
3444	3445	3705	3704
3070	3071	3705	3445
3071	3072	3446	3705
3446	3447	3706	3705
3072	3073	3447	3446
3073	3074	3448	3447
3447	3448	3707	3706
3074	3075	3707	3448
3075	3076	3449	3707
3449	3450	3708	3707
3076	3077	3450	3449
3077	3078	3451	3450
3450	3451	3709	3708
3078	3079	3709	3451
3079	3080	3452	3709
3452	3453	3710	3709
3080	3081	3453	3452
3081	3082	3454	3453
3453	3454	3711	3710
3082	3083	3711	3454
3083	3084	3455	3711
3455	3456	3712	3711
3084	3085	3456	3455
3085	3086	3457	3456
3456	3457	3713	3712
3086	3087	3713	3457
3087	3088	3458	3713
3458	3459	3714	3713
3088	3089	3459	3458
3089	3090	3460	3459
3459	3460	3715	3714
3090	3091	3715	3460
3091	3092	3461	3715
3461	3462	3716	3715
3092	3093	3462	3461
3093	3094	3463	3462
3462	3463	3717	3716
3094	3095	3717	3463
3095	3096	3464	3717
3464	3465	3718	3717
3096	3097	3465	3464
3097	3098	3466	3465
3465	3466	3719	3718
3098	3099	3719	3466
3099	3100	3467	3719
3467	3468	3720	3719
3100	3101	3468	3467
3101	3102	3469	3468
3468	3469	3721	3720
3102	3103	3721	3469
3103	3104	3470	3721
3470	3471	3722	3721
3104	3105	3471	3470
3105	3106	3472	3471
3471	3472	3723	3722
3106	3107	3723	3472
3107	3108	3473	3723
3473	3474	3724	3723
3108	3109	3474	3473
3109	3110	3475	3474
3474	3475	3725	3724
3110	3111	3725	3475
3111	3112	3476	3725
3476	3477	3726	3725
3112	3113	3477	3476
3113	3114	3478	3477
3477	3478	3727	3726
3114	3115	3727	3478
3115	3116	3479	3727
3479	3480	3728	3727
3116	3117	3480	3479
3117	3118	3481	3480
3480	3481	3729	3728
3118	3119	3729	3481
3119	3120	3482	3729
3482	3483	3730	3729
3120	3121	3483	3482
3121	3122	3484	3483
3483	3484	3731	3730
3122	3123	3731	3484
3123	3124	3485	3731
3485	3486	3732	3731
3124	3125	3486	3485
3125	3126	3487	3486
3486	3487	3733	3732
3126	3127	3733	3487
3127	3128	3488	3733
3488	3489	3734	3733
3128	3129	3489	3488
3129	3130	3490	3489
3489	3490	3735	3734
3130	3131	3735	3490
3131	3132	3491	3735
3491	3492	3736	3735
3132	3133	3492	3491
3133	3134	3493	3492
3492	3493	3737	3736
3134	3135	3737	3493
3135	3136	3494	3737
3494	3495	3738	3737
3136	3137	3495	3494
3137	3138	3496	3495
3495	3496	3739	3738
3138	3139	3739	3496
3139	3140	3497	3739
3497	3498	3740	3739
3140	3141	3498	3497
3141	3142	3499	3498
3498	3499	3741	3740
3142	3143	3741	3499
3143	3144	3500	3741
3500	3501	3742	3741
3144	3145	3501	3500
3145	3146	3502	3501
3501	3502	3743	3742
3146	3147	3743	3502
3147	3148	3503	3743
3503	3504	3744	3743
3148	3149	3504	3503
3149	3150	3505	3504
3504	3505	3745	3744
3150	3151	3745	3505
3151	3152	3506	3745
3506	3507	3746	3745
3152	3153	3507	3506
3153	3154	3508	3507
3507	3508	3747	3746
3154	3155	3747	3508
3155	3156	3509	3747
3509	3510	3748	3747
3156	3157	3510	3509
3157	3158	3511	3510
3510	3511	3749	3748
3158	3159	3749	3511
3159	3160	3512	3749
3512	3513	3750	3749
3160	3161	3513	3512
3161	3162	3514	3513
3513	3514	3751	3750
3162	3163	3751	3514
3163	3164	3515	3751
3515	3516	3752	3751
3164	3165	3516	3515
3165	3166	3517	3516
3516	3517	3753	3752
3166	3167	3753	3517
3167	3168	3518	3753
3518	3519	3754	3753
3168	3169	3519	3518
3169	3170	3520	3519
3519	3520	3755	3754
3170	3171	3755	3520
3171	3172	3521	3755
3521	3522	3756	3755
3172	3173	3522	3521
3173	3174	3523	3522
3522	3523	3757	3756
3174	3175	3757	3523
3175	3176	3524	3757
3524	3525	3758	3757
3176	3177	3525	3524
3177	3178	3526	3525
3525	3526	3759	3758
3178	3179	3759	3526
3179	3761	3760	3759
3180	3527	3761	3179
3528	3762	3761	3527
3181	3528	3527	3180
3182	3529	3528	3181
3529	3763	3762	3528
3183	3763	3529	3182
3184	3530	3763	3183
3531	3764	3763	3530
3185	3531	3530	3184
3532	3533	3766	3765
3765	3766	3943	3942
3533	3534	3943	3766
3534	3535	3767	3943
3767	3768	3944	3943
3535	3536	3768	3767
3536	3537	3769	3768
3768	3769	3945	3944
3537	3538	3945	3769
3538	3539	3770	3945
3770	3771	3946	3945
3539	3540	3771	3770
3540	3541	3772	3771
3771	3772	3947	3946
3541	3542	3947	3772
3542	3543	3773	3947
3773	3774	3948	3947
3543	3544	3774	3773
3544	3545	3775	3774
3774	3775	3949	3948
3545	3546	3949	3775
3546	3547	3776	3949
3776	3777	3950	3949
3547	3548	3777	3776
3548	3549	3778	3777
3777	3778	3951	3950
3549	3550	3951	3778
3550	3551	3779	3951
3779	3780	3952	3951
3551	3552	3780	3779
3552	3553	3781	3780
3780	3781	3953	3952
3553	3554	3953	3781
3554	3555	3782	3953
3782	3783	3954	3953
3555	3556	3783	3782
3556	3557	3784	3783
3783	3784	3955	3954
3557	3558	3955	3784
3558	3559	3785	3955
3785	3786	3956	3955
3559	3560	3786	3785
3560	3561	3787	3786
3786	3787	3957	3956
3561	3562	3957	3787
3562	3563	3788	3957
3788	3789	3958	3957
3563	3564	3789	3788
3564	3565	3790	3789
3789	3790	3959	3958
3565	3566	3959	3790
3566	3567	3791	3959
3791	3792	3960	3959
3567	3568	3792	3791
3568	3569	3793	3792
3792	3793	3961	3960
3569	3570	3961	3793
3570	3571	3794	3961
3794	3795	3962	3961
3571	3572	3795	3794
3572	3573	3796	3795
3795	3796	3963	3962
3573	3574	3963	3796
3574	3575	3797	3963
3797	3798	3964	3963
3575	3576	3798	3797
3576	3577	3799	3798
3798	3799	3965	3964
3577	3578	3965	3799
3578	3579	3800	3965
3800	3801	3966	3965
3579	3580	3801	3800
3580	3581	3802	3801
3801	3802	3967	3966
3581	3582	3967	3802
3582	3583	3803	3967
3803	3804	3968	3967
3583	3584	3804	3803
3584	3585	3805	3804
3804	3805	3969	3968
3585	3586	3969	3805
3586	3587	3806	3969
3806	3807	3970	3969
3587	3588	3807	3806
3588	3589	3808	3807
3807	3808	3971	3970
3589	3590	3971	3808
3590	3591	3809	3971
3809	3810	3972	3971
3591	3592	3810	3809
3592	3593	3811	3810
3810	3811	3973	3972
3593	3594	3973	3811
3594	3595	3812	3973
3812	3813	3974	3973
3595	3596	3813	3812
3596	3597	3814	3813
3813	3814	3975	3974
3597	3598	3975	3814
3598	3599	3815	3975
3815	3816	3976	3975
3599	3600	3816	3815
3600	3601	3817	3816
3816	3817	3977	3976
3601	3602	3977	3817
3602	3603	3818	3977
3818	3819	3978	3977
3603	3604	3819	3818
3604	3605	3820	3819
3819	3820	3979	3978
3605	3606	3979	3820
3606	3607	3821	3979
3821	3822	3980	3979
3607	3608	3822	3821
3608	3609	3823	3822
3822	3823	3981	3980
3609	3610	3981	3823
3610	3611	3824	3981
3824	3825	3982	3981
3611	3612	3825	3824
3612	3613	3826	3825
3825	3826	3983	3982
3613	3614	3983	3826
3614	3615	3827	3983
3827	3828	3984	3983
3615	3616	3828	3827
3616	3617	3829	3828
3828	3829	3985	3984
3617	3618	3985	3829
3618	3619	3830	3985
3830	3831	3986	3985
3619	3620	3831	3830
3620	3621	3832	3831
3831	3832	3987	3986
3621	3622	3987	3832
3622	3623	3833	3987
3833	3834	3988	3987
3623	3624	3834	3833
3624	3625	3835	3834
3834	3835	3989	3988
3625	3626	3989	3835
3626	3627	3836	3989
3836	3837	3990	3989
3627	3628	3837	3836
3628	3629	3838	3837
3837	3838	3991	3990
3629	3630	3991	3838
3630	3631	3839	3991
3839	3840	3992	3991
3631	3632	3840	3839
3632	3633	3841	3840
3840	3841	3993	3992
3633	3634	3993	3841
3634	3635	3842	3993
3842	3843	3994	3993
3635	3636	3843	3842
3636	3637	3844	3843
3843	3844	3995	3994
3637	3638	3995	3844
3638	3639	3845	3995
3845	3846	3996	3995
3639	3640	3846	3845
3640	3641	3847	3846
3846	3847	3997	3996
3641	3642	3997	3847
3642	3643	3848	3997
3848	3849	3998	3997
3643	3644	3849	3848
3644	3645	3850	3849
3849	3850	3999	3998
3645	3646	3999	3850
3646	3647	3851	3999
3851	3852	4000	3999
3647	3648	3852	3851
3648	3649	3853	3852
3852	3853	4001	4000
3649	3650	4001	3853
3650	3651	3854	4001
3854	3855	4002	4001
3651	3652	3855	3854
3652	3653	3856	3855
3855	3856	4003	4002
3653	3654	4003	3856
3654	3655	3857	4003
3857	3858	4004	4003
3655	3656	3858	3857
3656	3657	3859	3858
3858	3859	4005	4004
3657	3658	4005	3859
3658	3659	3860	4005
3860	3861	4006	4005
3659	3660	3861	3860
3660	3661	3862	3861
3861	3862	4007	4006
3661	3662	4007	3862
3662	3663	3863	4007
3863	3864	4008	4007
3663	3664	3864	3863
3664	3665	3865	3864
3864	3865	4009	4008
3665	3666	4009	3865
3666	3667	3866	4009
3866	3867	4010	4009
3667	3668	3867	3866
3668	3669	3868	3867
3867	3868	4011	4010
3669	3670	4011	3868
3670	3671	3869	4011
3869	3870	4012	4011
3671	3672	3870	3869
3672	3673	3871	3870
3870	3871	4013	4012
3673	3674	4013	3871
3674	3675	3872	4013
3872	3873	4014	4013
3675	3676	3873	3872
3676	3677	3874	3873
3873	3874	4015	4014
3677	3678	4015	3874
3678	3679	3875	4015
3875	3876	4016	4015
3679	3680	3876	3875
3680	3681	3877	3876
3876	3877	4017	4016
3681	3682	4017	3877
3682	3683	3878	4017
3878	3879	4018	4017
3683	3684	3879	3878
3684	3685	3880	3879
3879	3880	4019	4018
3685	3686	4019	3880
3686	3687	3881	4019
3881	3882	4020	4019
3687	3688	3882	3881
3688	3689	3883	3882
3882	3883	4021	4020
3689	3690	4021	3883
3690	3691	3884	4021
3884	3885	4022	4021
3691	3692	3885	3884
3692	3693	3886	3885
3885	3886	4023	4022
3693	3694	4023	3886
3694	3695	3887	4023
3887	3888	4024	4023
3695	3696	3888	3887
3696	3697	3889	3888
3888	3889	4025	4024
3697	3698	4025	3889
3698	3699	3890	4025
3890	3891	4026	4025
3699	3700	3891	3890
3700	3701	3892	3891
3891	3892	4027	4026
3701	3702	4027	3892
3702	3703	3893	4027
3893	3894	4028	4027
3703	3704	3894	3893
3704	3705	3895	3894
3894	3895	4029	4028
3705	3706	4029	3895
3706	3707	3896	4029
3896	3897	4030	4029
3707	3708	3897	3896
3708	3709	3898	3897
3897	3898	4031	4030
3709	3710	4031	3898
3710	3711	3899	4031
3899	3900	4032	4031
3711	3712	3900	3899
3712	3713	3901	3900
3900	3901	4033	4032
3713	3714	4033	3901
3714	3715	3902	4033
3902	3903	4034	4033
3715	3716	3903	3902
3716	3717	3904	3903
3903	3904	4035	4034
3717	3718	4035	3904
3718	3719	3905	4035
3905	3906	4036	4035
3719	3720	3906	3905
3720	3721	3907	3906
3906	3907	4037	4036
3721	3722	4037	3907
3722	3723	3908	4037
3908	3909	4038	4037
3723	3724	3909	3908
3724	3725	3910	3909
3909	3910	4039	4038
3725	3726	4039	3910
3726	3727	3911	4039
3911	3912	4040	4039
3727	3728	3912	3911
3728	3729	3913	3912
3912	3913	4041	4040
3729	3730	4041	3913
3730	3731	3914	4041
3914	3915	4042	4041
3731	3732	3915	3914
3732	3733	3916	3915
3915	3916	4043	4042
3733	3734	4043	3916
3734	3735	3917	4043
3917	3918	4044	4043
3735	3736	3918	3917
3736	3737	3919	3918
3918	3919	4045	4044
3737	3738	4045	3919
3738	3739	3920	4045
3920	3921	4046	4045
3739	3740	3921	3920
3740	3741	3922	3921
3921	3922	4047	4046
3741	3742	4047	3922
3742	3743	3923	4047
3923	3924	4048	4047
3743	3744	3924	3923
3744	3745	3925	3924
3924	3925	4049	4048
3745	3746	4049	3925
3746	3747	3926	4049
3926	3927	4050	4049
3747	3748	3927	3926
3748	3749	3928	3927
3927	3928	4051	4050
3749	3750	4051	3928
3750	3751	3929	4051
3929	3930	4052	4051
3751	3752	3930	3929
3752	3753	3931	3930
3930	3931	4053	4052
3753	3754	4053	3931
3754	3755	3932	4053
3932	3933	4054	4053
3755	3756	3933	3932
3756	3757	3934	3933
3933	3934	4055	4054
3757	3758	4055	3934
3758	3759	3935	4055
3935	3936	4056	4055
3759	3760	3936	3935
3760	3938	3937	3936
3936	3937	4057	4056
3938	4058	4057	3937
3761	3939	3938	3760
3939	4059	4058	3938
3762	4059	3939	3761
3763	3940	4059	3762
3941	4060	4059	3940
3764	3941	3940	3763
3942	3943	4062	4061
3943	3944	4063	4062
3944	3945	4064	4063
3945	3946	4065	4064
3946	3947	4066	4065
3947	3948	4067	4066
3948	3949	4068	4067
3949	3950	4069	4068
3950	3951	4070	4069
3951	3952	4071	4070
3952	3953	4072	4071
3953	3954	4073	4072
3954	3955	4074	4073
3955	3956	4075	4074
3956	3957	4076	4075
3957	3958	4077	4076
3958	3959	4078	4077
3959	3960	4079	4078
3960	3961	4080	4079
3961	3962	4081	4080
3962	3963	4082	4081
3963	3964	4083	4082
3964	3965	4084	4083
3965	3966	4085	4084
3966	3967	4086	4085
3967	3968	4087	4086
3968	3969	4088	4087
3969	3970	4089	4088
3970	3971	4090	4089
3971	3972	4091	4090
3972	3973	4092	4091
3973	3974	4093	4092
3974	3975	4094	4093
3975	3976	4095	4094
3976	3977	4096	4095
3977	3978	4097	4096
3978	3979	4098	4097
3979	3980	4099	4098
3980	3981	4100	4099
3981	3982	4101	4100
3982	3983	4102	4101
3983	3984	4103	4102
3984	3985	4104	4103
3985	3986	4105	4104
3986	3987	4106	4105
3987	3988	4107	4106
3988	3989	4108	4107
3989	3990	4109	4108
3990	3991	4110	4109
3991	3992	4111	4110
3992	3993	4112	4111
3993	3994	4113	4112
3994	3995	4114	4113
3995	3996	4115	4114
3996	3997	4116	4115
3997	3998	4117	4116
3998	3999	4118	4117
3999	4000	4119	4118
4000	4001	4120	4119
4001	4002	4121	4120
4002	4003	4122	4121
4003	4004	4123	4122
4004	4005	4124	4123
4005	4006	4125	4124
4006	4007	4126	4125
4007	4008	4127	4126
4008	4009	4128	4127
4009	4010	4129	4128
4010	4011	4130	4129
4011	4012	4131	4130
4012	4013	4132	4131
4013	4014	4133	4132
4014	4015	4134	4133
4015	4016	4135	4134
4016	4017	4136	4135
4017	4018	4137	4136
4018	4019	4138	4137
4019	4020	4139	4138
4020	4021	4140	4139
4021	4022	4141	4140
4022	4023	4142	4141
4023	4024	4143	4142
4024	4025	4144	4143
4025	4026	4145	4144
4026	4027	4146	4145
4027	4028	4147	4146
4028	4029	4148	4147
4029	4030	4149	4148
4030	4031	4150	4149
4031	4032	4151	4150
4032	4033	4152	4151
4033	4034	4153	4152
4034	4035	4154	4153
4035	4036	4155	4154
4036	4037	4156	4155
4037	4038	4157	4156
4038	4039	4158	4157
4039	4040	4159	4158
4040	4041	4160	4159
4041	4042	4161	4160
4042	4043	4162	4161
4043	4044	4163	4162
4044	4045	4164	4163
4045	4046	4165	4164
4046	4047	4166	4165
4047	4048	4167	4166
4048	4049	4168	4167
4049	4050	4169	4168
4050	4051	4170	4169
4051	4052	4171	4170
4052	4053	4172	4171
4053	4054	4173	4172
4054	4055	4174	4173
4055	4056	4175	4174
4056	4057	4176	4175
4057	4178	4177	4176
4058	4179	4178	4057
4059	4180	4179	4058
4060	4181	4180	4059
4061	4062	4183	4182
4182	4183	4276	4275
4062	4063	4276	4183
4063	4064	4184	4276
4184	4185	4277	4276
4064	4065	4185	4184
4065	4066	4186	4185
4185	4186	4278	4277
4066	4067	4278	4186
4067	4068	4187	4278
4187	4188	4279	4278
4068	4069	4188	4187
4069	4070	4189	4188
4188	4189	4280	4279
4070	4071	4280	4189
4071	4072	4190	4280
4190	4191	4281	4280
4072	4073	4191	4190
4073	4074	4192	4191
4191	4192	4282	4281
4074	4075	4282	4192
4075	4076	4193	4282
4193	4194	4283	4282
4076	4077	4194	4193
4077	4078	4195	4194
4194	4195	4284	4283
4078	4079	4284	4195
4079	4080	4196	4284
4196	4197	4285	4284
4080	4081	4197	4196
4081	4082	4198	4197
4197	4198	4286	4285
4082	4083	4286	4198
4083	4084	4199	4286
4199	4200	4287	4286
4084	4085	4200	4199
4085	4086	4201	4200
4200	4201	4288	4287
4086	4087	4288	4201
4087	4088	4202	4288
4202	4203	4289	4288
4088	4089	4203	4202
4089	4090	4204	4203
4203	4204	4290	4289
4090	4091	4290	4204
4091	4092	4205	4290
4205	4206	4291	4290
4092	4093	4206	4205
4093	4094	4207	4206
4206	4207	4292	4291
4094	4095	4292	4207
4095	4096	4208	4292
4208	4209	4293	4292
4096	4097	4209	4208
4097	4098	4210	4209
4209	4210	4294	4293
4098	4099	4294	4210
4099	4100	4211	4294
4211	4212	4295	4294
4100	4101	4212	4211
4101	4102	4213	4212
4212	4213	4296	4295
4102	4103	4296	4213
4103	4104	4214	4296
4214	4215	4297	4296
4104	4105	4215	4214
4105	4106	4216	4215
4215	4216	4298	4297
4106	4107	4298	4216
4107	4108	4217	4298
4217	4218	4299	4298
4108	4109	4218	4217
4109	4110	4219	4218
4218	4219	4300	4299
4110	4111	4300	4219
4111	4112	4220	4300
4220	4221	4301	4300
4112	4113	4221	4220
4113	4114	4222	4221
4221	4222	4302	4301
4114	4115	4302	4222
4115	4116	4223	4302
4223	4224	4303	4302
4116	4117	4224	4223
4117	4118	4225	4224
4224	4225	4304	4303
4118	4119	4304	4225
4119	4120	4226	4304
4226	4227	4305	4304
4120	4121	4227	4226
4121	4122	4228	4227
4227	4228	4306	4305
4122	4123	4306	4228
4123	4124	4229	4306
4229	4230	4307	4306
4124	4125	4230	4229
4125	4126	4231	4230
4230	4231	4308	4307
4126	4127	4308	4231
4127	4128	4232	4308
4232	4233	4309	4308
4128	4129	4233	4232
4129	4130	4234	4233
4233	4234	4310	4309
4130	4131	4310	4234
4131	4132	4235	4310
4235	4236	4311	4310
4132	4133	4236	4235
4133	4134	4237	4236
4236	4237	4312	4311
4134	4135	4312	4237
4135	4136	4238	4312
4238	4239	4313	4312
4136	4137	4239	4238
4137	4138	4240	4239
4239	4240	4314	4313
4138	4139	4314	4240
4139	4140	4241	4314
4241	4242	4315	4314
4140	4141	4242	4241
4141	4142	4243	4242
4242	4243	4316	4315
4142	4143	4316	4243
4143	4144	4244	4316
4244	4245	4317	4316
4144	4145	4245	4244
4145	4146	4246	4245
4245	4246	4318	4317
4146	4147	4318	4246
4147	4148	4247	4318
4247	4248	4319	4318
4148	4149	4248	4247
4149	4150	4249	4248
4248	4249	4320	4319
4150	4151	4320	4249
4151	4152	4250	4320
4250	4251	4321	4320
4152	4153	4251	4250
4153	4154	4252	4251
4251	4252	4322	4321
4154	4155	4322	4252
4155	4156	4253	4322
4253	4254	4323	4322
4156	4157	4254	4253
4157	4158	4255	4254
4254	4255	4324	4323
4158	4159	4324	4255
4159	4160	4256	4324
4256	4257	4325	4324
4160	4161	4257	4256
4161	4162	4258	4257
4257	4258	4326	4325
4162	4163	4326	4258
4163	4164	4259	4326
4259	4260	4327	4326
4164	4165	4260	4259
4165	4166	4261	4260
4260	4261	4328	4327
4166	4167	4328	4261
4167	4168	4262	4328
4262	4263	4329	4328
4168	4169	4263	4262
4169	4170	4264	4263
4263	4264	4330	4329
4170	4171	4330	4264
4171	4172	4265	4330
4265	4266	4331	4330
4172	4173	4266	4265
4173	4174	4267	4266
4266	4267	4332	4331
4174	4175	4332	4267
4175	4176	4268	4332
4268	4269	4333	4332
4176	4177	4269	4268
4177	4271	4270	4269
4269	4270	4334	4333
4271	4335	4334	4270
4178	4272	4271	4177
4272	4336	4335	4271
4179	4336	4272	4178
4180	4273	4336	4179
4274	4337	4336	4273
4181	4274	4273	4180
4275	4276	4339	4338
4276	4277	4340	4339
4277	4278	4341	4340
4278	4279	4342	4341
4279	4280	4343	4342
4280	4281	4344	4343
4281	4282	4345	4344
4282	4283	4346	4345
4283	4284	4347	4346
4284	4285	4348	4347
4285	4286	4349	4348
4286	4287	4350	4349
4287	4288	4351	4350
4288	4289	4352	4351
4289	4290	4353	4352
4290	4291	4354	4353
4291	4292	4355	4354
4292	4293	4356	4355
4293	4294	4357	4356
4294	4295	4358	4357
4295	4296	4359	4358
4296	4297	4360	4359
4297	4298	4361	4360
4298	4299	4362	4361
4299	4300	4363	4362
4300	4301	4364	4363
4301	4302	4365	4364
4302	4303	4366	4365
4303	4304	4367	4366
4304	4305	4368	4367
4305	4306	4369	4368
4306	4307	4370	4369
4307	4308	4371	4370
4308	4309	4372	4371
4309	4310	4373	4372
4310	4311	4374	4373
4311	4312	4375	4374
4312	4313	4376	4375
4313	4314	4377	4376
4314	4315	4378	4377
4315	4316	4379	4378
4316	4317	4380	4379
4317	4318	4381	4380
4318	4319	4382	4381
4319	4320	4383	4382
4320	4321	4384	4383
4321	4322	4385	4384
4322	4323	4386	4385
4323	4324	4387	4386
4324	4325	4388	4387
4325	4326	4389	4388
4326	4327	4390	4389
4327	4328	4391	4390
4328	4329	4392	4391
4329	4330	4393	4392
4330	4331	4394	4393
4331	4332	4395	4394
4332	4333	4396	4395
4333	4334	4397	4396
4334	4399	4398	4397
4335	4400	4399	4334
4336	4401	4400	4335
4337	4402	4401	4336
4338	4339	4404	4403
4403	4404	4455	4454
4339	4340	4455	4404
4340	4341	4405	4455
4405	4406	4456	4455
4341	4342	4406	4405
4342	4343	4407	4406
4406	4407	4457	4456
4343	4344	4457	4407
4344	4345	4408	4457
4408	4409	4458	4457
4345	4346	4409	4408
4346	4347	4410	4409
4409	4410	4459	4458
4347	4348	4459	4410
4348	4349	4411	4459
4411	4412	4460	4459
4349	4350	4412	4411
4350	4351	4413	4412
4412	4413	4461	4460
4351	4352	4461	4413
4352	4353	4414	4461
4414	4415	4462	4461
4353	4354	4415	4414
4354	4355	4416	4415
4415	4416	4463	4462
4355	4356	4463	4416
4356	4357	4417	4463
4417	4418	4464	4463
4357	4358	4418	4417
4358	4359	4419	4418
4418	4419	4465	4464
4359	4360	4465	4419
4360	4361	4420	4465
4420	4421	4466	4465
4361	4362	4421	4420
4362	4363	4422	4421
4421	4422	4467	4466
4363	4364	4467	4422
4364	4365	4423	4467
4423	4424	4468	4467
4365	4366	4424	4423
4366	4367	4425	4424
4424	4425	4469	4468
4367	4368	4469	4425
4368	4369	4426	4469
4426	4427	4470	4469
4369	4370	4427	4426
4370	4371	4428	4427
4427	4428	4471	4470
4371	4372	4471	4428
4372	4373	4429	4471
4429	4430	4472	4471
4373	4374	4430	4429
4374	4375	4431	4430
4430	4431	4473	4472
4375	4376	4473	4431
4376	4377	4432	4473
4432	4433	4474	4473
4377	4378	4433	4432
4378	4379	4434	4433
4433	4434	4475	4474
4379	4380	4475	4434
4380	4381	4435	4475
4435	4436	4476	4475
4381	4382	4436	4435
4382	4383	4437	4436
4436	4437	4477	4476
4383	4384	4477	4437
4384	4385	4438	4477
4438	4439	4478	4477
4385	4386	4439	4438
4386	4387	4440	4439
4439	4440	4479	4478
4387	4388	4479	4440
4388	4389	4441	4479
4441	4442	4480	4479
4389	4390	4442	4441
4390	4391	4443	4442
4442	4443	4481	4480
4391	4392	4481	4443
4392	4393	4444	4481
4444	4445	4482	4481
4393	4394	4445	4444
4394	4395	4446	4445
4445	4446	4483	4482
4395	4396	4483	4446
4396	4397	4447	4483
4447	4448	4484	4483
4397	4398	4448	4447
4398	4450	4449	4448
4448	4449	4485	4484
4450	4486	4485	4449
4399	4451	4450	4398
4451	4487	4486	4450
4400	4487	4451	4399
4401	4452	4487	4400
4453	4488	4487	4452
4402	4453	4452	4401
4454	4455	4490	4489
4455	4456	4491	4490
4456	4457	4492	4491
4457	4458	4493	4492
4458	4459	4494	4493
4459	4460	4495	4494
4460	4461	4496	4495
4461	4462	4497	4496
4462	4463	4498	4497
4463	4464	4499	4498
4464	4465	4500	4499
4465	4466	4501	4500
4466	4467	4502	4501
4467	4468	4503	4502
4468	4469	4504	4503
4469	4470	4505	4504
4470	4471	4506	4505
4471	4472	4507	4506
4472	4473	4508	4507
4473	4474	4509	4508
4474	4475	4510	4509
4475	4476	4511	4510
4476	4477	4512	4511
4477	4478	4513	4512
4478	4479	4514	4513
4479	4480	4515	4514
4480	4481	4516	4515
4481	4482	4517	4516
4482	4483	4518	4517
4483	4484	4519	4518
4484	4485	4520	4519
4485	4522	4521	4520
4486	4523	4522	4485
4487	4524	4523	4486
4488	4525	4524	4487
4489	4490	4527	4526
4526	4527	4557	4556
4490	4491	4557	4527
4491	4492	4528	4557
4528	4529	4558	4557
4492	4493	4529	4528
4493	4494	4530	4529
4529	4530	4559	4558
4494	4495	4559	4530
4495	4496	4531	4559
4531	4532	4560	4559
4496	4497	4532	4531
4497	4498	4533	4532
4532	4533	4561	4560
4498	4499	4561	4533
4499	4500	4534	4561
4534	4535	4562	4561
4500	4501	4535	4534
4501	4502	4536	4535
4535	4536	4563	4562
4502	4503	4563	4536
4503	4504	4537	4563
4537	4538	4564	4563
4504	4505	4538	4537
4505	4506	4539	4538
4538	4539	4565	4564
4506	4507	4565	4539
4507	4508	4540	4565
4540	4541	4566	4565
4508	4509	4541	4540
4509	4510	4542	4541
4541	4542	4567	4566
4510	4511	4567	4542
4511	4512	4543	4567
4543	4544	4568	4567
4512	4513	4544	4543
4513	4514	4545	4544
4544	4545	4569	4568
4514	4515	4569	4545
4515	4516	4546	4569
4546	4547	4570	4569
4516	4517	4547	4546
4517	4518	4548	4547
4547	4548	4571	4570
4518	4519	4571	4548
4519	4520	4549	4571
4549	4550	4572	4571
4520	4521	4550	4549
4521	4552	4551	4550
4550	4551	4573	4572
4552	4574	4573	4551
4522	4553	4552	4521
4553	4575	4574	4552
4523	4575	4553	4522
4524	4554	4575	4523
4555	4576	4575	4554
4525	4555	4554	4524
4556	4557	4578	4577
4557	4558	4579	4578
4558	4559	4580	4579
4559	4560	4581	4580
4560	4561	4582	4581
4561	4562	4583	4582
4562	4563	4584	4583
4563	4564	4585	4584
4564	4565	4586	4585
4565	4566	4587	4586
4566	4567	4588	4587
4567	4568	4589	4588
4568	4569	4590	4589
4569	4570	4591	4590
4570	4571	4592	4591
4571	4572	4593	4592
4572	4573	4594	4593
4573	4596	4595	4594
4574	4597	4596	4573
4575	4598	4597	4574
4576	4599	4598	4575
4577	4578	4601	4600
4578	4579	4602	4601
4579	4580	4603	4602
4580	4581	4604	4603
4581	4582	4605	4604
4582	4583	4606	4605
4583	4584	4607	4606
4584	4585	4608	4607
4585	4586	4609	4608
4586	4587	4610	4609
4587	4588	4611	4610
4588	4589	4612	4611
4589	4590	4613	4612
4590	4591	4614	4613
4591	4592	4615	4614
4592	4593	4616	4615
4593	4594	4617	4616
4594	4595	4618	4617
4595	4620	4619	4618
4596	4621	4620	4595
4597	4622	4621	4596
4598	4623	4622	4597
4599	4624	4623	4598
4600	4601	4626	4625
4601	4602	4627	4626
4602	4603	4628	4627
4603	4604	4629	4628
4604	4605	4630	4629
4605	4606	4631	4630
4606	4607	4632	4631
4607	4608	4633	4632
4608	4609	4634	4633
4609	4610	4635	4634
4610	4611	4636	4635
4611	4612	4637	4636
4612	4613	4638	4637
4613	4614	4639	4638
4614	4615	4640	4639
4615	4616	4641	4640
4616	4617	4642	4641
4617	4618	4643	4642
4618	4619	4644	4643
4619	4646	4645	4644
4620	4647	4646	4619
4621	4648	4647	4620
4622	4649	4648	4621
4623	4650	4649	4622
4624	4651	4650	4623
4625	4626	4653	4652
4626	4627	4654	4653
4627	4628	4655	4654
4628	4629	4656	4655
4629	4630	4657	4656
4630	4631	4658	4657
4631	4632	4659	4658
4632	4633	4660	4659
4633	4634	4661	4660
4634	4635	4662	4661
4635	4636	4663	4662
4636	4637	4664	4663
4637	4638	4665	4664
4638	4639	4666	4665
4639	4640	4667	4666
4640	4641	4668	4667
4641	4642	4669	4668
4642	4643	4670	4669
4643	4644	4671	4670
4644	4645	4672	4671
4645	4674	4673	4672
4646	4675	4674	4645
4647	4676	4675	4646
4648	4677	4676	4647
4649	4678	4677	4648
4650	4679	4678	4649
4651	4680	4679	4650
4652	4653	4682	4681
4653	4654	4683	4682
4654	4655	4684	4683
4655	4656	4685	4684
4656	4657	4686	4685
4657	4658	4687	4686
4658	4659	4688	4687
4659	4660	4689	4688
4660	4661	4690	4689
4661	4662	4691	4690
4662	4663	4692	4691
4663	4664	4693	4692
4664	4665	4694	4693
4665	4666	4695	4694
4666	4667	4696	4695
4667	4668	4697	4696
4668	4669	4698	4697
4669	4670	4699	4698
4670	4671	4700	4699
4671	4672	4701	4700
4672	4673	4702	4701
4673	4704	4703	4702
4674	4705	4704	4673
4675	4706	4705	4674
4676	4707	4706	4675
4677	4708	4707	4676
4678	4709	4708	4677
4679	4710	4709	4678
4680	4711	4710	4679
4681	4682	4713	4712
4682	4683	4714	4713
4683	4684	4715	4714
4684	4685	4716	4715
4685	4686	4717	4716
4686	4687	4718	4717
4687	4688	4719	4718
4688	4689	4720	4719
4689	4690	4721	4720
4690	4691	4722	4721
4691	4692	4723	4722
4692	4693	4724	4723
4693	4694	4725	4724
4694	4695	4726	4725
4695	4696	4727	4726
4696	4697	4728	4727
4697	4698	4729	4728
4698	4699	4730	4729
4699	4700	4731	4730
4700	4701	4732	4731
4701	4702	4733	4732
4702	4703	4734	4733
4703	4736	4735	4734
4704	4737	4736	4703
4705	4738	4737	4704
4706	4739	4738	4705
4707	4740	4739	4706
4708	4741	4740	4707
4709	4742	4741	4708
4710	4743	4742	4709
4711	4744	4743	4710
4712	4713	4746	4745
4713	4714	4747	4746
4714	4715	4748	4747
4715	4716	4749	4748
4716	4717	4750	4749
4717	4718	4751	4750
4718	4719	4752	4751
4719	4720	4753	4752
4720	4721	4754	4753
4721	4722	4755	4754
4722	4723	4756	4755
4723	4724	4757	4756
4724	4725	4758	4757
4725	4726	4759	4758
4726	4727	4760	4759
4727	4728	4761	4760
4728	4729	4762	4761
4729	4730	4763	4762
4730	4731	4764	4763
4731	4732	4765	4764
4732	4733	4766	4765
4733	4734	4767	4766
4734	4735	4768	4767
4735	4770	4769	4768
4736	4771	4770	4735
4737	4772	4771	4736
4738	4773	4772	4737
4739	4774	4773	4738
4740	4775	4774	4739
4741	4776	4775	4740
4742	4777	4776	4741
4743	4778	4777	4742
4744	4779	4778	4743
4745	4746	4781	4780
4746	4747	4782	4781
4747	4748	4783	4782
4748	4749	4784	4783
4749	4750	4785	4784
4750	4751	4786	4785
4751	4752	4787	4786
4752	4753	4788	4787
4753	4754	4789	4788
4754	4755	4790	4789
4755	4756	4791	4790
4756	4757	4792	4791
4757	4758	4793	4792
4758	4759	4794	4793
4759	4760	4795	4794
4760	4761	4796	4795
4761	4762	4797	4796
4762	4763	4798	4797
4763	4764	4799	4798
4764	4765	4800	4799
4765	4766	4801	4800
4766	4767	4802	4801
4767	4768	4803	4802
4768	4769	4804	4803
4769	4806	4805	4804
4770	4807	4806	4769
4771	4808	4807	4770
4772	4809	4808	4771
4773	4810	4809	4772
4774	4811	4810	4773
4775	4812	4811	4774
4776	4813	4812	4775
4777	4814	4813	4776
4778	4815	4814	4777
4779	4816	4815	4778
4780	4781	4818	4817
4781	4782	4819	4818
4782	4783	4820	4819
4783	4784	4821	4820
4784	4785	4822	4821
4785	4786	4823	4822
4786	4787	4824	4823
4787	4788	4825	4824
4788	4789	4826	4825
4789	4790	4827	4826
4790	4791	4828	4827
4791	4792	4829	4828
4792	4793	4830	4829
4793	4794	4831	4830
4794	4795	4832	4831
4795	4796	4833	4832
4796	4797	4834	4833
4797	4798	4835	4834
4798	4799	4836	4835
4799	4800	4837	4836
4800	4801	4838	4837
4801	4802	4839	4838
4802	4803	4840	4839
4803	4804	4841	4840
4804	4805	4842	4841
4805	4844	4843	4842
4806	4845	4844	4805
4807	4846	4845	4806
4808	4847	4846	4807
4809	4848	4847	4808
4810	4849	4848	4809
4811	4850	4849	4810
4812	4851	4850	4811
4813	4852	4851	4812
4814	4853	4852	4813
4815	4854	4853	4814
4816	4855	4854	4815
4817	4818	4857	4856
4818	4819	4858	4857
4819	4820	4859	4858
4820	4821	4860	4859
4821	4822	4861	4860
4822	4823	4862	4861
4823	4824	4863	4862
4824	4825	4864	4863
4825	4826	4865	4864
4826	4827	4866	4865
4827	4828	4867	4866
4828	4829	4868	4867
4829	4830	4869	4868
4830	4831	4870	4869
4831	4832	4871	4870
4832	4833	4872	4871
4833	4834	4873	4872
4834	4835	4874	4873
4835	4836	4875	4874
4836	4837	4876	4875
4837	4838	4877	4876
4838	4839	4878	4877
4839	4840	4879	4878
4840	4841	4880	4879
4841	4842	4881	4880
4842	4843	4882	4881
4843	4884	4883	4882
4844	4885	4884	4843
4845	4886	4885	4844
4846	4887	4886	4845
4847	4888	4887	4846
4848	4889	4888	4847
4849	4890	4889	4848
4850	4891	4890	4849
4851	4892	4891	4850
4852	4893	4892	4851
4853	4894	4893	4852
4854	4895	4894	4853
4855	4896	4895	4854
4856	4857	4898	4897
4857	4858	4899	4898
4858	4859	4900	4899
4859	4860	4901	4900
4860	4861	4902	4901
4861	4862	4903	4902
4862	4863	4904	4903
4863	4864	4905	4904
4864	4865	4906	4905
4865	4866	4907	4906
4866	4867	4908	4907
4867	4868	4909	4908
4868	4869	4910	4909
4869	4870	4911	4910
4870	4871	4912	4911
4871	4872	4913	4912
4872	4873	4914	4913
4873	4874	4915	4914
4874	4875	4916	4915
4875	4876	4917	4916
4876	4877	4918	4917
4877	4878	4919	4918
4878	4879	4920	4919
4879	4880	4921	4920
4880	4881	4922	4921
4881	4882	4923	4922
4882	4883	4924	4923
4883	4926	4925	4924
4884	4927	4926	4883
4885	4928	4927	4884
4886	4929	4928	4885
4887	4930	4929	4886
4888	4931	4930	4887
4889	4932	4931	4888
4890	4933	4932	4889
4891	4934	4933	4890
4892	4935	4934	4891
4893	4936	4935	4892
4894	4937	4936	4893
4895	4938	4937	4894
4896	4939	4938	4895
4897	4898	4941	4940
4898	4899	4942	4941
4899	4900	4943	4942
4900	4901	4944	4943
4901	4902	4945	4944
4902	4903	4946	4945
4903	4904	4947	4946
4904	4905	4948	4947
4905	4906	4949	4948
4906	4907	4950	4949
4907	4908	4951	4950
4908	4909	4952	4951
4909	4910	4953	4952
4910	4911	4954	4953
4911	4912	4955	4954
4912	4913	4956	4955
4913	4914	4957	4956
4914	4915	4958	4957
4915	4916	4959	4958
4916	4917	4960	4959
4917	4918	4961	4960
4918	4919	4962	4961
4919	4920	4963	4962
4920	4921	4964	4963
4921	4922	4965	4964
4922	4923	4966	4965
4923	4924	4967	4966
4924	4925	4968	4967
4925	4970	4969	4968
4926	4971	4970	4925
4927	4972	4971	4926
4928	4973	4972	4927
4929	4974	4973	4928
4930	4975	4974	4929
4931	4976	4975	4930
4932	4977	4976	4931
4933	4978	4977	4932
4934	4979	4978	4933
4935	4980	4979	4934
4936	4981	4980	4935
4937	4982	4981	4936
4938	4983	4982	4937
4939	4984	4983	4938
4940	4941	4986	4985
4941	4942	4987	4986
4942	4943	4988	4987
4943	4944	4989	4988
4944	4945	4990	4989
4945	4946	4991	4990
4946	4947	4992	4991
4947	4948	4993	4992
4948	4949	4994	4993
4949	4950	4995	4994
4950	4951	4996	4995
4951	4952	4997	4996
4952	4953	4998	4997
4953	4954	4999	4998
4954	4955	5000	4999
4955	4956	5001	5000
4956	4957	5002	5001
4957	4958	5003	5002
4958	4959	5004	5003
4959	4960	5005	5004
4960	4961	5006	5005
4961	4962	5007	5006
4962	4963	5008	5007
4963	4964	5009	5008
4964	4965	5010	5009
4965	4966	5011	5010
4966	4967	5012	5011
4967	4968	5013	5012
4968	4969	5014	5013
4969	5016	5015	5014
4970	5017	5016	4969
4971	5018	5017	4970
4972	5019	5018	4971
4973	5020	5019	4972
4974	5021	5020	4973
4975	5022	5021	4974
4976	5023	5022	4975
4977	5024	5023	4976
4978	5025	5024	4977
4979	5026	5025	4978
4980	5027	5026	4979
4981	5028	5027	4980
4982	5029	5028	4981
4983	5030	5029	4982
4984	5031	5030	4983
4985	4986	5033	5032
4986	4987	5034	5033
4987	4988	5035	5034
4988	4989	5036	5035
4989	4990	5037	5036
4990	4991	5038	5037
4991	4992	5039	5038
4992	4993	5040	5039
4993	4994	5041	5040
4994	4995	5042	5041
4995	4996	5043	5042
4996	4997	5044	5043
4997	4998	5045	5044
4998	4999	5046	5045
4999	5000	5047	5046
5000	5001	5048	5047
5001	5002	5049	5048
5002	5003	5050	5049
5003	5004	5051	5050
5004	5005	5052	5051
5005	5006	5053	5052
5006	5007	5054	5053
5007	5008	5055	5054
5008	5009	5056	5055
5009	5010	5057	5056
5010	5011	5058	5057
5011	5012	5059	5058
5012	5013	5060	5059
5013	5014	5061	5060
5014	5015	5062	5061
5015	5064	5063	5062
5016	5065	5064	5015
5017	5066	5065	5016
5018	5067	5066	5017
5019	5068	5067	5018
5020	5069	5068	5019
5021	5070	5069	5020
5022	5071	5070	5021
5023	5072	5071	5022
5024	5073	5072	5023
5025	5074	5073	5024
5026	5075	5074	5025
5027	5076	5075	5026
5028	5077	5076	5027
5029	5078	5077	5028
5030	5079	5078	5029
5031	5080	5079	5030
5032	5033	5082	5081
5033	5034	5083	5082
5034	5035	5084	5083
5035	5036	5085	5084
5036	5037	5086	5085
5037	5038	5087	5086
5038	5039	5088	5087
5039	5040	5089	5088
5040	5041	5090	5089
5041	5042	5091	5090
5042	5043	5092	5091
5043	5044	5093	5092
5044	5045	5094	5093
5045	5046	5095	5094
5046	5047	5096	5095
5047	5048	5097	5096
5048	5049	5098	5097
5049	5050	5099	5098
5050	5051	5100	5099
5051	5052	5101	5100
5052	5053	5102	5101
5053	5054	5103	5102
5054	5055	5104	5103
5055	5056	5105	5104
5056	5057	5106	5105
5057	5058	5107	5106
5058	5059	5108	5107
5059	5060	5109	5108
5060	5061	5110	5109
5061	5062	5111	5110
5062	5063	5112	5111
5063	5114	5113	5112
5064	5115	5114	5063
5065	5116	5115	5064
5066	5117	5116	5065
5067	5118	5117	5066
5068	5119	5118	5067
5069	5120	5119	5068
5070	5121	5120	5069
5071	5122	5121	5070
5072	5123	5122	5071
5073	5124	5123	5072
5074	5125	5124	5073
5075	5126	5125	5074
5076	5127	5126	5075
5077	5128	5127	5076
5078	5129	5128	5077
5079	5130	5129	5078
5080	5131	5130	5079
5081	5082	5133	5132
5082	5083	5134	5133
5083	5084	5135	5134
5084	5085	5136	5135
5085	5086	5137	5136
5086	5087	5138	5137
5087	5088	5139	5138
5088	5089	5140	5139
5089	5090	5141	5140
5090	5091	5142	5141
5091	5092	5143	5142
5092	5093	5144	5143
5093	5094	5145	5144
5094	5095	5146	5145
5095	5096	5147	5146
5096	5097	5148	5147
5097	5098	5149	5148
5098	5099	5150	5149
5099	5100	5151	5150
5100	5101	5152	5151
5101	5102	5153	5152
5102	5103	5154	5153
5103	5104	5155	5154
5104	5105	5156	5155
5105	5106	5157	5156
5106	5107	5158	5157
5107	5108	5159	5158
5108	5109	5160	5159
5109	5110	5161	5160
5110	5111	5162	5161
5111	5112	5163	5162
5112	5113	5164	5163
5113	5166	5165	5164
5114	5167	5166	5113
5115	5168	5167	5114
5116	5169	5168	5115
5117	5170	5169	5116
5118	5171	5170	5117
5119	5172	5171	5118
5120	5173	5172	5119
5121	5174	5173	5120
5122	5175	5174	5121
5123	5176	5175	5122
5124	5177	5176	5123
5125	5178	5177	5124
5126	5179	5178	5125
5127	5180	5179	5126
5128	5181	5180	5127
5129	5182	5181	5128
5130	5183	5182	5129
5131	5184	5183	5130
5132	5133	5186	5185
5133	5134	5187	5186
5134	5135	5188	5187
5135	5136	5189	5188
5136	5137	5190	5189
5137	5138	5191	5190
5138	5139	5192	5191
5139	5140	5193	5192
5140	5141	5194	5193
5141	5142	5195	5194
5142	5143	5196	5195
5143	5144	5197	5196
5144	5145	5198	5197
5145	5146	5199	5198
5146	5147	5200	5199
5147	5148	5201	5200
5148	5149	5202	5201
5149	5150	5203	5202
5150	5151	5204	5203
5151	5152	5205	5204
5152	5153	5206	5205
5153	5154	5207	5206
5154	5155	5208	5207
5155	5156	5209	5208
5156	5157	5210	5209
5157	5158	5211	5210
5158	5159	5212	5211
5159	5160	5213	5212
5160	5161	5214	5213
5161	5162	5215	5214
5162	5163	5216	5215
5163	5164	5217	5216
5164	5165	5218	5217
5165	5220	5219	5218
5166	5221	5220	5165
5167	5222	5221	5166
5168	5223	5222	5167
5169	5224	5223	5168
5170	5225	5224	5169
5171	5226	5225	5170
5172	5227	5226	5171
5173	5228	5227	5172
5174	5229	5228	5173
5175	5230	5229	5174
5176	5231	5230	5175
5177	5232	5231	5176
5178	5233	5232	5177
5179	5234	5233	5178
5180	5235	5234	5179
5181	5236	5235	5180
5182	5237	5236	5181
5183	5238	5237	5182
5184	5239	5238	5183
5185	5186	5241	5240
5186	5187	5242	5241
5187	5188	5243	5242
5188	5189	5244	5243
5189	5190	5245	5244
5190	5191	5246	5245
5191	5192	5247	5246
5192	5193	5248	5247
5193	5194	5249	5248
5194	5195	5250	5249
5195	5196	5251	5250
5196	5197	5252	5251
5197	5198	5253	5252
5198	5199	5254	5253
5199	5200	5255	5254
5200	5201	5256	5255
5201	5202	5257	5256
5202	5203	5258	5257
5203	5204	5259	5258
5204	5205	5260	5259
5205	5206	5261	5260
5206	5207	5262	5261
5207	5208	5263	5262
5208	5209	5264	5263
5209	5210	5265	5264
5210	5211	5266	5265
5211	5212	5267	5266
5212	5213	5268	5267
5213	5214	5269	5268
5214	5215	5270	5269
5215	5216	5271	5270
5216	5217	5272	5271
5217	5218	5273	5272
5218	5219	5274	5273
5219	5276	5275	5274
5220	5277	5276	5219
5221	5278	5277	5220
5222	5279	5278	5221
5223	5280	5279	5222
5224	5281	5280	5223
5225	5282	5281	5224
5226	5283	5282	5225
5227	5284	5283	5226
5228	5285	5284	5227
5229	5286	5285	5228
5230	5287	5286	5229
5231	5288	5287	5230
5232	5289	5288	5231
5233	5290	5289	5232
5234	5291	5290	5233
5235	5292	5291	5234
5236	5293	5292	5235
5237	5294	5293	5236
5238	5295	5294	5237
5239	5296	5295	5238
5240	5241	5298	5297
5241	5242	5299	5298
5242	5243	5300	5299
5243	5244	5301	5300
5244	5245	5302	5301
5245	5246	5303	5302
5246	5247	5304	5303
5247	5248	5305	5304
5248	5249	5306	5305
5249	5250	5307	5306
5250	5251	5308	5307
5251	5252	5309	5308
5252	5253	5310	5309
5253	5254	5311	5310
5254	5255	5312	5311
5255	5256	5313	5312
5256	5257	5314	5313
5257	5258	5315	5314
5258	5259	5316	5315
5259	5260	5317	5316
5260	5261	5318	5317
5261	5262	5319	5318
5262	5263	5320	5319
5263	5264	5321	5320
5264	5265	5322	5321
5265	5266	5323	5322
5266	5267	5324	5323
5267	5268	5325	5324
5268	5269	5326	5325
5269	5270	5327	5326
5270	5271	5328	5327
5271	5272	5329	5328
5272	5273	5330	5329
5273	5274	5331	5330
5274	5275	5332	5331
5275	5334	5333	5332
5276	5335	5334	5275
5277	5336	5335	5276
5278	5337	5336	5277
5279	5338	5337	5278
5280	5339	5338	5279
5281	5340	5339	5280
5282	5341	5340	5281
5283	5342	5341	5282
5284	5343	5342	5283
5285	5344	5343	5284
5286	5345	5344	5285
5287	5346	5345	5286
5288	5347	5346	5287
5289	5348	5347	5288
5290	5349	5348	5289
5291	5350	5349	5290
5292	5351	5350	5291
5293	5352	5351	5292
5294	5353	5352	5293
5295	5354	5353	5294
5296	5355	5354	5295
5297	5298	5357	5356
5298	5299	5358	5357
5299	5300	5359	5358
5300	5301	5360	5359
5301	5302	5361	5360
5302	5303	5362	5361
5303	5304	5363	5362
5304	5305	5364	5363
5305	5306	5365	5364
5306	5307	5366	5365
5307	5308	5367	5366
5308	5309	5368	5367
5309	5310	5369	5368
5310	5311	5370	5369
5311	5312	5371	5370
5312	5313	5372	5371
5313	5314	5373	5372
5314	5315	5374	5373
5315	5316	5375	5374
5316	5317	5376	5375
5317	5318	5377	5376
5318	5319	5378	5377
5319	5320	5379	5378
5320	5321	5380	5379
5321	5322	5381	5380
5322	5323	5382	5381
5323	5324	5383	5382
5324	5325	5384	5383
5325	5326	5385	5384
5326	5327	5386	5385
5327	5328	5387	5386
5328	5329	5388	5387
5329	5330	5389	5388
5330	5331	5390	5389
5331	5332	5391	5390
5332	5333	5392	5391
5333	5394	5393	5392
5334	5395	5394	5333
5335	5396	5395	5334
5336	5397	5396	5335
5337	5398	5397	5336
5338	5399	5398	5337
5339	5400	5399	5338
5340	5401	5400	5339
5341	5402	5401	5340
5342	5403	5402	5341
5343	5404	5403	5342
5344	5405	5404	5343
5345	5406	5405	5344
5346	5407	5406	5345
5347	5408	5407	5346
5348	5409	5408	5347
5349	5410	5409	5348
5350	5411	5410	5349
5351	5412	5411	5350
5352	5413	5412	5351
5353	5414	5413	5352
5354	5415	5414	5353
5355	5416	5415	5354
5356	5357	5418	5417
5357	5358	5419	5418
5358	5359	5420	5419
5359	5360	5421	5420
5360	5361	5422	5421
5361	5362	5423	5422
5362	5363	5424	5423
5363	5364	5425	5424
5364	5365	5426	5425
5365	5366	5427	5426
5366	5367	5428	5427
5367	5368	5429	5428
5368	5369	5430	5429
5369	5370	5431	5430
5370	5371	5432	5431
5371	5372	5433	5432
5372	5373	5434	5433
5373	5374	5435	5434
5374	5375	5436	5435
5375	5376	5437	5436
5376	5377	5438	5437
5377	5378	5439	5438
5378	5379	5440	5439
5379	5380	5441	5440
5380	5381	5442	5441
5381	5382	5443	5442
5382	5383	5444	5443
5383	5384	5445	5444
5384	5385	5446	5445
5385	5386	5447	5446
5386	5387	5448	5447
5387	5388	5449	5448
5388	5389	5450	5449
5389	5390	5451	5450
5390	5391	5452	5451
5391	5392	5453	5452
5392	5393	5454	5453
5393	5456	5455	5454
5394	5457	5456	5393
5395	5458	5457	5394
5396	5459	5458	5395
5397	5460	5459	5396
5398	5461	5460	5397
5399	5462	5461	5398
5400	5463	5462	5399
5401	5464	5463	5400
5402	5465	5464	5401
5403	5466	5465	5402
5404	5467	5466	5403
5405	5468	5467	5404
5406	5469	5468	5405
5407	5470	5469	5406
5408	5471	5470	5407
5409	5472	5471	5408
5410	5473	5472	5409
5411	5474	5473	5410
5412	5475	5474	5411
5413	5476	5475	5412
5414	5477	5476	5413
5415	5478	5477	5414
5416	5479	5478	5415
5417	5418	5481	5480
5418	5419	5482	5481
5419	5420	5483	5482
5420	5421	5484	5483
5421	5422	5485	5484
5422	5423	5486	5485
5423	5424	5487	5486
5424	5425	5488	5487
5425	5426	5489	5488
5426	5427	5490	5489
5427	5428	5491	5490
5428	5429	5492	5491
5429	5430	5493	5492
5430	5431	5494	5493
5431	5432	5495	5494
5432	5433	5496	5495
5433	5434	5497	5496
5434	5435	5498	5497
5435	5436	5499	5498
5436	5437	5500	5499
5437	5438	5501	5500
5438	5439	5502	5501
5439	5440	5503	5502
5440	5441	5504	5503
5441	5442	5505	5504
5442	5443	5506	5505
5443	5444	5507	5506
5444	5445	5508	5507
5445	5446	5509	5508
5446	5447	5510	5509
5447	5448	5511	5510
5448	5449	5512	5511
5449	5450	5513	5512
5450	5451	5514	5513
5451	5452	5515	5514
5452	5453	5516	5515
5453	5454	5517	5516
5454	5455	5518	5517
5455	5520	5519	5518
5456	5521	5520	5455
5457	5522	5521	5456
5458	5523	5522	5457
5459	5524	5523	5458
5460	5525	5524	5459
5461	5526	5525	5460
5462	5527	5526	5461
5463	5528	5527	5462
5464	5529	5528	5463
5465	5530	5529	5464
5466	5531	5530	5465
5467	5532	5531	5466
5468	5533	5532	5467
5469	5534	5533	5468
5470	5535	5534	5469
5471	5536	5535	5470
5472	5537	5536	5471
5473	5538	5537	5472
5474	5539	5538	5473
5475	5540	5539	5474
5476	5541	5540	5475
5477	5542	5541	5476
5478	5543	5542	5477
5479	5544	5543	5478
5480	5481	5546	5545
5481	5482	5547	5546
5482	5483	5548	5547
5483	5484	5549	5548
5484	5485	5550	5549
5485	5486	5551	5550
5486	5487	5552	5551
5487	5488	5553	5552
5488	5489	5554	5553
5489	5490	5555	5554
5490	5491	5556	5555
5491	5492	5557	5556
5492	5493	5558	5557
5493	5494	5559	5558
5494	5495	5560	5559
5495	5496	5561	5560
5496	5497	5562	5561
5497	5498	5563	5562
5498	5499	5564	5563
5499	5500	5565	5564
5500	5501	5566	5565
5501	5502	5567	5566
5502	5503	5568	5567
5503	5504	5569	5568
5504	5505	5570	5569
5505	5506	5571	5570
5506	5507	5572	5571
5507	5508	5573	5572
5508	5509	5574	5573
5509	5510	5575	5574
5510	5511	5576	5575
5511	5512	5577	5576
5512	5513	5578	5577
5513	5514	5579	5578
5514	5515	5580	5579
5515	5516	5581	5580
5516	5517	5582	5581
5517	5518	5583	5582
5518	5519	5584	5583
5519	5586	5585	5584
5520	5587	5586	5519
5521	5588	5587	5520
5522	5589	5588	5521
5523	5590	5589	5522
5524	5591	5590	5523
5525	5592	5591	5524
5526	5593	5592	5525
5527	5594	5593	5526
5528	5595	5594	5527
5529	5596	5595	5528
5530	5597	5596	5529
5531	5598	5597	5530
5532	5599	5598	5531
5533	5600	5599	5532
5534	5601	5600	5533
5535	5602	5601	5534
5536	5603	5602	5535
5537	5604	5603	5536
5538	5605	5604	5537
5539	5606	5605	5538
5540	5607	5606	5539
5541	5608	5607	5540
5542	5609	5608	5541
5543	5610	5609	5542
5544	5611	5610	5543
5545	5546	5613	5612
5546	5547	5614	5613
5547	5548	5615	5614
5548	5549	5616	5615
5549	5550	5617	5616
5550	5551	5618	5617
5551	5552	5619	5618
5552	5553	5620	5619
5553	5554	5621	5620
5554	5555	5622	5621
5555	5556	5623	5622
5556	5557	5624	5623
5557	5558	5625	5624
5558	5559	5626	5625
5559	5560	5627	5626
5560	5561	5628	5627
5561	5562	5629	5628
5562	5563	5630	5629
5563	5564	5631	5630
5564	5565	5632	5631
5565	5566	5633	5632
5566	5567	5634	5633
5567	5568	5635	5634
5568	5569	5636	5635
5569	5570	5637	5636
5570	5571	5638	5637
5571	5572	5639	5638
5572	5573	5640	5639
5573	5574	5641	5640
5574	5575	5642	5641
5575	5576	5643	5642
5576	5577	5644	5643
5577	5578	5645	5644
5578	5579	5646	5645
5579	5580	5647	5646
5580	5581	5648	5647
5581	5582	5649	5648
5582	5583	5650	5649
5583	5584	5651	5650
5584	5585	5652	5651
5585	5654	5653	5652
5586	5655	5654	5585
5587	5656	5655	5586
5588	5657	5656	5587
5589	5658	5657	5588
5590	5659	5658	5589
5591	5660	5659	5590
5592	5661	5660	5591
5593	5662	5661	5592
5594	5663	5662	5593
5595	5664	5663	5594
5596	5665	5664	5595
5597	5666	5665	5596
5598	5667	5666	5597
5599	5668	5667	5598
5600	5669	5668	5599
5601	5670	5669	5600
5602	5671	5670	5601
5603	5672	5671	5602
5604	5673	5672	5603
5605	5674	5673	5604
5606	5675	5674	5605
5607	5676	5675	5606
5608	5677	5676	5607
5609	5678	5677	5608
5610	5679	5678	5609
5611	5680	5679	5610
5612	5613	5682	5681
5613	5614	5683	5682
5614	5615	5684	5683
5615	5616	5685	5684
5616	5617	5686	5685
5617	5618	5687	5686
5618	5619	5688	5687
5619	5620	5689	5688
5620	5621	5690	5689
5621	5622	5691	5690
5622	5623	5692	5691
5623	5624	5693	5692
5624	5625	5694	5693
5625	5626	5695	5694
5626	5627	5696	5695
5627	5628	5697	5696
5628	5629	5698	5697
5629	5630	5699	5698
5630	5631	5700	5699
5631	5632	5701	5700
5632	5633	5702	5701
5633	5634	5703	5702
5634	5635	5704	5703
5635	5636	5705	5704
5636	5637	5706	5705
5637	5638	5707	5706
5638	5639	5708	5707
5639	5640	5709	5708
5640	5641	5710	5709
5641	5642	5711	5710
5642	5643	5712	5711
5643	5644	5713	5712
5644	5645	5714	5713
5645	5646	5715	5714
5646	5647	5716	5715
5647	5648	5717	5716
5648	5649	5718	5717
5649	5650	5719	5718
5650	5651	5720	5719
5651	5652	5721	5720
5652	5653	5722	5721
5653	5724	5723	5722
5654	5725	5724	5653
5655	5726	5725	5654
5656	5727	5726	5655
5657	5728	5727	5656
5658	5729	5728	5657
5659	5730	5729	5658
5660	5731	5730	5659
5661	5732	5731	5660
5662	5733	5732	5661
5663	5734	5733	5662
5664	5735	5734	5663
5665	5736	5735	5664
5666	5737	5736	5665
5667	5738	5737	5666
5668	5739	5738	5667
5669	5740	5739	5668
5670	5741	5740	5669
5671	5742	5741	5670
5672	5743	5742	5671
5673	5744	5743	5672
5674	5745	5744	5673
5675	5746	5745	5674
5676	5747	5746	5675
5677	5748	5747	5676
5678	5749	5748	5677
5679	5750	5749	5678
5680	5751	5750	5679
5681	5682	5753	5752
5682	5683	5754	5753
5683	5684	5755	5754
5684	5685	5756	5755
5685	5686	5757	5756
5686	5687	5758	5757
5687	5688	5759	5758
5688	5689	5760	5759
5689	5690	5761	5760
5690	5691	5762	5761
5691	5692	5763	5762
5692	5693	5764	5763
5693	5694	5765	5764
5694	5695	5766	5765
5695	5696	5767	5766
5696	5697	5768	5767
5697	5698	5769	5768
5698	5699	5770	5769
5699	5700	5771	5770
5700	5701	5772	5771
5701	5702	5773	5772
5702	5703	5774	5773
5703	5704	5775	5774
5704	5705	5776	5775
5705	5706	5777	5776
5706	5707	5778	5777
5707	5708	5779	5778
5708	5709	5780	5779
5709	5710	5781	5780
5710	5711	5782	5781
5711	5712	5783	5782
5712	5713	5784	5783
5713	5714	5785	5784
5714	5715	5786	5785
5715	5716	5787	5786
5716	5717	5788	5787
5717	5718	5789	5788
5718	5719	5790	5789
5719	5720	5791	5790
5720	5721	5792	5791
5721	5722	5793	5792
5722	5723	5794	5793
5723	5796	5795	5794
5724	5797	5796	5723
5725	5798	5797	5724
5726	5799	5798	5725
5727	5800	5799	5726
5728	5801	5800	5727
5729	5802	5801	5728
5730	5803	5802	5729
5731	5804	5803	5730
5732	5805	5804	5731
5733	5806	5805	5732
5734	5807	5806	5733
5735	5808	5807	5734
5736	5809	5808	5735
5737	5810	5809	5736
5738	5811	5810	5737
5739	5812	5811	5738
5740	5813	5812	5739
5741	5814	5813	5740
5742	5815	5814	5741
5743	5816	5815	5742
5744	5817	5816	5743
5745	5818	5817	5744
5746	5819	5818	5745
5747	5820	5819	5746
5748	5821	5820	5747
5749	5822	5821	5748
5750	5823	5822	5749
5751	5824	5823	5750
5752	5753	5826	5825
5753	5754	5827	5826
5754	5755	5828	5827
5755	5756	5829	5828
5756	5757	5830	5829
5757	5758	5831	5830
5758	5759	5832	5831
5759	5760	5833	5832
5760	5761	5834	5833
5761	5762	5835	5834
5762	5763	5836	5835
5763	5764	5837	5836
5764	5765	5838	5837
5765	5766	5839	5838
5766	5767	5840	5839
5767	5768	5841	5840
5768	5769	5842	5841
5769	5770	5843	5842
5770	5771	5844	5843
5771	5772	5845	5844
5772	5773	5846	5845
5773	5774	5847	5846
5774	5775	5848	5847
5775	5776	5849	5848
5776	5777	5850	5849
5777	5778	5851	5850
5778	5779	5852	5851
5779	5780	5853	5852
5780	5781	5854	5853
5781	5782	5855	5854
5782	5783	5856	5855
5783	5784	5857	5856
5784	5785	5858	5857
5785	5786	5859	5858
5786	5787	5860	5859
5787	5788	5861	5860
5788	5789	5862	5861
5789	5790	5863	5862
5790	5791	5864	5863
5791	5792	5865	5864
5792	5793	5866	5865
5793	5794	5867	5866
5794	5795	5868	5867
5795	5870	5869	5868
5796	5871	5870	5795
5797	5872	5871	5796
5798	5873	5872	5797
5799	5874	5873	5798
5800	5875	5874	5799
5801	5876	5875	5800
5802	5877	5876	5801
5803	5878	5877	5802
5804	5879	5878	5803
5805	5880	5879	5804
5806	5881	5880	5805
5807	5882	5881	5806
5808	5883	5882	5807
5809	5884	5883	5808
5810	5885	5884	5809
5811	5886	5885	5810
5812	5887	5886	5811
5813	5888	5887	5812
5814	5889	5888	5813
5815	5890	5889	5814
5816	5891	5890	5815
5817	5892	5891	5816
5818	5893	5892	5817
5819	5894	5893	5818
5820	5895	5894	5819
5821	5896	5895	5820
5822	5897	5896	5821
5823	5898	5897	5822
5824	5899	5898	5823
5825	5826	5901	5900
5826	5827	5902	5901
5827	5828	5903	5902
5828	5829	5904	5903
5829	5830	5905	5904
5830	5831	5906	5905
5831	5832	5907	5906
5832	5833	5908	5907
5833	5834	5909	5908
5834	5835	5910	5909
5835	5836	5911	5910
5836	5837	5912	5911
5837	5838	5913	5912
5838	5839	5914	5913
5839	5840	5915	5914
5840	5841	5916	5915
5841	5842	5917	5916
5842	5843	5918	5917
5843	5844	5919	5918
5844	5845	5920	5919
5845	5846	5921	5920
5846	5847	5922	5921
5847	5848	5923	5922
5848	5849	5924	5923
5849	5850	5925	5924
5850	5851	5926	5925
5851	5852	5927	5926
5852	5853	5928	5927
5853	5854	5929	5928
5854	5855	5930	5929
5855	5856	5931	5930
5856	5857	5932	5931
5857	5858	5933	5932
5858	5859	5934	5933
5859	5860	5935	5934
5860	5861	5936	5935
5861	5862	5937	5936
5862	5863	5938	5937
5863	5864	5939	5938
5864	5865	5940	5939
5865	5866	5941	5940
5866	5867	5942	5941
5867	5868	5943	5942
5868	5869	5944	5943
5869	5946	5945	5944
5870	5947	5946	5869
5871	5948	5947	5870
5872	5949	5948	5871
5873	5950	5949	5872
5874	5951	5950	5873
5875	5952	5951	5874
5876	5953	5952	5875
5877	5954	5953	5876
5878	5955	5954	5877
5879	5956	5955	5878
5880	5957	5956	5879
5881	5958	5957	5880
5882	5959	5958	5881
5883	5960	5959	5882
5884	5961	5960	5883
5885	5962	5961	5884
5886	5963	5962	5885
5887	5964	5963	5886
5888	5965	5964	5887
5889	5966	5965	5888
5890	5967	5966	5889
5891	5968	5967	5890
5892	5969	5968	5891
5893	5970	5969	5892
5894	5971	5970	5893
5895	5972	5971	5894
5896	5973	5972	5895
5897	5974	5973	5896
5898	5975	5974	5897
5899	5976	5975	5898