1	2	451	450
2	3	452	451
3	4	453	452
4	5	454	453
5	6	455	454
6	7	456	455
7	8	457	456
8	9	458	457
9	10	459	458
10	11	460	459
11	12	461	460
12	13	462	461
13	14	463	462
14	15	464	463
15	16	465	464
16	17	466	465
17	18	467	466
18	19	468	467
19	20	469	468
20	21	470	469
21	22	471	470
22	23	472	471
23	24	473	472
24	25	474	473
25	26	475	474
26	27	476	475
27	28	477	476
28	29	478	477
29	30	479	478
30	31	480	479
31	32	481	480
32	33	482	481
33	34	483	482
34	35	484	483
35	36	485	484
36	37	486	485
37	38	487	486
38	39	488	487
39	40	489	488
40	41	490	489
41	42	491	490
42	43	492	491
43	44	493	492
44	45	494	493
45	46	495	494
46	47	496	495
47	48	497	496
48	49	498	497
49	50	499	498
50	51	500	499
51	52	501	500
52	53	502	501
53	54	503	502
54	55	504	503
55	56	505	504
56	57	506	505
57	58	507	506
58	59	508	507
59	60	509	508
60	61	510	509
61	62	511	510
62	63	512	511
63	64	513	512
64	65	514	513
65	66	515	514
66	67	516	515
67	68	517	516
68	69	518	517
69	70	519	518
70	71	520	519
71	72	521	520
72	73	522	521
73	74	523	522
74	75	524	523
75	76	525	524
76	77	526	525
77	78	527	526
78	79	528	527
79	80	529	528
80	81	530	529
81	82	531	530
82	83	532	531
83	84	533	532
84	85	534	533
85	86	535	534
86	87	536	535
87	88	537	536
88	89	538	537
89	90	539	538
90	91	540	539
91	92	541	540
92	93	542	541
93	94	543	542
94	95	544	543
95	96	545	544
96	97	546	545
97	98	547	546
98	99	548	547
99	100	549	548
100	101	550	549
101	102	551	550
102	103	552	551
103	104	553	552
104	105	554	553
105	106	555	554
106	107	556	555
107	108	557	556
108	109	558	557
109	110	559	558
110	111	560	559
111	112	561	560
112	113	562	561
113	114	563	562
114	115	564	563
115	116	565	564
116	117	566	565
117	118	567	566
118	119	568	567
119	120	569	568
120	121	570	569
121	122	571	570
122	123	572	571
123	124	573	572
124	125	574	573
125	126	575	574
126	127	576	575
127	128	577	576
128	129	578	577
129	130	579	578
130	131	580	579
131	132	581	580
132	133	582	581
133	134	583	582
134	135	584	583
135	136	585	584
136	137	586	585
137	138	587	586
138	139	588	587
139	140	589	588
140	141	590	589
141	142	591	590
142	143	592	591
143	144	593	592
144	145	594	593
145	146	595	594
146	147	596	595
147	148	597	596
148	149	598	597
149	150	599	598
150	151	600	599
151	152	601	600
152	153	602	601
153	154	603	602
154	155	604	603
155	156	605	604
156	157	606	605
157	158	607	606
158	159	608	607
159	160	609	608
160	161	610	609
161	162	611	610
162	163	612	611
163	164	613	612
164	165	614	613
165	166	615	614
166	167	616	615
167	168	617	616
168	169	618	617
169	170	619	618
170	171	620	619
171	172	621	620
172	173	622	621
173	174	623	622
174	175	624	623
175	176	625	624
176	177	626	625
177	178	627	626
178	179	628	627
179	180	629	628
180	181	630	629
181	182	631	630
182	183	632	631
183	184	633	632
184	185	634	633
185	186	635	634
186	187	636	635
187	188	637	636
188	189	638	637
189	190	639	638
190	191	640	639
191	192	641	640
192	193	642	641
193	194	643	642
194	195	644	643
195	196	645	644
196	197	646	645
197	198	647	646
198	199	648	647
199	200	649	648
200	201	650	649
201	202	651	650
202	203	652	651
203	204	653	652
204	205	654	653
205	206	655	654
206	207	656	655
207	208	657	656
208	209	658	657
209	210	659	658
210	211	660	659
211	212	661	660
212	213	662	661
213	214	663	662
214	215	664	663
215	216	665	664
216	217	666	665
217	218	667	666
218	219	668	667
219	220	669	668
220	221	670	669
221	222	671	670
222	223	672	671
223	224	673	672
224	225	674	673
225	226	675	674
226	227	676	675
227	228	677	676
228	229	678	677
229	230	679	678
230	231	680	679
231	232	681	680
232	233	682	681
233	234	683	682
234	235	684	683
235	236	685	684
236	237	686	685
237	238	687	686
238	239	688	687
239	240	689	688
240	241	690	689
241	242	691	690
242	243	692	691
243	244	693	692
244	245	694	693
245	246	695	694
246	247	696	695
247	248	697	696
248	249	698	697
249	250	699	698
250	251	700	699
251	252	701	700
252	253	702	701
253	254	703	702
254	255	704	703
255	256	705	704
256	257	706	705
257	258	707	706
258	259	708	707
259	260	709	708
260	261	710	709
261	262	711	710
262	263	712	711
263	264	713	712
264	265	714	713
265	266	715	714
266	267	716	715
267	268	717	716
268	269	718	717
269	270	719	718
270	271	720	719
271	272	721	720
272	273	722	721
273	274	723	722
274	275	724	723
275	276	725	724
276	277	726	725
277	278	727	726
278	279	728	727
279	280	729	728
280	281	730	729
281	282	731	730
282	283	732	731
283	284	733	732
284	285	734	733
285	286	735	734
286	287	736	735
287	288	737	736
288	289	738	737
289	290	739	738
290	291	740	739
291	292	741	740
292	293	742	741
293	294	743	742
294	295	744	743
295	296	745	744
296	297	746	745
297	298	747	746
298	299	748	747
299	300	749	748
300	301	750	749
301	302	751	750
302	303	752	751
303	304	753	752
304	305	754	753
305	306	755	754
306	307	756	755
307	308	757	756
308	309	758	757
309	310	759	758
310	311	760	759
311	312	761	760
312	313	762	761
313	314	763	762
314	315	764	763
315	316	765	764
316	317	766	765
317	318	767	766
318	319	768	767
319	320	769	768
320	321	770	769
321	322	771	770
322	323	772	771
323	324	773	772
324	325	774	773
325	326	775	774
326	327	776	775
327	328	777	776
328	329	778	777
329	330	779	778
330	331	780	779
331	332	781	780
332	333	782	781
333	334	783	782
334	335	784	783
335	336	785	784
336	337	786	785
337	338	787	786
338	339	788	787
339	340	789	788
340	341	790	789
341	342	791	790
342	343	792	791
343	344	793	792
344	345	794	793
345	346	795	794
346	347	796	795
347	348	797	796
348	349	798	797
349	350	799	798
350	351	800	799
351	352	801	800
352	353	802	801
353	354	803	802
354	355	804	803
355	356	805	804
356	357	806	805
357	358	807	806
358	359	808	807
359	360	809	808
360	361	810	809
361	362	811	810
362	363	812	811
363	364	813	812
364	365	814	813
365	366	815	814
366	367	816	815
367	368	817	816
368	369	818	817
369	370	819	818
370	371	820	819
371	372	821	820
372	373	822	821
373	374	823	822
374	375	824	823
375	376	825	824
376	377	826	825
377	378	827	826
378	379	828	827
379	380	829	828
380	381	830	829
381	382	831	830
382	383	832	831
383	384	833	832
384	385	834	833
385	386	835	834
386	387	836	835
387	388	837	836
388	389	838	837
389	390	839	838
390	391	840	839
391	392	841	840
392	393	842	841
393	394	843	842
394	395	844	843
395	396	845	844
396	397	846	845
397	398	847	846
398	399	848	847
399	400	849	848
400	401	850	849
401	402	851	850
402	403	852	851
403	404	853	852
404	405	854	853
405	406	855	854
406	407	856	855
407	408	857	856
408	409	858	857
409	410	859	858
410	411	860	859
411	412	861	860
412	413	862	861
413	414	863	862
414	415	864	863
415	416	865	864
416	417	866	865
417	418	867	866
418	419	868	867
419	420	869	868
420	421	870	869
421	422	871	870
422	423	872	871
423	424	873	872
424	425	874	873
425	426	875	874
426	427	876	875
427	428	877	876
428	429	878	877
429	430	879	878
430	431	880	879
431	432	881	880
432	433	882	881
433	434	883	882
434	435	884	883
435	436	885	884
436	437	886	885
437	438	887	886
438	439	888	887
439	440	889	888
440	441	890	889
441	442	891	890
442	443	892	891
443	444	893	892
444	445	894	893
445	446	895	894
446	447	896	895
447	448	897	896
448	449	898	897
449	900	899	898
900	1353	1352	899
1353	1808	1807	1352
1808	2265	2264	1807
2265	2724	2723	2264
2724	3185	3184	2723
450	451	902	901
451	452	903	902
452	453	904	903
453	454	905	904
454	455	906	905
455	456	907	906
456	457	908	907
457	458	909	908
458	459	910	909
459	460	911	910
460	461	912	911
461	462	913	912
462	463	914	913
463	464	915	914
464	465	916	915
465	466	917	916
466	467	918	917
467	468	919	918
468	469	920	919
469	470	921	920
470	471	922	921
471	472	923	922
472	473	924	923
473	474	925	924
474	475	926	925
475	476	927	926
476	477	928	927
477	478	929	928
478	479	930	929
479	480	931	930
480	481	932	931
481	482	933	932
482	483	934	933
483	484	935	934
484	485	936	935
485	486	937	936
486	487	938	937
487	488	939	938
488	489	940	939
489	490	941	940
490	491	942	941
491	492	943	942
492	493	944	943
493	494	945	944
494	495	946	945
495	496	947	946
496	497	948	947
497	498	949	948
498	499	950	949
499	500	951	950
500	501	952	951
501	502	953	952
502	503	954	953
503	504	955	954
504	505	956	955
505	506	957	956
506	507	958	957
507	508	959	958
508	509	960	959
509	510	961	960
510	511	962	961
511	512	963	962
512	513	964	963
513	514	965	964
514	515	966	965
515	516	967	966
516	517	968	967
517	518	969	968
518	519	970	969
519	520	971	970
520	521	972	971
521	522	973	972
522	523	974	973
523	524	975	974
524	525	976	975
525	526	977	976
526	527	978	977
527	528	979	978
528	529	980	979
529	530	981	980
530	531	982	981
531	532	983	982
532	533	984	983
533	534	985	984
534	535	986	985
535	536	987	986
536	537	988	987
537	538	989	988
538	539	990	989
539	540	991	990
540	541	992	991
541	542	993	992
542	543	994	993
543	544	995	994
544	545	996	995
545	546	997	996
546	547	998	997
547	548	999	998
548	549	1000	999
549	550	1001	1000
550	551	1002	1001
551	552	1003	1002
552	553	1004	1003
553	554	1005	1004
554	555	1006	1005
555	556	1007	1006
556	557	1008	1007
557	558	1009	1008
558	559	1010	1009
559	560	1011	1010
560	561	1012	1011
561	562	1013	1012
562	563	1014	1013
563	564	1015	1014
564	565	1016	1015
565	566	1017	1016
566	567	1018	1017
567	568	1019	1018
568	569	1020	1019
569	570	1021	1020
570	571	1022	1021
571	572	1023	1022
572	573	1024	1023
573	574	1025	1024
574	575	1026	1025
575	576	1027	1026
576	577	1028	1027
577	578	1029	1028
578	579	1030	1029
579	580	1031	1030
580	581	1032	1031
581	582	1033	1032
582	583	1034	1033
583	584	1035	1034
584	585	1036	1035
585	586	1037	1036
586	587	1038	1037
587	588	1039	1038
588	589	1040	1039
589	590	1041	1040
590	591	1042	1041
591	592	1043	1042
592	593	1044	1043
593	594	1045	1044
594	595	1046	1045
595	596	1047	1046
596	597	1048	1047
597	598	1049	1048
598	599	1050	1049
599	600	1051	1050
600	601	1052	1051
601	602	1053	1052
602	603	1054	1053
603	604	1055	1054
604	605	1056	1055
605	606	1057	1056
606	607	1058	1057
607	608	1059	1058
608	609	1060	1059
609	610	1061	1060
610	611	1062	1061
611	612	1063	1062
612	613	1064	1063
613	614	1065	1064
614	615	1066	1065
615	616	1067	1066
616	617	1068	1067
617	618	1069	1068
618	619	1070	1069
619	620	1071	1070
620	621	1072	1071
621	622	1073	1072
622	623	1074	1073
623	624	1075	1074
624	625	1076	1075
625	626	1077	1076
626	627	1078	1077
627	628	1079	1078
628	629	1080	1079
629	630	1081	1080
630	631	1082	1081
631	632	1083	1082
632	633	1084	1083
633	634	1085	1084
634	635	1086	1085
635	636	1087	1086
636	637	1088	1087
637	638	1089	1088
638	639	1090	1089
639	640	1091	1090
640	641	1092	1091
641	642	1093	1092
642	643	1094	1093
643	644	1095	1094
644	645	1096	1095
645	646	1097	1096
646	647	1098	1097
647	648	1099	1098
648	649	1100	1099
649	650	1101	1100
650	651	1102	1101
651	652	1103	1102
652	653	1104	1103
653	654	1105	1104
654	655	1106	1105
655	656	1107	1106
656	657	1108	1107
657	658	1109	1108
658	659	1110	1109
659	660	1111	1110
660	661	1112	1111
661	662	1113	1112
662	663	1114	1113
663	664	1115	1114
664	665	1116	1115
665	666	1117	1116
666	667	1118	1117
667	668	1119	1118
668	669	1120	1119
669	670	1121	1120
670	671	1122	1121
671	672	1123	1122
672	673	1124	1123
673	674	1125	1124
674	675	1126	1125
675	676	1127	1126
676	677	1128	1127
677	678	1129	1128
678	679	1130	1129
679	680	1131	1130
680	681	1132	1131
681	682	1133	1132
682	683	1134	1133
683	684	1135	1134
684	685	1136	1135
685	686	1137	1136
686	687	1138	1137
687	688	1139	1138
688	689	1140	1139
689	690	1141	1140
690	691	1142	1141
691	692	1143	1142
692	693	1144	1143
693	694	1145	1144
694	695	1146	1145
695	696	1147	1146
696	697	1148	1147
697	698	1149	1148
698	699	1150	1149
699	700	1151	1150
700	701	1152	1151
701	702	1153	1152
702	703	1154	1153
703	704	1155	1154
704	705	1156	1155
705	706	1157	1156
706	707	1158	1157
707	708	1159	1158
708	709	1160	1159
709	710	1161	1160
710	711	1162	1161
711	712	1163	1162
712	713	1164	1163
713	714	1165	1164
714	715	1166	1165
715	716	1167	1166
716	717	1168	1167
717	718	1169	1168
718	719	1170	1169
719	720	1171	1170
720	721	1172	1171
721	722	1173	1172
722	723	1174	1173
723	724	1175	1174
724	725	1176	1175
725	726	1177	1176
726	727	1178	1177
727	728	1179	1178
728	729	1180	1179
729	730	1181	1180
730	731	1182	1181
731	732	1183	1182
732	733	1184	1183
733	734	1185	1184
734	735	1186	1185
735	736	1187	1186
736	737	1188	1187
737	738	1189	1188
738	739	1190	1189
739	740	1191	1190
740	741	1192	1191
741	742	1193	1192
742	743	1194	1193
743	744	1195	1194
744	745	1196	1195
745	746	1197	1196
746	747	1198	1197
747	748	1199	1198
748	749	1200	1199
749	750	1201	1200
750	751	1202	1201
751	752	1203	1202
752	753	1204	1203
753	754	1205	1204
754	755	1206	1205
755	756	1207	1206
756	757	1208	1207
757	758	1209	1208
758	759	1210	1209
759	760	1211	1210
760	761	1212	1211
761	762	1213	1212
762	763	1214	1213
763	764	1215	1214
764	765	1216	1215
765	766	1217	1216
766	767	1218	1217
767	768	1219	1218
768	769	1220	1219
769	770	1221	1220
770	771	1222	1221
771	772	1223	1222
772	773	1224	1223
773	774	1225	1224
774	775	1226	1225
775	776	1227	1226
776	777	1228	1227
777	778	1229	1228
778	779	1230	1229
779	780	1231	1230
780	781	1232	1231
781	782	1233	1232
782	783	1234	1233
783	784	1235	1234
784	785	1236	1235
785	786	1237	1236
786	787	1238	1237
787	788	1239	1238
788	789	1240	1239
789	790	1241	1240
790	791	1242	1241
791	792	1243	1242
792	793	1244	1243
793	794	1245	1244
794	795	1246	1245
795	796	1247	1246
796	797	1248	1247
797	798	1249	1248
798	799	1250	1249
799	800	1251	1250
800	801	1252	1251
801	802	1253	1252
802	803	1254	1253
803	804	1255	1254
804	805	1256	1255
805	806	1257	1256
806	807	1258	1257
807	808	1259	1258
808	809	1260	1259
809	810	1261	1260
810	811	1262	1261
811	812	1263	1262
812	813	1264	1263
813	814	1265	1264
814	815	1266	1265
815	816	1267	1266
816	817	1268	1267
817	818	1269	1268
818	819	1270	1269
819	820	1271	1270
820	821	1272	1271
821	822	1273	1272
822	823	1274	1273
823	824	1275	1274
824	825	1276	1275
825	826	1277	1276
826	827	1278	1277
827	828	1279	1278
828	829	1280	1279
829	830	1281	1280
830	831	1282	1281
831	832	1283	1282
832	833	1284	1283
833	834	1285	1284
834	835	1286	1285
835	836	1287	1286
836	837	1288	1287
837	838	1289	1288
838	839	1290	1289
839	840	1291	1290
840	841	1292	1291
841	842	1293	1292
842	843	1294	1293
843	844	1295	1294
844	845	1296	1295
845	846	1297	1296
846	847	1298	1297
847	848	1299	1298
848	849	1300	1299
849	850	1301	1300
850	851	1302	1301
851	852	1303	1302
852	853	1304	1303
853	854	1305	1304
854	855	1306	1305
855	856	1307	1306
856	857	1308	1307
857	858	1309	1308
858	859	1310	1309
859	860	1311	1310
860	861	1312	1311
861	862	1313	1312
862	863	1314	1313
863	864	1315	1314
864	865	1316	1315
865	866	1317	1316
866	867	1318	1317
867	868	1319	1318
868	869	1320	1319
869	870	1321	1320
870	871	1322	1321
871	872	1323	1322
872	873	1324	1323
873	874	1325	1324
874	875	1326	1325
875	876	1327	1326
876	877	1328	1327
877	878	1329	1328
878	879	1330	1329
879	880	1331	1330
880	881	1332	1331
881	882	1333	1332
882	883	1334	1333
883	884	1335	1334
884	885	1336	1335
885	886	1337	1336
886	887	1338	1337
887	888	1339	1338
888	889	1340	1339
889	890	1341	1340
890	891	1342	1341
891	892	1343	1342
892	893	1344	1343
893	894	1345	1344
894	895	1346	1345
895	896	1347	1346
896	897	1348	1347
897	898	1349	1348
898	899	1350	1349
899	1352	1351	1350
1352	1807	1806	1351
1807	2264	2263	1806
2264	2723	2722	2263
2723	3184	3183	2722
901	902	1355	1354
902	903	1356	1355
903	904	1357	1356
904	905	1358	1357
905	906	1359	1358
906	907	1360	1359
907	908	1361	1360
908	909	1362	1361
909	910	1363	1362
910	911	1364	1363
911	912	1365	1364
912	913	1366	1365
913	914	1367	1366
914	915	1368	1367
915	916	1369	1368
916	917	1370	1369
917	918	1371	1370
918	919	1372	1371
919	920	1373	1372
920	921	1374	1373
921	922	1375	1374
922	923	1376	1375
923	924	1377	1376
924	925	1378	1377
925	926	1379	1378
926	927	1380	1379
927	928	1381	1380
928	929	1382	1381
929	930	1383	1382
930	931	1384	1383
931	932	1385	1384
932	933	1386	1385
933	934	1387	1386
934	935	1388	1387
935	936	1389	1388
936	937	1390	1389
937	938	1391	1390
938	939	1392	1391
939	940	1393	1392
940	941	1394	1393
941	942	1395	1394
942	943	1396	1395
943	944	1397	1396
944	945	1398	1397
945	946	1399	1398
946	947	1400	1399
947	948	1401	1400
948	949	1402	1401
949	950	1403	1402
950	951	1404	1403
951	952	1405	1404
952	953	1406	1405
953	954	1407	1406
954	955	1408	1407
955	956	1409	1408
956	957	1410	1409
957	958	1411	1410
958	959	1412	1411
959	960	1413	1412
960	961	1414	1413
961	962	1415	1414
962	963	1416	1415
963	964	1417	1416
964	965	1418	1417
965	966	1419	1418
966	967	1420	1419
967	968	1421	1420
968	969	1422	1421
969	970	1423	1422
970	971	1424	1423
971	972	1425	1424
972	973	1426	1425
973	974	1427	1426
974	975	1428	1427
975	976	1429	1428
976	977	1430	1429
977	978	1431	1430
978	979	1432	1431
979	980	1433	1432
980	981	1434	1433
981	982	1435	1434
982	983	1436	1435
983	984	1437	1436
984	985	1438	1437
985	986	1439	1438
986	987	1440	1439
987	988	1441	1440
988	989	1442	1441
989	990	1443	1442
990	991	1444	1443
991	992	1445	1444
992	993	1446	1445
993	994	1447	1446
994	995	1448	1447
995	996	1449	1448
996	997	1450	1449
997	998	1451	1450
998	999	1452	1451
999	1000	1453	1452
1000	1001	1454	1453
1001	1002	1455	1454
1002	1003	1456	1455
1003	1004	1457	1456
1004	1005	1458	1457
1005	1006	1459	1458
1006	1007	1460	1459
1007	1008	1461	1460
1008	1009	1462	1461
1009	1010	1463	1462
1010	1011	1464	1463
1011	1012	1465	1464
1012	1013	1466	1465
1013	1014	1467	1466
1014	1015	1468	1467
1015	1016	1469	1468
1016	1017	1470	1469
1017	1018	1471	1470
1018	1019	1472	1471
1019	1020	1473	1472
1020	1021	1474	1473
1021	1022	1475	1474
1022	1023	1476	1475
1023	1024	1477	1476
1024	1025	1478	1477
1025	1026	1479	1478
1026	1027	1480	1479
1027	1028	1481	1480
1028	1029	1482	1481
1029	1030	1483	1482
1030	1031	1484	1483
1031	1032	1485	1484
1032	1033	1486	1485
1033	1034	1487	1486
1034	1035	1488	1487
1035	1036	1489	1488
1036	1037	1490	1489
1037	1038	1491	1490
1038	1039	1492	1491
1039	1040	1493	1492
1040	1041	1494	1493
1041	1042	1495	1494
1042	1043	1496	1495
1043	1044	1497	1496
1044	1045	1498	1497
1045	1046	1499	1498
1046	1047	1500	1499
1047	1048	1501	1500
1048	1049	1502	1501
1049	1050	1503	1502
1050	1051	1504	1503
1051	1052	1505	1504
1052	1053	1506	1505
1053	1054	1507	1506
1054	1055	1508	1507
1055	1056	1509	1508
1056	1057	1510	1509
1057	1058	1511	1510
1058	1059	1512	1511
1059	1060	1513	1512
1060	1061	1514	1513
1061	1062	1515	1514
1062	1063	1516	1515
1063	1064	1517	1516
1064	1065	1518	1517
1065	1066	1519	1518
1066	1067	1520	1519
1067	1068	1521	1520
1068	1069	1522	1521
1069	1070	1523	1522
1070	1071	1524	1523
1071	1072	1525	1524
1072	1073	1526	1525
1073	1074	1527	1526
1074	1075	1528	1527
1075	1076	1529	1528
1076	1077	1530	1529
1077	1078	1531	1530
1078	1079	1532	1531
1079	1080	1533	1532
1080	1081	1534	1533
1081	1082	1535	1534
1082	1083	1536	1535
1083	1084	1537	1536
1084	1085	1538	1537
1085	1086	1539	1538
1086	1087	1540	1539
1087	1088	1541	1540
1088	1089	1542	1541
1089	1090	1543	1542
1090	1091	1544	1543
1091	1092	1545	1544
1092	1093	1546	1545
1093	1094	1547	1546
1094	1095	1548	1547
1095	1096	1549	1548
1096	1097	1550	1549
1097	1098	1551	1550
1098	1099	1552	1551
1099	1100	1553	1552
1100	1101	1554	1553
1101	1102	1555	1554
1102	1103	1556	1555
1103	1104	1557	1556
1104	1105	1558	1557
1105	1106	1559	1558
1106	1107	1560	1559
1107	1108	1561	1560
1108	1109	1562	1561
1109	1110	1563	1562
1110	1111	1564	1563
1111	1112	1565	1564
1112	1113	1566	1565
1113	1114	1567	1566
1114	1115	1568	1567
1115	1116	1569	1568
1116	1117	1570	1569
1117	1118	1571	1570
1118	1119	1572	1571
1119	1120	1573	1572
1120	1121	1574	1573
1121	1122	1575	1574
1122	1123	1576	1575
1123	1124	1577	1576
1124	1125	1578	1577
1125	1126	1579	1578
1126	1127	1580	1579
1127	1128	1581	1580
1128	1129	1582	1581
1129	1130	1583	1582
1130	1131	1584	1583
1131	1132	1585	1584
1132	1133	1586	1585
1133	1134	1587	1586
1134	1135	1588	1587
1135	1136	1589	1588
1136	1137	1590	1589
1137	1138	1591	1590
1138	1139	1592	1591
1139	1140	1593	1592
1140	1141	1594	1593
1141	1142	1595	1594
1142	1143	1596	1595
1143	1144	1597	1596
1144	1145	1598	1597
1145	1146	1599	1598
1146	1147	1600	1599
1147	1148	1601	1600
1148	1149	1602	1601
1149	1150	1603	1602
1150	1151	1604	1603
1151	1152	1605	1604
1152	1153	1606	1605
1153	1154	1607	1606
1154	1155	1608	1607
1155	1156	1609	1608
1156	1157	1610	1609
1157	1158	1611	1610
1158	1159	1612	1611
1159	1160	1613	1612
1160	1161	1614	1613
1161	1162	1615	1614
1162	1163	1616	1615
1163	1164	1617	1616
1164	1165	1618	1617
1165	1166	1619	1618
1166	1167	1620	1619
1167	1168	1621	1620
1168	1169	1622	1621
1169	1170	1623	1622
1170	1171	1624	1623
1171	1172	1625	1624
1172	1173	1626	1625
1173	1174	1627	1626
1174	1175	1628	1627
1175	1176	1629	1628
1176	1177	1630	1629
1177	1178	1631	1630
1178	1179	1632	1631
1179	1180	1633	1632
1180	1181	1634	1633
1181	1182	1635	1634
1182	1183	1636	1635
1183	1184	1637	1636
1184	1185	1638	1637
1185	1186	1639	1638
1186	1187	1640	1639
1187	1188	1641	1640
1188	1189	1642	1641
1189	1190	1643	1642
1190	1191	1644	1643
1191	1192	1645	1644
1192	1193	1646	1645
1193	1194	1647	1646
1194	1195	1648	1647
1195	1196	1649	1648
1196	1197	1650	1649
1197	1198	1651	1650
1198	1199	1652	1651
1199	1200	1653	1652
1200	1201	1654	1653
1201	1202	1655	1654
1202	1203	1656	1655
1203	1204	1657	1656
1204	1205	1658	1657
1205	1206	1659	1658
1206	1207	1660	1659
1207	1208	1661	1660
1208	1209	1662	1661
1209	1210	1663	1662
1210	1211	1664	1663
1211	1212	1665	1664
1212	1213	1666	1665
1213	1214	1667	1666
1214	1215	1668	1667
1215	1216	1669	1668
1216	1217	1670	1669
1217	1218	1671	1670
1218	1219	1672	1671
1219	1220	1673	1672
1220	1221	1674	1673
1221	1222	1675	1674
1222	1223	1676	1675
1223	1224	1677	1676
1224	1225	1678	1677
1225	1226	1679	1678
1226	1227	1680	1679
1227	1228	1681	1680
1228	1229	1682	1681
1229	1230	1683	1682
1230	1231	1684	1683
1231	1232	1685	1684
1232	1233	1686	1685
1233	1234	1687	1686
1234	1235	1688	1687
1235	1236	1689	1688
1236	1237	1690	1689
1237	1238	1691	1690
1238	1239	1692	1691
1239	1240	1693	1692
1240	1241	1694	1693
1241	1242	1695	1694
1242	1243	1696	1695
1243	1244	1697	1696
1244	1245	1698	1697
1245	1246	1699	1698
1246	1247	1700	1699
1247	1248	1701	1700
1248	1249	1702	1701
1249	1250	1703	1702
1250	1251	1704	1703
1251	1252	1705	1704
1252	1253	1706	1705
1253	1254	1707	1706
1254	1255	1708	1707
1255	1256	1709	1708
1256	1257	1710	1709
1257	1258	1711	1710
1258	1259	1712	1711
1259	1260	1713	1712
1260	1261	1714	1713
1261	1262	1715	1714
1262	1263	1716	1715
1263	1264	1717	1716
1264	1265	1718	1717
1265	1266	1719	1718
1266	1267	1720	1719
1267	1268	1721	1720
1268	1269	1722	1721
1269	1270	1723	1722
1270	1271	1724	1723
1271	1272	1725	1724
1272	1273	1726	1725
1273	1274	1727	1726
1274	1275	1728	1727
1275	1276	1729	1728
1276	1277	1730	1729
1277	1278	1731	1730
1278	1279	1732	1731
1279	1280	1733	1732
1280	1281	1734	1733
1281	1282	1735	1734
1282	1283	1736	1735
1283	1284	1737	1736
1284	1285	1738	1737
1285	1286	1739	1738
1286	1287	1740	1739
1287	1288	1741	1740
1288	1289	1742	1741
1289	1290	1743	1742
1290	1291	1744	1743
1291	1292	1745	1744
1292	1293	1746	1745
1293	1294	1747	1746
1294	1295	1748	1747
1295	1296	1749	1748
1296	1297	1750	1749
1297	1298	1751	1750
1298	1299	1752	1751
1299	1300	1753	1752
1300	1301	1754	1753
1301	1302	1755	1754
1302	1303	1756	1755
1303	1304	1757	1756
1304	1305	1758	1757
1305	1306	1759	1758
1306	1307	1760	1759
1307	1308	1761	1760
1308	1309	1762	1761
1309	1310	1763	1762
1310	1311	1764	1763
1311	1312	1765	1764
1312	1313	1766	1765
1313	1314	1767	1766
1314	1315	1768	1767
1315	1316	1769	1768
1316	1317	1770	1769
1317	1318	1771	1770
1318	1319	1772	1771
1319	1320	1773	1772
1320	1321	1774	1773
1321	1322	1775	1774
1322	1323	1776	1775
1323	1324	1777	1776
1324	1325	1778	1777
1325	1326	1779	1778
1326	1327	1780	1779
1327	1328	1781	1780
1328	1329	1782	1781
1329	1330	1783	1782
1330	1331	1784	1783
1331	1332	1785	1784
1332	1333	1786	1785
1333	1334	1787	1786
1334	1335	1788	1787
1335	1336	1789	1788
1336	1337	1790	1789
1337	1338	1791	1790
1338	1339	1792	1791
1339	1340	1793	1792
1340	1341	1794	1793
1341	1342	1795	1794
1342	1343	1796	1795
1343	1344	1797	1796
1344	1345	1798	1797
1345	1346	1799	1798
1346	1347	1800	1799
1347	1348	1801	1800
1348	1349	1802	1801
1349	1350	1803	1802
1350	1351	1804	1803
1351	1806	1805	1804
1806	2263	2262	1805
2263	2722	2721	2262
2722	3183	3182	2721
1354	1355	1810	1809
1355	1356	1811	1810
1356	1357	1812	1811
1357	1358	1813	1812
1358	1359	1814	1813
1359	1360	1815	1814
1360	1361	1816	1815
1361	1362	1817	1816
1362	1363	1818	1817
1363	1364	1819	1818
1364	1365	1820	1819
1365	1366	1821	1820
1366	1367	1822	1821
1367	1368	1823	1822
1368	1369	1824	1823
1369	1370	1825	1824
1370	1371	1826	1825
1371	1372	1827	1826
1372	1373	1828	1827
1373	1374	1829	1828
1374	1375	1830	1829
1375	1376	1831	1830
1376	1377	1832	1831
1377	1378	1833	1832
1378	1379	1834	1833
1379	1380	1835	1834
1380	1381	1836	1835
1381	1382	1837	1836
1382	1383	1838	1837
1383	1384	1839	1838
1384	1385	1840	1839
1385	1386	1841	1840
1386	1387	1842	1841
1387	1388	1843	1842
1388	1389	1844	1843
1389	1390	1845	1844
1390	1391	1846	1845
1391	1392	1847	1846
1392	1393	1848	1847
1393	1394	1849	1848
1394	1395	1850	1849
1395	1396	1851	1850
1396	1397	1852	1851
1397	1398	1853	1852
1398	1399	1854	1853
1399	1400	1855	1854
1400	1401	1856	1855
1401	1402	1857	1856
1402	1403	1858	1857
1403	1404	1859	1858
1404	1405	1860	1859
1405	1406	1861	1860
1406	1407	1862	1861
1407	1408	1863	1862
1408	1409	1864	1863
1409	1410	1865	1864
1410	1411	1866	1865
1411	1412	1867	1866
1412	1413	1868	1867
1413	1414	1869	1868
1414	1415	1870	1869
1415	1416	1871	1870
1416	1417	1872	1871
1417	1418	1873	1872
1418	1419	1874	1873
1419	1420	1875	1874
1420	1421	1876	1875
1421	1422	1877	1876
1422	1423	1878	1877
1423	1424	1879	1878
1424	1425	1880	1879
1425	1426	1881	1880
1426	1427	1882	1881
1427	1428	1883	1882
1428	1429	1884	1883
1429	1430	1885	1884
1430	1431	1886	1885
1431	1432	1887	1886
1432	1433	1888	1887
1433	1434	1889	1888
1434	1435	1890	1889
1435	1436	1891	1890
1436	1437	1892	1891
1437	1438	1893	1892
1438	1439	1894	1893
1439	1440	1895	1894
1440	1441	1896	1895
1441	1442	1897	1896
1442	1443	1898	1897
1443	1444	1899	1898
1444	1445	1900	1899
1445	1446	1901	1900
1446	1447	1902	1901
1447	1448	1903	1902
1448	1449	1904	1903
1449	1450	1905	1904
1450	1451	1906	1905
1451	1452	1907	1906
1452	1453	1908	1907
1453	1454	1909	1908
1454	1455	1910	1909
1455	1456	1911	1910
1456	1457	1912	1911
1457	1458	1913	1912
1458	1459	1914	1913
1459	1460	1915	1914
1460	1461	1916	1915
1461	1462	1917	1916
1462	1463	1918	1917
1463	1464	1919	1918
1464	1465	1920	1919
1465	1466	1921	1920
1466	1467	1922	1921
1467	1468	1923	1922
1468	1469	1924	1923
1469	1470	1925	1924
1470	1471	1926	1925
1471	1472	1927	1926
1472	1473	1928	1927
1473	1474	1929	1928
1474	1475	1930	1929
1475	1476	1931	1930
1476	1477	1932	1931
1477	1478	1933	1932
1478	1479	1934	1933
1479	1480	1935	1934
1480	1481	1936	1935
1481	1482	1937	1936
1482	1483	1938	1937
1483	1484	1939	1938
1484	1485	1940	1939
1485	1486	1941	1940
1486	1487	1942	1941
1487	1488	1943	1942
1488	1489	1944	1943
1489	1490	1945	1944
1490	1491	1946	1945
1491	1492	1947	1946
1492	1493	1948	1947
1493	1494	1949	1948
1494	1495	1950	1949
1495	1496	1951	1950
1496	1497	1952	1951
1497	1498	1953	1952
1498	1499	1954	1953
1499	1500	1955	1954
1500	1501	1956	1955
1501	1502	1957	1956
1502	1503	1958	1957
1503	1504	1959	1958
1504	1505	1960	1959
1505	1506	1961	1960
1506	1507	1962	1961
1507	1508	1963	1962
1508	1509	1964	1963
1509	1510	1965	1964
1510	1511	1966	1965
1511	1512	1967	1966
1512	1513	1968	1967
1513	1514	1969	1968
1514	1515	1970	1969
1515	1516	1971	1970
1516	1517	1972	1971
1517	1518	1973	1972
1518	1519	1974	1973
1519	1520	1975	1974
1520	1521	1976	1975
1521	1522	1977	1976
1522	1523	1978	1977
1523	1524	1979	1978
1524	1525	1980	1979
1525	1526	1981	1980
1526	1527	1982	1981
1527	1528	1983	1982
1528	1529	1984	1983
1529	1530	1985	1984
1530	1531	1986	1985
1531	1532	1987	1986
1532	1533	1988	1987
1533	1534	1989	1988
1534	1535	1990	1989
1535	1536	1991	1990
1536	1537	1992	1991
1537	1538	1993	1992
1538	1539	1994	1993
1539	1540	1995	1994
1540	1541	1996	1995
1541	1542	1997	1996
1542	1543	1998	1997
1543	1544	1999	1998
1544	1545	2000	1999
1545	1546	2001	2000
1546	1547	2002	2001
1547	1548	2003	2002
1548	1549	2004	2003
1549	1550	2005	2004
1550	1551	2006	2005
1551	1552	2007	2006
1552	1553	2008	2007
1553	1554	2009	2008
1554	1555	2010	2009
1555	1556	2011	2010
1556	1557	2012	2011
1557	1558	2013	2012
1558	1559	2014	2013
1559	1560	2015	2014
1560	1561	2016	2015
1561	1562	2017	2016
1562	1563	2018	2017
1563	1564	2019	2018
1564	1565	2020	2019
1565	1566	2021	2020
1566	1567	2022	2021
1567	1568	2023	2022
1568	1569	2024	2023
1569	1570	2025	2024
1570	1571	2026	2025
1571	1572	2027	2026
1572	1573	2028	2027
1573	1574	2029	2028
1574	1575	2030	2029
1575	1576	2031	2030
1576	1577	2032	2031
1577	1578	2033	2032
1578	1579	2034	2033
1579	1580	2035	2034
1580	1581	2036	2035
1581	1582	2037	2036
1582	1583	2038	2037
1583	1584	2039	2038
1584	1585	2040	2039
1585	1586	2041	2040
1586	1587	2042	2041
1587	1588	2043	2042
1588	1589	2044	2043
1589	1590	2045	2044
1590	1591	2046	2045
1591	1592	2047	2046
1592	1593	2048	2047
1593	1594	2049	2048
1594	1595	2050	2049
1595	1596	2051	2050
1596	1597	2052	2051
1597	1598	2053	2052
1598	1599	2054	2053
1599	1600	2055	2054
1600	1601	2056	2055
1601	1602	2057	2056
1602	1603	2058	2057
1603	1604	2059	2058
1604	1605	2060	2059
1605	1606	2061	2060
1606	1607	2062	2061
1607	1608	2063	2062
1608	1609	2064	2063
1609	1610	2065	2064
1610	1611	2066	2065
1611	1612	2067	2066
1612	1613	2068	2067
1613	1614	2069	2068
1614	1615	2070	2069
1615	1616	2071	2070
1616	1617	2072	2071
1617	1618	2073	2072
1618	1619	2074	2073
1619	1620	2075	2074
1620	1621	2076	2075
1621	1622	2077	2076
1622	1623	2078	2077
1623	1624	2079	2078
1624	1625	2080	2079
1625	1626	2081	2080
1626	1627	2082	2081
1627	1628	2083	2082
1628	1629	2084	2083
1629	1630	2085	2084
1630	1631	2086	2085
1631	1632	2087	2086
1632	1633	2088	2087
1633	1634	2089	2088
1634	1635	2090	2089
1635	1636	2091	2090
1636	1637	2092	2091
1637	1638	2093	2092
1638	1639	2094	2093
1639	1640	2095	2094
1640	1641	2096	2095
1641	1642	2097	2096
1642	1643	2098	2097
1643	1644	2099	2098
1644	1645	2100	2099
1645	1646	2101	2100
1646	1647	2102	2101
1647	1648	2103	2102
1648	1649	2104	2103
1649	1650	2105	2104
1650	1651	2106	2105
1651	1652	2107	2106
1652	1653	2108	2107
1653	1654	2109	2108
1654	1655	2110	2109
1655	1656	2111	2110
1656	1657	2112	2111
1657	1658	2113	2112
1658	1659	2114	2113
1659	1660	2115	2114
1660	1661	2116	2115
1661	1662	2117	2116
1662	1663	2118	2117
1663	1664	2119	2118
1664	1665	2120	2119
1665	1666	2121	2120
1666	1667	2122	2121
1667	1668	2123	2122
1668	1669	2124	2123
1669	1670	2125	2124
1670	1671	2126	2125
1671	1672	2127	2126
1672	1673	2128	2127
1673	1674	2129	2128
1674	1675	2130	2129
1675	1676	2131	2130
1676	1677	2132	2131
1677	1678	2133	2132
1678	1679	2134	2133
1679	1680	2135	2134
1680	1681	2136	2135
1681	1682	2137	2136
1682	1683	2138	2137
1683	1684	2139	2138
1684	1685	2140	2139
1685	1686	2141	2140
1686	1687	2142	2141
1687	1688	2143	2142
1688	1689	2144	2143
1689	1690	2145	2144
1690	1691	2146	2145
1691	1692	2147	2146
1692	1693	2148	2147
1693	1694	2149	2148
1694	1695	2150	2149
1695	1696	2151	2150
1696	1697	2152	2151
1697	1698	2153	2152
1698	1699	2154	2153
1699	1700	2155	2154
1700	1701	2156	2155
1701	1702	2157	2156
1702	1703	2158	2157
1703	1704	2159	2158
1704	1705	2160	2159
1705	1706	2161	2160
1706	1707	2162	2161
1707	1708	2163	2162
1708	1709	2164	2163
1709	1710	2165	2164
1710	1711	2166	2165
1711	1712	2167	2166
1712	1713	2168	2167
1713	1714	2169	2168
1714	1715	2170	2169
1715	1716	2171	2170
1716	1717	2172	2171
1717	1718	2173	2172
1718	1719	2174	2173
1719	1720	2175	2174
1720	1721	2176	2175
1721	1722	2177	2176
1722	1723	2178	2177
1723	1724	2179	2178
1724	1725	2180	2179
1725	1726	2181	2180
1726	1727	2182	2181
1727	1728	2183	2182
1728	1729	2184	2183
1729	1730	2185	2184
1730	1731	2186	2185
1731	1732	2187	2186
1732	1733	2188	2187
1733	1734	2189	2188
1734	1735	2190	2189
1735	1736	2191	2190
1736	1737	2192	2191
1737	1738	2193	2192
1738	1739	2194	2193
1739	1740	2195	2194
1740	1741	2196	2195
1741	1742	2197	2196
1742	1743	2198	2197
1743	1744	2199	2198
1744	1745	2200	2199
1745	1746	2201	2200
1746	1747	2202	2201
1747	1748	2203	2202
1748	1749	2204	2203
1749	1750	2205	2204
1750	1751	2206	2205
1751	1752	2207	2206
1752	1753	2208	2207
1753	1754	2209	2208
1754	1755	2210	2209
1755	1756	2211	2210
1756	1757	2212	2211
1757	1758	2213	2212
1758	1759	2214	2213
1759	1760	2215	2214
1760	1761	2216	2215
1761	1762	2217	2216
1762	1763	2218	2217
1763	1764	2219	2218
1764	1765	2220	2219
1765	1766	2221	2220
1766	1767	2222	2221
1767	1768	2223	2222
1768	1769	2224	2223
1769	1770	2225	2224
1770	1771	2226	2225
1771	1772	2227	2226
1772	1773	2228	2227
1773	1774	2229	2228
1774	1775	2230	2229
1775	1776	2231	2230
1776	1777	2232	2231
1777	1778	2233	2232
1778	1779	2234	2233
1779	1780	2235	2234
1780	1781	2236	2235
1781	1782	2237	2236
1782	1783	2238	2237
1783	1784	2239	2238
1784	1785	2240	2239
1785	1786	2241	2240
1786	1787	2242	2241
1787	1788	2243	2242
1788	1789	2244	2243
1789	1790	2245	2244
1790	1791	2246	2245
1791	1792	2247	2246
1792	1793	2248	2247
1793	1794	2249	2248
1794	1795	2250	2249
1795	1796	2251	2250
1796	1797	2252	2251
1797	1798	2253	2252
1798	1799	2254	2253
1799	1800	2255	2254
1800	1801	2256	2255
1801	1802	2257	2256
1802	1803	2258	2257
1803	1804	2259	2258
1804	1805	2260	2259
1805	2262	2261	2260
2262	2721	2720	2261
2721	3182	3181	2720
1809	1810	2267	2266
1810	1811	2268	2267
1811	1812	2269	2268
1812	1813	2270	2269
1813	1814	2271	2270
1814	1815	2272	2271
1815	1816	2273	2272
1816	1817	2274	2273
1817	1818	2275	2274
1818	1819	2276	2275
1819	1820	2277	2276
1820	1821	2278	2277
1821	1822	2279	2278
1822	1823	2280	2279
1823	1824	2281	2280
1824	1825	2282	2281
1825	1826	2283	2282
1826	1827	2284	2283
1827	1828	2285	2284
1828	1829	2286	2285
1829	1830	2287	2286
1830	1831	2288	2287
1831	1832	2289	2288
1832	1833	2290	2289
1833	1834	2291	2290
1834	1835	2292	2291
1835	1836	2293	2292
1836	1837	2294	2293
1837	1838	2295	2294
1838	1839	2296	2295
1839	1840	2297	2296
1840	1841	2298	2297
1841	1842	2299	2298
1842	1843	2300	2299
1843	1844	2301	2300
1844	1845	2302	2301
1845	1846	2303	2302
1846	1847	2304	2303
1847	1848	2305	2304
1848	1849	2306	2305
1849	1850	2307	2306
1850	1851	2308	2307
1851	1852	2309	2308
1852	1853	2310	2309
1853	1854	2311	2310
1854	1855	2312	2311
1855	1856	2313	2312
1856	1857	2314	2313
1857	1858	2315	2314
1858	1859	2316	2315
1859	1860	2317	2316
1860	1861	2318	2317
1861	1862	2319	2318
1862	1863	2320	2319
1863	1864	2321	2320
1864	1865	2322	2321
1865	1866	2323	2322
1866	1867	2324	2323
1867	1868	2325	2324
1868	1869	2326	2325
1869	1870	2327	2326
1870	1871	2328	2327
1871	1872	2329	2328
1872	1873	2330	2329
1873	1874	2331	2330
1874	1875	2332	2331
1875	1876	2333	2332
1876	1877	2334	2333
1877	1878	2335	2334
1878	1879	2336	2335
1879	1880	2337	2336
1880	1881	2338	2337
1881	1882	2339	2338
1882	1883	2340	2339
1883	1884	2341	2340
1884	1885	2342	2341
1885	1886	2343	2342
1886	1887	2344	2343
1887	1888	2345	2344
1888	1889	2346	2345
1889	1890	2347	2346
1890	1891	2348	2347
1891	1892	2349	2348
1892	1893	2350	2349
1893	1894	2351	2350
1894	1895	2352	2351
1895	1896	2353	2352
1896	1897	2354	2353
1897	1898	2355	2354
1898	1899	2356	2355
1899	1900	2357	2356
1900	1901	2358	2357
1901	1902	2359	2358
1902	1903	2360	2359
1903	1904	2361	2360
1904	1905	2362	2361
1905	1906	2363	2362
1906	1907	2364	2363
1907	1908	2365	2364
1908	1909	2366	2365
1909	1910	2367	2366
1910	1911	2368	2367
1911	1912	2369	2368
1912	1913	2370	2369
1913	1914	2371	2370
1914	1915	2372	2371
1915	1916	2373	2372
1916	1917	2374	2373
1917	1918	2375	2374
1918	1919	2376	2375
1919	1920	2377	2376
1920	1921	2378	2377
1921	1922	2379	2378
1922	1923	2380	2379
1923	1924	2381	2380
1924	1925	2382	2381
1925	1926	2383	2382
1926	1927	2384	2383
1927	1928	2385	2384
1928	1929	2386	2385
1929	1930	2387	2386
1930	1931	2388	2387
1931	1932	2389	2388
1932	1933	2390	2389
1933	1934	2391	2390
1934	1935	2392	2391
1935	1936	2393	2392
1936	1937	2394	2393
1937	1938	2395	2394
1938	1939	2396	2395
1939	1940	2397	2396
1940	1941	2398	2397
1941	1942	2399	2398
1942	1943	2400	2399
1943	1944	2401	2400
1944	1945	2402	2401
1945	1946	2403	2402
1946	1947	2404	2403
1947	1948	2405	2404
1948	1949	2406	2405
1949	1950	2407	2406
1950	1951	2408	2407
1951	1952	2409	2408
1952	1953	2410	2409
1953	1954	2411	2410
1954	1955	2412	2411
1955	1956	2413	2412
1956	1957	2414	2413
1957	1958	2415	2414
1958	1959	2416	2415
1959	1960	2417	2416
1960	1961	2418	2417
1961	1962	2419	2418
1962	1963	2420	2419
1963	1964	2421	2420
1964	1965	2422	2421
1965	1966	2423	2422
1966	1967	2424	2423
1967	1968	2425	2424
1968	1969	2426	2425
1969	1970	2427	2426
1970	1971	2428	2427
1971	1972	2429	2428
1972	1973	2430	2429
1973	1974	2431	2430
1974	1975	2432	2431
1975	1976	2433	2432
1976	1977	2434	2433
1977	1978	2435	2434
1978	1979	2436	2435
1979	1980	2437	2436
1980	1981	2438	2437
1981	1982	2439	2438
1982	1983	2440	2439
1983	1984	2441	2440
1984	1985	2442	2441
1985	1986	2443	2442
1986	1987	2444	2443
1987	1988	2445	2444
1988	1989	2446	2445
1989	1990	2447	2446
1990	1991	2448	2447
1991	1992	2449	2448
1992	1993	2450	2449
1993	1994	2451	2450
1994	1995	2452	2451
1995	1996	2453	2452
1996	1997	2454	2453
1997	1998	2455	2454
1998	1999	2456	2455
1999	2000	2457	2456
2000	2001	2458	2457
2001	2002	2459	2458
2002	2003	2460	2459
2003	2004	2461	2460
2004	2005	2462	2461
2005	2006	2463	2462
2006	2007	2464	2463
2007	2008	2465	2464
2008	2009	2466	2465
2009	2010	2467	2466
2010	2011	2468	2467
2011	2012	2469	2468
2012	2013	2470	2469
2013	2014	2471	2470
2014	2015	2472	2471
2015	2016	2473	2472
2016	2017	2474	2473
2017	2018	2475	2474
2018	2019	2476	2475
2019	2020	2477	2476
2020	2021	2478	2477
2021	2022	2479	2478
2022	2023	2480	2479
2023	2024	2481	2480
2024	2025	2482	2481
2025	2026	2483	2482
2026	2027	2484	2483
2027	2028	2485	2484
2028	2029	2486	2485
2029	2030	2487	2486
2030	2031	2488	2487
2031	2032	2489	2488
2032	2033	2490	2489
2033	2034	2491	2490
2034	2035	2492	2491
2035	2036	2493	2492
2036	2037	2494	2493
2037	2038	2495	2494
2038	2039	2496	2495
2039	2040	2497	2496
2040	2041	2498	2497
2041	2042	2499	2498
2042	2043	2500	2499
2043	2044	2501	2500
2044	2045	2502	2501
2045	2046	2503	2502
2046	2047	2504	2503
2047	2048	2505	2504
2048	2049	2506	2505
2049	2050	2507	2506
2050	2051	2508	2507
2051	2052	2509	2508
2052	2053	2510	2509
2053	2054	2511	2510
2054	2055	2512	2511
2055	2056	2513	2512
2056	2057	2514	2513
2057	2058	2515	2514
2058	2059	2516	2515
2059	2060	2517	2516
2060	2061	2518	2517
2061	2062	2519	2518
2062	2063	2520	2519
2063	2064	2521	2520
2064	2065	2522	2521
2065	2066	2523	2522
2066	2067	2524	2523
2067	2068	2525	2524
2068	2069	2526	2525
2069	2070	2527	2526
2070	2071	2528	2527
2071	2072	2529	2528
2072	2073	2530	2529
2073	2074	2531	2530
2074	2075	2532	2531
2075	2076	2533	2532
2076	2077	2534	2533
2077	2078	2535	2534
2078	2079	2536	2535
2079	2080	2537	2536
2080	2081	2538	2537
2081	2082	2539	2538
2082	2083	2540	2539
2083	2084	2541	2540
2084	2085	2542	2541
2085	2086	2543	2542
2086	2087	2544	2543
2087	2088	2545	2544
2088	2089	2546	2545
2089	2090	2547	2546
2090	2091	2548	2547
2091	2092	2549	2548
2092	2093	2550	2549
2093	2094	2551	2550
2094	2095	2552	2551
2095	2096	2553	2552
2096	2097	2554	2553
2097	2098	2555	2554
2098	2099	2556	2555
2099	2100	2557	2556
2100	2101	2558	2557
2101	2102	2559	2558
2102	2103	2560	2559
2103	2104	2561	2560
2104	2105	2562	2561
2105	2106	2563	2562
2106	2107	2564	2563
2107	2108	2565	2564
2108	2109	2566	2565
2109	2110	2567	2566
2110	2111	2568	2567
2111	2112	2569	2568
2112	2113	2570	2569
2113	2114	2571	2570
2114	2115	2572	2571
2115	2116	2573	2572
2116	2117	2574	2573
2117	2118	2575	2574
2118	2119	2576	2575
2119	2120	2577	2576
2120	2121	2578	2577
2121	2122	2579	2578
2122	2123	2580	2579
2123	2124	2581	2580
2124	2125	2582	2581
2125	2126	2583	2582
2126	2127	2584	2583
2127	2128	2585	2584
2128	2129	2586	2585
2129	2130	2587	2586
2130	2131	2588	2587
2131	2132	2589	2588
2132	2133	2590	2589
2133	2134	2591	2590
2134	2135	2592	2591
2135	2136	2593	2592
2136	2137	2594	2593
2137	2138	2595	2594
2138	2139	2596	2595
2139	2140	2597	2596
2140	2141	2598	2597
2141	2142	2599	2598
2142	2143	2600	2599
2143	2144	2601	2600
2144	2145	2602	2601
2145	2146	2603	2602
2146	2147	2604	2603
2147	2148	2605	2604
2148	2149	2606	2605
2149	2150	2607	2606
2150	2151	2608	2607
2151	2152	2609	2608
2152	2153	2610	2609
2153	2154	2611	2610
2154	2155	2612	2611
2155	2156	2613	2612
2156	2157	2614	2613
2157	2158	2615	2614
2158	2159	2616	2615
2159	2160	2617	2616
2160	2161	2618	2617
2161	2162	2619	2618
2162	2163	2620	2619
2163	2164	2621	2620
2164	2165	2622	2621
2165	2166	2623	2622
2166	2167	2624	2623
2167	2168	2625	2624
2168	2169	2626	2625
2169	2170	2627	2626
2170	2171	2628	2627
2171	2172	2629	2628
2172	2173	2630	2629
2173	2174	2631	2630
2174	2175	2632	2631
2175	2176	2633	2632
2176	2177	2634	2633
2177	2178	2635	2634
2178	2179	2636	2635
2179	2180	2637	2636
2180	2181	2638	2637
2181	2182	2639	2638
2182	2183	2640	2639
2183	2184	2641	2640
2184	2185	2642	2641
2185	2186	2643	2642
2186	2187	2644	2643
2187	2188	2645	2644
2188	2189	2646	2645
2189	2190	2647	2646
2190	2191	2648	2647
2191	2192	2649	2648
2192	2193	2650	2649
2193	2194	2651	2650
2194	2195	2652	2651
2195	2196	2653	2652
2196	2197	2654	2653
2197	2198	2655	2654
2198	2199	2656	2655
2199	2200	2657	2656
2200	2201	2658	2657
2201	2202	2659	2658
2202	2203	2660	2659
2203	2204	2661	2660
2204	2205	2662	2661
2205	2206	2663	2662
2206	2207	2664	2663
2207	2208	2665	2664
2208	2209	2666	2665
2209	2210	2667	2666
2210	2211	2668	2667
2211	2212	2669	2668
2212	2213	2670	2669
2213	2214	2671	2670
2214	2215	2672	2671
2215	2216	2673	2672
2216	2217	2674	2673
2217	2218	2675	2674
2218	2219	2676	2675
2219	2220	2677	2676
2220	2221	2678	2677
2221	2222	2679	2678
2222	2223	2680	2679
2223	2224	2681	2680
2224	2225	2682	2681
2225	2226	2683	2682
2226	2227	2684	2683
2227	2228	2685	2684
2228	2229	2686	2685
2229	2230	2687	2686
2230	2231	2688	2687
2231	2232	2689	2688
2232	2233	2690	2689
2233	2234	2691	2690
2234	2235	2692	2691
2235	2236	2693	2692
2236	2237	2694	2693
2237	2238	2695	2694
2238	2239	2696	2695
2239	2240	2697	2696
2240	2241	2698	2697
2241	2242	2699	2698
2242	2243	2700	2699
2243	2244	2701	2700
2244	2245	2702	2701
2245	2246	2703	2702
2246	2247	2704	2703
2247	2248	2705	2704
2248	2249	2706	2705
2249	2250	2707	2706
2250	2251	2708	2707
2251	2252	2709	2708
2252	2253	2710	2709
2253	2254	2711	2710
2254	2255	2712	2711
2255	2256	2713	2712
2256	2257	2714	2713
2257	2258	2715	2714
2258	2259	2716	2715
2259	2260	2717	2716
2260	2261	2718	2717
2261	2720	2719	2718
2720	3181	3180	2719
2266	2267	2726	2725
2267	2268	2727	2726
2268	2269	2728	2727
2269	2270	2729	2728
2270	2271	2730	2729
2271	2272	2731	2730
2272	2273	2732	2731
2273	2274	2733	2732
2274	2275	2734	2733
2275	2276	2735	2734
2276	2277	2736	2735
2277	2278	2737	2736
2278	2279	2738	2737
2279	2280	2739	2738
2280	2281	2740	2739
2281	2282	2741	2740
2282	2283	2742	2741
2283	2284	2743	2742
2284	2285	2744	2743
2285	2286	2745	2744
2286	2287	2746	2745
2287	2288	2747	2746
2288	2289	2748	2747
2289	2290	2749	2748
2290	2291	2750	2749
2291	2292	2751	2750
2292	2293	2752	2751
2293	2294	2753	2752
2294	2295	2754	2753
2295	2296	2755	2754
2296	2297	2756	2755
2297	2298	2757	2756
2298	2299	2758	2757
2299	2300	2759	2758
2300	2301	2760	2759
2301	2302	2761	2760
2302	2303	2762	2761
2303	2304	2763	2762
2304	2305	2764	2763
2305	2306	2765	2764
2306	2307	2766	2765
2307	2308	2767	2766
2308	2309	2768	2767
2309	2310	2769	2768
2310	2311	2770	2769
2311	2312	2771	2770
2312	2313	2772	2771
2313	2314	2773	2772
2314	2315	2774	2773
2315	2316	2775	2774
2316	2317	2776	2775
2317	2318	2777	2776
2318	2319	2778	2777
2319	2320	2779	2778
2320	2321	2780	2779
2321	2322	2781	2780
2322	2323	2782	2781
2323	2324	2783	2782
2324	2325	2784	2783
2325	2326	2785	2784
2326	2327	2786	2785
2327	2328	2787	2786
2328	2329	2788	2787
2329	2330	2789	2788
2330	2331	2790	2789
2331	2332	2791	2790
2332	2333	2792	2791
2333	2334	2793	2792
2334	2335	2794	2793
2335	2336	2795	2794
2336	2337	2796	2795
2337	2338	2797	2796
2338	2339	2798	2797
2339	2340	2799	2798
2340	2341	2800	2799
2341	2342	2801	2800
2342	2343	2802	2801
2343	2344	2803	2802
2344	2345	2804	2803
2345	2346	2805	2804
2346	2347	2806	2805
2347	2348	2807	2806
2348	2349	2808	2807
2349	2350	2809	2808
2350	2351	2810	2809
2351	2352	2811	2810
2352	2353	2812	2811
2353	2354	2813	2812
2354	2355	2814	2813
2355	2356	2815	2814
2356	2357	2816	2815
2357	2358	2817	2816
2358	2359	2818	2817
2359	2360	2819	2818
2360	2361	2820	2819
2361	2362	2821	2820
2362	2363	2822	2821
2363	2364	2823	2822
2364	2365	2824	2823
2365	2366	2825	2824
2366	2367	2826	2825
2367	2368	2827	2826
2368	2369	2828	2827
2369	2370	2829	2828
2370	2371	2830	2829
2371	2372	2831	2830
2372	2373	2832	2831
2373	2374	2833	2832
2374	2375	2834	2833
2375	2376	2835	2834
2376	2377	2836	2835
2377	2378	2837	2836
2378	2379	2838	2837
2379	2380	2839	2838
2380	2381	2840	2839
2381	2382	2841	2840
2382	2383	2842	2841
2383	2384	2843	2842
2384	2385	2844	2843
2385	2386	2845	2844
2386	2387	2846	2845
2387	2388	2847	2846
2388	2389	2848	2847
2389	2390	2849	2848
2390	2391	2850	2849
2391	2392	2851	2850
2392	2393	2852	2851
2393	2394	2853	2852
2394	2395	2854	2853
2395	2396	2855	2854
2396	2397	2856	2855
2397	2398	2857	2856
2398	2399	2858	2857
2399	2400	2859	2858
2400	2401	2860	2859
2401	2402	2861	2860
2402	2403	2862	2861
2403	2404	2863	2862
2404	2405	2864	2863
2405	2406	2865	2864
2406	2407	2866	2865
2407	2408	2867	2866
2408	2409	2868	2867
2409	2410	2869	2868
2410	2411	2870	2869
2411	2412	2871	2870
2412	2413	2872	2871
2413	2414	2873	2872
2414	2415	2874	2873
2415	2416	2875	2874
2416	2417	2876	2875
2417	2418	2877	2876
2418	2419	2878	2877
2419	2420	2879	2878
2420	2421	2880	2879
2421	2422	2881	2880
2422	2423	2882	2881
2423	2424	2883	2882
2424	2425	2884	2883
2425	2426	2885	2884
2426	2427	2886	2885
2427	2428	2887	2886
2428	2429	2888	2887
2429	2430	2889	2888
2430	2431	2890	2889
2431	2432	2891	2890
2432	2433	2892	2891
2433	2434	2893	2892
2434	2435	2894	2893
2435	2436	2895	2894
2436	2437	2896	2895
2437	2438	2897	2896
2438	2439	2898	2897
2439	2440	2899	2898
2440	2441	2900	2899
2441	2442	2901	2900
2442	2443	2902	2901
2443	2444	2903	2902
2444	2445	2904	2903
2445	2446	2905	2904
2446	2447	2906	2905
2447	2448	2907	2906
2448	2449	2908	2907
2449	2450	2909	2908
2450	2451	2910	2909
2451	2452	2911	2910
2452	2453	2912	2911
2453	2454	2913	2912
2454	2455	2914	2913
2455	2456	2915	2914
2456	2457	2916	2915
2457	2458	2917	2916
2458	2459	2918	2917
2459	2460	2919	2918
2460	2461	2920	2919
2461	2462	2921	2920
2462	2463	2922	2921
2463	2464	2923	2922
2464	2465	2924	2923
2465	2466	2925	2924
2466	2467	2926	2925
2467	2468	2927	2926
2468	2469	2928	2927
2469	2470	2929	2928
2470	2471	2930	2929
2471	2472	2931	2930
2472	2473	2932	2931
2473	2474	2933	2932
2474	2475	2934	2933
2475	2476	2935	2934
2476	2477	2936	2935
2477	2478	2937	2936
2478	2479	2938	2937
2479	2480	2939	2938
2480	2481	2940	2939
2481	2482	2941	2940
2482	2483	2942	2941
2483	2484	2943	2942
2484	2485	2944	2943
2485	2486	2945	2944
2486	2487	2946	2945
2487	2488	2947	2946
2488	2489	2948	2947
2489	2490	2949	2948
2490	2491	2950	2949
2491	2492	2951	2950
2492	2493	2952	2951
2493	2494	2953	2952
2494	2495	2954	2953
2495	2496	2955	2954
2496	2497	2956	2955
2497	2498	2957	2956
2498	2499	2958	2957
2499	2500	2959	2958
2500	2501	2960	2959
2501	2502	2961	2960
2502	2503	2962	2961
2503	2504	2963	2962
2504	2505	2964	2963
2505	2506	2965	2964
2506	2507	2966	2965
2507	2508	2967	2966
2508	2509	2968	2967
2509	2510	2969	2968
2510	2511	2970	2969
2511	2512	2971	2970
2512	2513	2972	2971
2513	2514	2973	2972
2514	2515	2974	2973
2515	2516	2975	2974
2516	2517	2976	2975
2517	2518	2977	2976
2518	2519	2978	2977
2519	2520	2979	2978
2520	2521	2980	2979
2521	2522	2981	2980
2522	2523	2982	2981
2523	2524	2983	2982
2524	2525	2984	2983
2525	2526	2985	2984
2526	2527	2986	2985
2527	2528	2987	2986
2528	2529	2988	2987
2529	2530	2989	2988
2530	2531	2990	2989
2531	2532	2991	2990
2532	2533	2992	2991
2533	2534	2993	2992
2534	2535	2994	2993
2535	2536	2995	2994
2536	2537	2996	2995
2537	2538	2997	2996
2538	2539	2998	2997
2539	2540	2999	2998
2540	2541	3000	2999
2541	2542	3001	3000
2542	2543	3002	3001
2543	2544	3003	3002
2544	2545	3004	3003
2545	2546	3005	3004
2546	2547	3006	3005
2547	2548	3007	3006
2548	2549	3008	3007
2549	2550	3009	3008
2550	2551	3010	3009
2551	2552	3011	3010
2552	2553	3012	3011
2553	2554	3013	3012
2554	2555	3014	3013
2555	2556	3015	3014
2556	2557	3016	3015
2557	2558	3017	3016
2558	2559	3018	3017
2559	2560	3019	3018
2560	2561	3020	3019
2561	2562	3021	3020
2562	2563	3022	3021
2563	2564	3023	3022
2564	2565	3024	3023
2565	2566	3025	3024
2566	2567	3026	3025
2567	2568	3027	3026
2568	2569	3028	3027
2569	2570	3029	3028
2570	2571	3030	3029
2571	2572	3031	3030
2572	2573	3032	3031
2573	2574	3033	3032
2574	2575	3034	3033
2575	2576	3035	3034
2576	2577	3036	3035
2577	2578	3037	3036
2578	2579	3038	3037
2579	2580	3039	3038
2580	2581	3040	3039
2581	2582	3041	3040
2582	2583	3042	3041
2583	2584	3043	3042
2584	2585	3044	3043
2585	2586	3045	3044
2586	2587	3046	3045
2587	2588	3047	3046
2588	2589	3048	3047
2589	2590	3049	3048
2590	2591	3050	3049
2591	2592	3051	3050
2592	2593	3052	3051
2593	2594	3053	3052
2594	2595	3054	3053
2595	2596	3055	3054
2596	2597	3056	3055
2597	2598	3057	3056
2598	2599	3058	3057
2599	2600	3059	3058
2600	2601	3060	3059
2601	2602	3061	3060
2602	2603	3062	3061
2603	2604	3063	3062
2604	2605	3064	3063
2605	2606	3065	3064
2606	2607	3066	3065
2607	2608	3067	3066
2608	2609	3068	3067
2609	2610	3069	3068
2610	2611	3070	3069
2611	2612	3071	3070
2612	2613	3072	3071
2613	2614	3073	3072
2614	2615	3074	3073
2615	2616	3075	3074
2616	2617	3076	3075
2617	2618	3077	3076
2618	2619	3078	3077
2619	2620	3079	3078
2620	2621	3080	3079
2621	2622	3081	3080
2622	2623	3082	3081
2623	2624	3083	3082
2624	2625	3084	3083
2625	2626	3085	3084
2626	2627	3086	3085
2627	2628	3087	3086
2628	2629	3088	3087
2629	2630	3089	3088
2630	2631	3090	3089
2631	2632	3091	3090
2632	2633	3092	3091
2633	2634	3093	3092
2634	2635	3094	3093
2635	2636	3095	3094
2636	2637	3096	3095
2637	2638	3097	3096
2638	2639	3098	3097
2639	2640	3099	3098
2640	2641	3100	3099
2641	2642	3101	3100
2642	2643	3102	3101
2643	2644	3103	3102
2644	2645	3104	3103
2645	2646	3105	3104
2646	2647	3106	3105
2647	2648	3107	3106
2648	2649	3108	3107
2649	2650	3109	3108
2650	2651	3110	3109
2651	2652	3111	3110
2652	2653	3112	3111
2653	2654	3113	3112
2654	2655	3114	3113
2655	2656	3115	3114
2656	2657	3116	3115
2657	2658	3117	3116
2658	2659	3118	3117
2659	2660	3119	3118
2660	2661	3120	3119
2661	2662	3121	3120
2662	2663	3122	3121
2663	2664	3123	3122
2664	2665	3124	3123
2665	2666	3125	3124
2666	2667	3126	3125
2667	2668	3127	3126
2668	2669	3128	3127
2669	2670	3129	3128
2670	2671	3130	3129
2671	2672	3131	3130
2672	2673	3132	3131
2673	2674	3133	3132
2674	2675	3134	3133
2675	2676	3135	3134
2676	2677	3136	3135
2677	2678	3137	3136
2678	2679	3138	3137
2679	2680	3139	3138
2680	2681	3140	3139
2681	2682	3141	3140
2682	2683	3142	3141
2683	2684	3143	3142
2684	2685	3144	3143
2685	2686	3145	3144
2686	2687	3146	3145
2687	2688	3147	3146
2688	2689	3148	3147
2689	2690	3149	3148
2690	2691	3150	3149
2691	2692	3151	3150
2692	2693	3152	3151
2693	2694	3153	3152
2694	2695	3154	3153
2695	2696	3155	3154
2696	2697	3156	3155
2697	2698	3157	3156
2698	2699	3158	3157
2699	2700	3159	3158
2700	2701	3160	3159
2701	2702	3161	3160
2702	2703	3162	3161
2703	2704	3163	3162
2704	2705	3164	3163
2705	2706	3165	3164
2706	2707	3166	3165
2707	2708	3167	3166
2708	2709	3168	3167
2709	2710	3169	3168
2710	2711	3170	3169
2711	2712	3171	3170
2712	2713	3172	3171
2713	2714	3173	3172
2714	2715	3174	3173
2715	2716	3175	3174
2716	2717	3176	3175
2717	2718	3177	3176
2718	2719	3178	3177
2719	3180	3179	3178
2725	2726	3187	3186
3186	3187	3533	3532
2726	2727	3533	3187
2727	2728	3188	3533
3188	3189	3534	3533
2728	2729	3189	3188
2729	2730	3190	3189
3189	3190	3535	3534
2730	2731	3535	3190
2731	2732	3191	3535
3191	3192	3536	3535
2732	2733	3192	3191
2733	2734	3193	3192
3192	3193	3537	3536
2734	2735	3537	3193
2735	2736	3194	3537
3194	3195	3538	3537
2736	2737	3195	3194
2737	2738	3196	3195
3195	3196	3539	3538
2738	2739	3539	3196
2739	2740	3197	3539
3197	3198	3540	3539
2740	2741	3198	3197
2741	2742	3199	3198
3198	3199	3541	3540
2742	2743	3541	3199
2743	2744	3200	3541
3200	3201	3542	3541
2744	2745	3201	3200
2745	2746	3202	3201
3201	3202	3543	3542
2746	2747	3543	3202
2747	2748	3203	3543
3203	3204	3544	3543
2748	2749	3204	3203
2749	2750	3205	3204
3204	3205	3545	3544
2750	2751	3545	3205
2751	2752	3206	3545
3206	3207	3546	3545
2752	2753	3207	3206
2753	2754	3208	3207
3207	3208	3547	3546
2754	2755	3547	3208
2755	2756	3209	3547
3209	3210	3548	3547
2756	2757	3210	3209
2757	2758	3211	3210
3210	3211	3549	3548
2758	2759	3549	3211
2759	2760	3212	3549
3212	3213	3550	3549
2760	2761	3213	3212
2761	2762	3214	3213
3213	3214	3551	3550
2762	2763	3551	3214
2763	2764	3215	3551
3215	3216	3552	3551
2764	2765	3216	3215
2765	2766	3217	3216
3216	3217	3553	3552
2766	2767	3553	3217
2767	2768	3218	3553
3218	3219	3554	3553
2768	2769	3219	3218
2769	2770	3220	3219
3219	3220	3555	3554
2770	2771	3555	3220
2771	2772	3221	3555
3221	3222	3556	3555
2772	2773	3222	3221
2773	2774	3223	3222
3222	3223	3557	3556
2774	2775	3557	3223
2775	2776	3224	3557
3224	3225	3558	3557
2776	2777	3225	3224
2777	2778	3226	3225
3225	3226	3559	3558
2778	2779	3559	3226
2779	2780	3227	3559
3227	3228	3560	3559
2780	2781	3228	3227
2781	2782	3229	3228
3228	3229	3561	3560
2782	2783	3561	3229
2783	2784	3230	3561
3230	3231	3562	3561
2784	2785	3231	3230
2785	2786	3232	3231
3231	3232	3563	3562
2786	2787	3563	3232
2787	2788	3233	3563
3233	3234	3564	3563
2788	2789	3234	3233
2789	2790	3235	3234
3234	3235	3565	3564
2790	2791	3565	3235
2791	2792	3236	3565
3236	3237	3566	3565
2792	2793	3237	3236
2793	2794	3238	3237
3237	3238	3567	3566
2794	2795	3567	3238
2795	2796	3239	3567
3239	3240	3568	3567
2796	2797	3240	3239
2797	2798	3241	3240
3240	3241	3569	3568
2798	2799	3569	3241
2799	2800	3242	3569
3242	3243	3570	3569
2800	2801	3243	3242
2801	2802	3244	3243
3243	3244	3571	3570
2802	2803	3571	3244
2803	2804	3245	3571
3245	3246	3572	3571
2804	2805	3246	3245
2805	2806	3247	3246
3246	3247	3573	3572
2806	2807	3573	3247
2807	2808	3248	3573
3248	3249	3574	3573
2808	2809	3249	3248
2809	2810	3250	3249
3249	3250	3575	3574
2810	2811	3575	3250
2811	2812	3251	3575
3251	3252	3576	3575
2812	2813	3252	3251
2813	2814	3253	3252
3252	3253	3577	3576
2814	2815	3577	3253
2815	2816	3254	3577
3254	3255	3578	3577
2816	2817	3255	3254
2817	2818	3256	3255
3255	3256	3579	3578
2818	2819	3579	3256
2819	2820	3257	3579
3257	3258	3580	3579
2820	2821	3258	3257
2821	2822	3259	3258
3258	3259	3581	3580
2822	2823	3581	3259
2823	2824	3260	3581
3260	3261	3582	3581
2824	2825	3261	3260
2825	2826	3262	3261
3261	3262	3583	3582
2826	2827	3583	3262
2827	2828	3263	3583
3263	3264	3584	3583
2828	2829	3264	3263
2829	2830	3265	3264
3264	3265	3585	3584
2830	2831	3585	3265
2831	2832	3266	3585
3266	3267	3586	3585
2832	2833	3267	3266
2833	2834	3268	3267
3267	3268	3587	3586
2834	2835	3587	3268
2835	2836	3269	3587
3269	3270	3588	3587
2836	2837	3270	3269
2837	2838	3271	3270
3270	3271	3589	3588
2838	2839	3589	3271
2839	2840	3272	3589
3272	3273	3590	3589
2840	2841	3273	3272
2841	2842	3274	3273
3273	3274	3591	3590
2842	2843	3591	3274
2843	2844	3275	3591
3275	3276	3592	3591
2844	2845	3276	3275
2845	2846	3277	3276
3276	3277	3593	3592
2846	2847	3593	3277
2847	2848	3278	3593
3278	3279	3594	3593
2848	2849	3279	3278
2849	2850	3280	3279
3279	3280	3595	3594
2850	2851	3595	3280
2851	2852	3281	3595
3281	3282	3596	3595
2852	2853	3282	3281
2853	2854	3283	3282
3282	3283	3597	3596
2854	2855	3597	3283
2855	2856	3284	3597
3284	3285	3598	3597
2856	2857	3285	3284
2857	2858	3286	3285
3285	3286	3599	3598
2858	2859	3599	3286
2859	2860	3287	3599
3287	3288	3600	3599
2860	2861	3288	3287
2861	2862	3289	3288
3288	3289	3601	3600
2862	2863	3601	3289
2863	2864	3290	3601
3290	3291	3602	3601
2864	2865	3291	3290
2865	2866	3292	3291
3291	3292	3603	3602
2866	2867	3603	3292
2867	2868	3293	3603
3293	3294	3604	3603
2868	2869	3294	3293
2869	2870	3295	3294
3294	3295	3605	3604
2870	2871	3605	3295
2871	2872	3296	3605
3296	3297	3606	3605
2872	2873	3297	3296
2873	2874	3298	3297
3297	3298	3607	3606
2874	2875	3607	3298
2875	2876	3299	3607
3299	3300	3608	3607
2876	2877	3300	3299
2877	2878	3301	3300
3300	3301	3609	3608
2878	2879	3609	3301
2879	2880	3302	3609
3302	3303	3610	3609
2880	2881	3303	3302
2881	2882	3304	3303
3303	3304	3611	3610
2882	2883	3611	3304
2883	2884	3305	3611
3305	3306	3612	3611
2884	2885	3306	3305
2885	2886	3307	3306
3306	3307	3613	3612
2886	2887	3613	3307
2887	2888	3308	3613
3308	3309	3614	3613
2888	2889	3309	3308
2889	2890	3310	3309
3309	3310	3615	3614
2890	2891	3615	3310
2891	2892	3311	3615
3311	3312	3616	3615
2892	2893	3312	3311
2893	2894	3313	3312
3312	3313	3617	3616
2894	2895	3617	3313
2895	2896	3314	3617
3314	3315	3618	3617
2896	2897	3315	3314
2897	2898	3316	3315
3315	3316	3619	3618
2898	2899	3619	3316
2899	2900	3317	3619
3317	3318	3620	3619
2900	2901	3318	3317
2901	2902	3319	3318
3318	3319	3621	3620
2902	2903	3621	3319
2903	2904	3320	3621
3320	3321	3622	3621
2904	2905	3321	3320
2905	2906	3322	3321
3321	3322	3623	3622
2906	2907	3623	3322
2907	2908	3323	3623
3323	3324	3624	3623
2908	2909	3324	3323
2909	2910	3325	3324
3324	3325	3625	3624
2910	2911	3625	3325
2911	2912	3326	3625
3326	3327	3626	3625
2912	2913	3327	3326
2913	2914	3328	3327
3327	3328	3627	3626
2914	2915	3627	3328
2915	2916	3329	3627
3329	3330	3628	3627
2916	2917	3330	3329
2917	2918	3331	3330
3330	3331	3629	3628
2918	2919	3629	3331
2919	2920	3332	3629
3332	3333	3630	3629
2920	2921	3333	3332
2921	2922	3334	3333
3333	3334	3631	3630
2922	2923	3631	3334
2923	2924	3335	3631
3335	3336	3632	3631
2924	2925	3336	3335
2925	2926	3337	3336
3336	3337	3633	3632
2926	2927	3633	3337
2927	2928	3338	3633
3338	3339	3634	3633
2928	2929	3339	3338
2929	2930	3340	3339
3339	3340	3635	3634
2930	2931	3635	3340
2931	2932	3341	3635
3341	3342	3636	3635
2932	2933	3342	3341
2933	2934	3343	3342
3342	3343	3637	3636
2934	2935	3637	3343
2935	2936	3344	3637
3344	3345	3638	3637
2936	2937	3345	3344
2937	2938	3346	3345
3345	3346	3639	3638
2938	2939	3639	3346
2939	2940	3347	3639
3347	3348	3640	3639
2940	2941	3348	3347
2941	2942	3349	3348
3348	3349	3641	3640
2942	2943	3641	3349
2943	2944	3350	3641
3350	3351	3642	3641
2944	2945	3351	3350
2945	2946	3352	3351
3351	3352	3643	3642
2946	2947	3643	3352
2947	2948	3353	3643
3353	3354	3644	3643
2948	2949	3354	3353
2949	2950	3355	3354
3354	3355	3645	3644
2950	2951	3645	3355
2951	2952	3356	3645
3356	3357	3646	3645
2952	2953	3357	3356
2953	2954	3358	3357
3357	3358	3647	3646
2954	2955	3647	3358
2955	2956	3359	3647
3359	3360	3648	3647
2956	2957	3360	3359
2957	2958	3361	3360
3360	3361	3649	3648
2958	2959	3649	3361
2959	2960	3362	3649
3362	3363	3650	3649
2960	2961	3363	3362
2961	2962	3364	3363
3363	3364	3651	3650
2962	2963	3651	3364
2963	2964	3365	3651
3365	3366	3652	3651
2964	2965	3366	3365
2965	2966	3367	3366
3366	3367	3653	3652
2966	2967	3653	3367
2967	2968	3368	3653
3368	3369	3654	3653
2968	2969	3369	3368
2969	2970	3370	3369
3369	3370	3655	3654
2970	2971	3655	3370
2971	2972	3371	3655
3371	3372	3656	3655
2972	2973	3372	3371
2973	2974	3373	3372
3372	3373	3657	3656
2974	2975	3657	3373
2975	2976	3374	3657
3374	3375	3658	3657
2976	2977	3375	3374
2977	2978	3376	3375
3375	3376	3659	3658
2978	2979	3659	3376
2979	2980	3377	3659
3377	3378	3660	3659
2980	2981	3378	3377
2981	2982	3379	3378
3378	3379	3661	3660
2982	2983	3661	3379
2983	2984	3380	3661
3380	3381	3662	3661
2984	2985	3381	3380
2985	2986	3382	3381
3381	3382	3663	3662
2986	2987	3663	3382
2987	2988	3383	3663
3383	3384	3664	3663
2988	2989	3384	3383
2989	2990	3385	3384
3384	3385	3665	3664
2990	2991	3665	3385
2991	2992	3386	3665
3386	3387	3666	3665
2992	2993	3387	3386
2993	2994	3388	3387
3387	3388	3667	3666
2994	2995	3667	3388
2995	2996	3389	3667
3389	3390	3668	3667
2996	2997	3390	3389
2997	2998	3391	3390
3390	3391	3669	3668
2998	2999	3669	3391
2999	3000	3392	3669
3392	3393	3670	3669
3000	3001	3393	3392
3001	3002	3394	3393
3393	3394	3671	3670
3002	3003	3671	3394
3003	3004	3395	3671
3395	3396	3672	3671
3004	3005	3396	3395
3005	3006	3397	3396
3396	3397	3673	3672
3006	3007	3673	3397
3007	3008	3398	3673
3398	3399	3674	3673
3008	3009	3399	3398
3009	3010	3400	3399
3399	3400	3675	3674
3010	3011	3675	3400
3011	3012	3401	3675
3401	3402	3676	3675
3012	3013	3402	3401
3013	3014	3403	3402
3402	3403	3677	3676
3014	3015	3677	3403
3015	3016	3404	3677
3404	3405	3678	3677
3016	3017	3405	3404
3017	3018	3406	3405
3405	3406	3679	3678
3018	3019	3679	3406
3019	3020	3407	3679
3407	3408	3680	3679
3020	3021	3408	3407
3021	3022	3409	3408
3408	3409	3681	3680
3022	3023	3681	3409
3023	3024	3410	3681
3410	3411	3682	3681
3024	3025	3411	3410
3025	3026	3412	3411
3411	3412	3683	3682
3026	3027	3683	3412
3027	3028	3413	3683
3413	3414	3684	3683
3028	3029	3414	3413
3029	3030	3415	3414
3414	3415	3685	3684
3030	3031	3685	3415
3031	3032	3416	3685
3416	3417	3686	3685
3032	3033	3417	3416
3033	3034	3418	3417
3417	3418	3687	3686
3034	3035	3687	3418
3035	3036	3419	3687
3419	3420	3688	3687
3036	3037	3420	3419
3037	3038	3421	3420
3420	3421	3689	3688
3038	3039	3689	3421
3039	3040	3422	3689
3422	3423	3690	3689
3040	3041	3423	3422
3041	3042	3424	3423
3423	3424	3691	3690
3042	3043	3691	3424
3043	3044	3425	3691
3425	3426	3692	3691
3044	3045	3426	3425
3045	3046	3427	3426
3426	3427	3693	3692
3046	3047	3693	3427
3047	3048	3428	3693
3428	3429	3694	3693
3048	3049	3429	3428
3049	3050	3430	3429
3429	3430	3695	3694
3050	3051	3695	3430
3051	3052	3431	3695
3431	3432	3696	3695
3052	3053	3432	3431
3053	3054	3433	3432
3432	3433	3697	3696
3054	3055	3697	3433
3055	3056	3434	3697
3434	3435	3698	3697
3056	3057	3435	3434
3057	3058	3436	3435
3435	3436	3699	3698
3058	3059	3699	3436
3059	3060	3437	3699
3437	3438	3700	3699
3060	3061	3438	3437
3061	3062	3439	3438
3438	3439	3701	3700
3062	3063	3701	3439
3063	3064	3440	3701
3440	3441	3702	3701
3064	3065	3441	3440
3065	3066	3442	3441
3441	3442	3703	3702
3066	3067	3703	3442
3067	3068	3443	3703
3443	3444	3704	3703
3068	3069	3444	3443
3069	3070	3445	3444
3444	3445	3705	3704
3070	3071	3705	3445
3071	3072	3446	3705
3446	3447	3706	3705
3072	3073	3447	3446
3073	3074	3448	3447
3447	3448	3707	3706
3074	3075	3707	3448
3075	3076	3449	3707
3449	3450	3708	3707
3076	3077	3450	3449
3077	3078	3451	3450
3450	3451	3709	3708
3078	3079	3709	3451
3079	3080	3452	3709
3452	3453	3710	3709
3080	3081	3453	3452
3081	3082	3454	3453
3453	3454	3711	3710
3082	3083	3711	3454
3083	3084	3455	3711
3455	3456	3712	3711
3084	3085	3456	3455
3085	3086	3457	3456
3456	3457	3713	3712
3086	3087	3713	3457
3087	3088	3458	3713
3458	3459	3714	3713
3088	3089	3459	3458
3089	3090	3460	3459
3459	3460	3715	3714
3090	3091	3715	3460
3091	3092	3461	3715
3461	3462	3716	3715
3092	3093	3462	3461
3093	3094	3463	3462
3462	3463	3717	3716
3094	3095	3717	3463
3095	3096	3464	3717
3464	3465	3718	3717
3096	3097	3465	3464
3097	3098	3466	3465
3465	3466	3719	3718
3098	3099	3719	3466
3099	3100	3467	3719
3467	3468	3720	3719
3100	3101	3468	3467
3101	3102	3469	3468
3468	3469	3721	3720
3102	3103	3721	3469
3103	3104	3470	3721
3470	3471	3722	3721
3104	3105	3471	3470
3105	3106	3472	3471
3471	3472	3723	3722
3106	3107	3723	3472
3107	3108	3473	3723
3473	3474	3724	3723
3108	3109	3474	3473
3109	3110	3475	3474
3474	3475	3725	3724
3110	3111	3725	3475
3111	3112	3476	3725
3476	3477	3726	3725
3112	3113	3477	3476
3113	3114	3478	3477
3477	3478	3727	3726
3114	3115	3727	3478
3115	3116	3479	3727
3479	3480	3728	3727
3116	3117	3480	3479
3117	3118	3481	3480
3480	3481	3729	3728
3118	3119	3729	3481
3119	3120	3482	3729
3482	3483	3730	3729
3120	3121	3483	3482
3121	3122	3484	3483
3483	3484	3731	3730
3122	3123	3731	3484
3123	3124	3485	3731
3485	3486	3732	3731
3124	3125	3486	3485
3125	3126	3487	3486
3486	3487	3733	3732
3126	3127	3733	3487
3127	3128	3488	3733
3488	3489	3734	3733
3128	3129	3489	3488
3129	3130	3490	3489
3489	3490	3735	3734
3130	3131	3735	3490
3131	3132	3491	3735
3491	3492	3736	3735
3132	3133	3492	3491
3133	3134	3493	3492
3492	3493	3737	3736
3134	3135	3737	3493
3135	3136	3494	3737
3494	3495	3738	3737
3136	3137	3495	3494
3137	3138	3496	3495
3495	3496	3739	3738
3138	3139	3739	3496
3139	3140	3497	3739
3497	3498	3740	3739
3140	3141	3498	3497
3141	3142	3499	3498
3498	3499	3741	3740
3142	3143	3741	3499
3143	3144	3500	3741
3500	3501	3742	3741
3144	3145	3501	3500
3145	3146	3502	3501
3501	3502	3743	3742
3146	3147	3743	3502
3147	3148	3503	3743
3503	3504	3744	3743
3148	3149	3504	3503
3149	3150	3505	3504
3504	3505	3745	3744
3150	3151	3745	3505
3151	3152	3506	3745
3506	3507	3746	3745
3152	3153	3507	3506
3153	3154	3508	3507
3507	3508	3747	3746
3154	3155	3747	3508
3155	3156	3509	3747
3509	3510	3748	3747
3156	3157	3510	3509
3157	3158	3511	3510
3510	3511	3749	3748
3158	3159	3749	3511
3159	3160	3512	3749
3512	3513	3750	3749
3160	3161	3513	3512
3161	3162	3514	3513
3513	3514	3751	3750
3162	3163	3751	3514
3163	3164	3515	3751
3515	3516	3752	3751
3164	3165	3516	3515
3165	3166	3517	3516
3516	3517	3753	3752
3166	3167	3753	3517
3167	3168	3518	3753
3518	3519	3754	3753
3168	3169	3519	3518
3169	3170	3520	3519
3519	3520	3755	3754
3170	3171	3755	3520
3171	3172	3521	3755
3521	3522	3756	3755
3172	3173	3522	3521
3173	3174	3523	3522
3522	3523	3757	3756
3174	3175	3757	3523
3175	3176	3524	3757
3524	3525	3758	3757
3176	3177	3525	3524
3177	3178	3526	3525
3525	3526	3759	3758
3178	3179	3759	3526
3179	3761	3760	3759
3180	3527	3761	3179
3528	3762	3761	3527
3181	3528	3527	3180
3182	3529	3528	3181
3529	3763	3762	3528
3183	3763	3529	3182
3184	3530	3763	3183
3531	3764	3763	3530
3185	3531	3530	3184
3532	3533	3766	3765
3765	3766	3943	3942
3533	3534	3943	3766
3534	3535	3767	3943
3767	3768	3944	3943
3535	3536	3768	3767
3536	3537	3769	3768
3768	3769	3945	3944
3537	3538	3945	3769
3538	3539	3770	3945
3770	3771	3946	3945
3539	3540	3771	3770
3540	3541	3772	3771
3771	3772	3947	3946
3541	3542	3947	3772
3542	3543	3773	3947
3773	3774	3948	3947
3543	3544	3774	3773
3544	3545	3775	3774
3774	3775	3949	3948
3545	3546	3949	3775
3546	3547	3776	3949
3776	3777	3950	3949
3547	3548	3777	3776
3548	3549	3778	3777
3777	3778	3951	3950
3549	3550	3951	3778
3550	3551	3779	3951
3779	3780	3952	3951
3551	3552	3780	3779
3552	3553	3781	3780
3780	3781	3953	3952
3553	3554	3953	3781
3554	3555	3782	3953
3782	3783	3954	3953
3555	3556	3783	3782
3556	3557	3784	3783
3783	3784	3955	3954
3557	3558	3955	3784
3558	3559	3785	3955
3785	3786	3956	3955
3559	3560	3786	3785
3560	3561	3787	3786
3786	3787	3957	3956
3561	3562	3957	3787
3562	3563	3788	3957
3788	3789	3958	3957
3563	3564	3789	3788
3564	3565	3790	3789
3789	3790	3959	3958
3565	3566	3959	3790
3566	3567	3791	3959
3791	3792	3960	3959
3567	3568	3792	3791
3568	3569	3793	3792
3792	3793	3961	3960
3569	3570	3961	3793
3570	3571	3794	3961
3794	3795	3962	3961
3571	3572	3795	3794
3572	3573	3796	3795
3795	3796	3963	3962
3573	3574	3963	3796
3574	3575	3797	3963
3797	3798	3964	3963
3575	3576	3798	3797
3576	3577	3799	3798
3798	3799	3965	3964
3577	3578	3965	3799
3578	3579	3800	3965
3800	3801	3966	3965
3579	3580	3801	3800
3580	3581	3802	3801
3801	3802	3967	3966
3581	3582	3967	3802
3582	3583	3803	3967
3803	3804	3968	3967
3583	3584	3804	3803
3584	3585	3805	3804
3804	3805	3969	3968
3585	3586	3969	3805
3586	3587	3806	3969
3806	3807	3970	3969
3587	3588	3807	3806
3588	3589	3808	3807
3807	3808	3971	3970
3589	3590	3971	3808
3590	3591	3809	3971
3809	3810	3972	3971
3591	3592	3810	3809
3592	3593	3811	3810
3810	3811	3973	3972
3593	3594	3973	3811
3594	3595	3812	3973
3812	3813	3974	3973
3595	3596	3813	3812
3596	3597	3814	3813
3813	3814	3975	3974
3597	3598	3975	3814
3598	3599	3815	3975
3815	3816	3976	3975
3599	3600	3816	3815
3600	3601	3817	3816
3816	3817	3977	3976
3601	3602	3977	3817
3602	3603	3818	3977
3818	3819	3978	3977
3603	3604	3819	3818
3604	3605	3820	3819
3819	3820	3979	3978
3605	3606	3979	3820
3606	3607	3821	3979
3821	3822	3980	3979
3607	3608	3822	3821
3608	3609	3823	3822
3822	3823	3981	3980
3609	3610	3981	3823
3610	3611	3824	3981
3824	3825	3982	3981
3611	3612	3825	3824
3612	3613	3826	3825
3825	3826	3983	3982
3613	3614	3983	3826
3614	3615	3827	3983
3827	3828	3984	3983
3615	3616	3828	3827
3616	3617	3829	3828
3828	3829	3985	3984
3617	3618	3985	3829
3618	3619	3830	3985
3830	3831	3986	3985
3619	3620	3831	3830
3620	3621	3832	3831
3831	3832	3987	3986
3621	3622	3987	3832
3622	3623	3833	3987
3833	3834	3988	3987
3623	3624	3834	3833
3624	3625	3835	3834
3834	3835	3989	3988
3625	3626	3989	3835
3626	3627	3836	3989
3836	3837	3990	3989
3627	3628	3837	3836
3628	3629	3838	3837
3837	3838	3991	3990
3629	3630	3991	3838
3630	3631	3839	3991
3839	3840	3992	3991
3631	3632	3840	3839
3632	3633	3841	3840
3840	3841	3993	3992
3633	3634	3993	3841
3634	3635	3842	3993
3842	3843	3994	3993
3635	3636	3843	3842
3636	3637	3844	3843
3843	3844	3995	3994
3637	3638	3995	3844
3638	3639	3845	3995
3845	3846	3996	3995
3639	3640	3846	3845
3640	3641	3847	3846
3846	3847	3997	3996
3641	3642	3997	3847
3642	3643	3848	3997
3848	3849	3998	3997
3643	3644	3849	3848
3644	3645	3850	3849
3849	3850	3999	3998
3645	3646	3999	3850
3646	3647	3851	3999
3851	3852	4000	3999
3647	3648	3852	3851
3648	3649	3853	3852
3852	3853	4001	4000
3649	3650	4001	3853
3650	3651	3854	4001
3854	3855	4002	4001
3651	3652	3855	3854
3652	3653	3856	3855
3855	3856	4003	4002
3653	3654	4003	3856
3654	3655	3857	4003
3857	3858	4004	4003
3655	3656	3858	3857
3656	3657	3859	3858
3858	3859	4005	4004
3657	3658	4005	3859
3658	3659	3860	4005
3860	3861	4006	4005
3659	3660	3861	3860
3660	3661	3862	3861
3861	3862	4007	4006
3661	3662	4007	3862
3662	3663	3863	4007
3863	3864	4008	4007
3663	3664	3864	3863
3664	3665	3865	3864
3864	3865	4009	4008
3665	3666	4009	3865
3666	3667	3866	4009
3866	3867	4010	4009
3667	3668	3867	3866
3668	3669	3868	3867
3867	3868	4011	4010
3669	3670	4011	3868
3670	3671	3869	4011
3869	3870	4012	4011
3671	3672	3870	3869
3672	3673	3871	3870
3870	3871	4013	4012
3673	3674	4013	3871
3674	3675	3872	4013
3872	3873	4014	4013
3675	3676	3873	3872
3676	3677	3874	3873
3873	3874	4015	4014
3677	3678	4015	3874
3678	3679	3875	4015
3875	3876	4016	4015
3679	3680	3876	3875
3680	3681	3877	3876
3876	3877	4017	4016
3681	3682	4017	3877
3682	3683	3878	4017
3878	3879	4018	4017
3683	3684	3879	3878
3684	3685	3880	3879
3879	3880	4019	4018
3685	3686	4019	3880
3686	3687	3881	4019
3881	3882	4020	4019
3687	3688	3882	3881
3688	3689	3883	3882
3882	3883	4021	4020
3689	3690	4021	3883
3690	3691	3884	4021
3884	3885	4022	4021
3691	3692	3885	3884
3692	3693	3886	3885
3885	3886	4023	4022
3693	3694	4023	3886
3694	3695	3887	4023
3887	3888	4024	4023
3695	3696	3888	3887
3696	3697	3889	3888
3888	3889	4025	4024
3697	3698	4025	3889
3698	3699	3890	4025
3890	3891	4026	4025
3699	3700	3891	3890
3700	3701	3892	3891
3891	3892	4027	4026
3701	3702	4027	3892
3702	3703	3893	4027
3893	3894	4028	4027
3703	3704	3894	3893
3704	3705	3895	3894
3894	3895	4029	4028
3705	3706	4029	3895
3706	3707	3896	4029
3896	3897	4030	4029
3707	3708	3897	3896
3708	3709	3898	3897
3897	3898	4031	4030
3709	3710	4031	3898
3710	3711	3899	4031
3899	3900	4032	4031
3711	3712	3900	3899
3712	3713	3901	3900
3900	3901	4033	4032
3713	3714	4033	3901
3714	3715	3902	4033
3902	3903	4034	4033
3715	3716	3903	3902
3716	3717	3904	3903
3903	3904	4035	4034
3717	3718	4035	3904
3718	3719	3905	4035
3905	3906	4036	4035
3719	3720	3906	3905
3720	3721	3907	3906
3906	3907	4037	4036
3721	3722	4037	3907
3722	3723	3908	4037
3908	3909	4038	4037
3723	3724	3909	3908
3724	3725	3910	3909
3909	3910	4039	4038
3725	3726	4039	3910
3726	3727	3911	4039
3911	3912	4040	4039
3727	3728	3912	3911
3728	3729	3913	3912
3912	3913	4041	4040
3729	3730	4041	3913
3730	3731	3914	4041
3914	3915	4042	4041
3731	3732	3915	3914
3732	3733	3916	3915
3915	3916	4043	4042
3733	3734	4043	3916
3734	3735	3917	4043
3917	3918	4044	4043
3735	3736	3918	3917
3736	3737	3919	3918
3918	3919	4045	4044
3737	3738	4045	3919
3738	3739	3920	4045
3920	3921	4046	4045
3739	3740	3921	3920
3740	3741	3922	3921
3921	3922	4047	4046
3741	3742	4047	3922
3742	3743	3923	4047
3923	3924	4048	4047
3743	3744	3924	3923
3744	3745	3925	3924
3924	3925	4049	4048
3745	3746	4049	3925
3746	3747	3926	4049
3926	3927	4050	4049
3747	3748	3927	3926
3748	3749	3928	3927
3927	3928	4051	4050
3749	3750	4051	3928
3750	3751	3929	4051
3929	3930	4052	4051
3751	3752	3930	3929
3752	3753	3931	3930
3930	3931	4053	4052
3753	3754	4053	3931
3754	3755	3932	4053
3932	3933	4054	4053
3755	3756	3933	3932
3756	3757	3934	3933
3933	3934	4055	4054
3757	3758	4055	3934
3758	3759	3935	4055
3935	3936	4056	4055
3759	3760	3936	3935
3760	3938	3937	3936
3936	3937	4057	4056
3938	4058	4057	3937
3761	3939	3938	3760
3939	4059	4058	3938
3762	4059	3939	3761
3763	3940	4059	3762
3941	4060	4059	3940
3764	3941	3940	3763
3942	3943	4062	4061
3943	3944	4063	4062
3944	3945	4064	4063
3945	3946	4065	4064
3946	3947	4066	4065
3947	3948	4067	4066
3948	3949	4068	4067
3949	3950	4069	4068
3950	3951	4070	4069
3951	3952	4071	4070
3952	3953	4072	4071
3953	3954	4073	4072
3954	3955	4074	4073
3955	3956	4075	4074
3956	3957	4076	4075
3957	3958	4077	4076
3958	3959	4078	4077
3959	3960	4079	4078
3960	3961	4080	4079
3961	3962	4081	4080
3962	3963	4082	4081
3963	3964	4083	4082
3964	3965	4084	4083
3965	3966	4085	4084
3966	3967	4086	4085
3967	3968	4087	4086
3968	3969	4088	4087
3969	3970	4089	4088
3970	3971	4090	4089
3971	3972	4091	4090
3972	3973	4092	4091
3973	3974	4093	4092
3974	3975	4094	4093
3975	3976	4095	4094
3976	3977	4096	4095
3977	3978	4097	4096
3978	3979	4098	4097
3979	3980	4099	4098
3980	3981	4100	4099
3981	3982	4101	4100
3982	3983	4102	4101
3983	3984	4103	4102
3984	3985	4104	4103
3985	3986	4105	4104
3986	3987	4106	4105
3987	3988	4107	4106
3988	3989	4108	4107
3989	3990	4109	4108
3990	3991	4110	4109
3991	3992	4111	4110
3992	3993	4112	4111
3993	3994	4113	4112
3994	3995	4114	4113
3995	3996	4115	4114
3996	3997	4116	4115
3997	3998	4117	4116
3998	3999	4118	4117
3999	4000	4119	4118
4000	4001	4120	4119
4001	4002	4121	4120
4002	4003	4122	4121
4003	4004	4123	4122
4004	4005	4124	4123
4005	4006	4125	4124
4006	4007	4126	4125
4007	4008	4127	4126
4008	4009	4128	4127
4009	4010	4129	4128
4010	4011	4130	4129
4011	4012	4131	4130
4012	4013	4132	4131
4013	4014	4133	4132
4014	4015	4134	4133
4015	4016	4135	4134
4016	4017	4136	4135
4017	4018	4137	4136
4018	4019	4138	4137
4019	4020	4139	4138
4020	4021	4140	4139
4021	4022	4141	4140
4022	4023	4142	4141
4023	4024	4143	4142
4024	4025	4144	4143
4025	4026	4145	4144
4026	4027	4146	4145
4027	4028	4147	4146
4028	4029	4148	4147
4029	4030	4149	4148
4030	4031	4150	4149
4031	4032	4151	4150
4032	4033	4152	4151
4033	4034	4153	4152
4034	4035	4154	4153
4035	4036	4155	4154
4036	4037	4156	4155
4037	4038	4157	4156
4038	4039	4158	4157
4039	4040	4159	4158
4040	4041	4160	4159
4041	4042	4161	4160
4042	4043	4162	4161
4043	4044	4163	4162
4044	4045	4164	4163
4045	4046	4165	4164
4046	4047	4166	4165
4047	4048	4167	4166
4048	4049	4168	4167
4049	4050	4169	4168
4050	4051	4170	4169
4051	4052	4171	4170
4052	4053	4172	4171
4053	4054	4173	4172
4054	4055	4174	4173
4055	4056	4175	4174
4056	4057	4176	4175
4057	4178	4177	4176
4058	4179	4178	4057
4059	4180	4179	4058
4060	4181	4180	4059
4061	4062	4183	4182
4182	4183	4276	4275
4062	4063	4276	4183
4063	4064	4184	4276
4184	4185	4277	4276
4064	4065	4185	4184
4065	4066	4186	4185
4185	4186	4278	4277
4066	4067	4278	4186
4067	4068	4187	4278
4187	4188	4279	4278
4068	4069	4188	4187
4069	4070	4189	4188
4188	4189	4280	4279
4070	4071	4280	4189
4071	4072	4190	4280
4190	4191	4281	4280
4072	4073	4191	4190
4073	4074	4192	4191
4191	4192	4282	4281
4074	4075	4282	4192
4075	4076	4193	4282
4193	4194	4283	4282
4076	4077	4194	4193
4077	4078	4195	4194
4194	4195	4284	4283
4078	4079	4284	4195
4079	4080	4196	4284
4196	4197	4285	4284
4080	4081	4197	4196
4081	4082	4198	4197
4197	4198	4286	4285
4082	4083	4286	4198
4083	4084	4199	4286
4199	4200	4287	4286
4084	4085	4200	4199
4085	4086	4201	4200
4200	4201	4288	4287
4086	4087	4288	4201
4087	4088	4202	4288
4202	4203	4289	4288
4088	4089	4203	4202
4089	4090	4204	4203
4203	4204	4290	4289
4090	4091	4290	4204
4091	4092	4205	4290
4205	4206	4291	4290
4092	4093	4206	4205
4093	4094	4207	4206
4206	4207	4292	4291
4094	4095	4292	4207
4095	4096	4208	4292
4208	4209	4293	4292
4096	4097	4209	4208
4097	4098	4210	4209
4209	4210	4294	4293
4098	4099	4294	4210
4099	4100	4211	4294
4211	4212	4295	4294
4100	4101	4212	4211
4101	4102	4213	4212
4212	4213	4296	4295
4102	4103	4296	4213
4103	4104	4214	4296
4214	4215	4297	4296
4104	4105	4215	4214
4105	4106	4216	4215
4215	4216	4298	4297
4106	4107	4298	4216
4107	4108	4217	4298
4217	4218	4299	4298
4108	4109	4218	4217
4109	4110	4219	4218
4218	4219	4300	4299
4110	4111	4300	4219
4111	4112	4220	4300
4220	4221	4301	4300
4112	4113	4221	4220
4113	4114	4222	4221
4221	4222	4302	4301
4114	4115	4302	4222
4115	4116	4223	4302
4223	4224	4303	4302
4116	4117	4224	4223
4117	4118	4225	4224
4224	4225	4304	4303
4118	4119	4304	4225
4119	4120	4226	4304
4226	4227	4305	4304
4120	4121	4227	4226
4121	4122	4228	4227
4227	4228	4306	4305
4122	4123	4306	4228
4123	4124	4229	4306
4229	4230	4307	4306
4124	4125	4230	4229
4125	4126	4231	4230
4230	4231	4308	4307
4126	4127	4308	4231
4127	4128	4232	4308
4232	4233	4309	4308
4128	4129	4233	4232
4129	4130	4234	4233
4233	4234	4310	4309
4130	4131	4310	4234
4131	4132	4235	4310
4235	4236	4311	4310
4132	4133	4236	4235
4133	4134	4237	4236
4236	4237	4312	4311
4134	4135	4312	4237
4135	4136	4238	4312
4238	4239	4313	4312
4136	4137	4239	4238
4137	4138	4240	4239
4239	4240	4314	4313
4138	4139	4314	4240
4139	4140	4241	4314
4241	4242	4315	4314
4140	4141	4242	4241
4141	4142	4243	4242
4242	4243	4316	4315
4142	4143	4316	4243
4143	4144	4244	4316
4244	4245	4317	4316
4144	4145	4245	4244
4145	4146	4246	4245
4245	4246	4318	4317
4146	4147	4318	4246
4147	4148	4247	4318
4247	4248	4319	4318
4148	4149	4248	4247
4149	4150	4249	4248
4248	4249	4320	4319
4150	4151	4320	4249
4151	4152	4250	4320
4250	4251	4321	4320
4152	4153	4251	4250
4153	4154	4252	4251
4251	4252	4322	4321
4154	4155	4322	4252
4155	4156	4253	4322
4253	4254	4323	4322
4156	4157	4254	4253
4157	4158	4255	4254
4254	4255	4324	4323
4158	4159	4324	4255
4159	4160	4256	4324
4256	4257	4325	4324
4160	4161	4257	4256
4161	4162	4258	4257
4257	4258	4326	4325
4162	4163	4326	4258
4163	4164	4259	4326
4259	4260	4327	4326
4164	4165	4260	4259
4165	4166	4261	4260
4260	4261	4328	4327
4166	4167	4328	4261
4167	4168	4262	4328
4262	4263	4329	4328
4168	4169	4263	4262
4169	4170	4264	4263
4263	4264	4330	4329
4170	4171	4330	4264
4171	4172	4265	4330
4265	4266	4331	4330
4172	4173	4266	4265
4173	4174	4267	4266
4266	4267	4332	4331
4174	4175	4332	4267
4175	4176	4268	4332
4268	4269	4333	4332
4176	4177	4269	4268
4177	4271	4270	4269
4269	4270	4334	4333
4271	4335	4334	4270
4178	4272	4271	4177
4272	4336	4335	4271
4179	4336	4272	4178
4180	4273	4336	4179
4274	4337	4336	4273
4181	4274	4273	4180
4275	4276	4339	4338
4276	4277	4340	4339
4277	4278	4341	4340
4278	4279	4342	4341
4279	4280	4343	4342
4280	4281	4344	4343
4281	4282	4345	4344
4282	4283	4346	4345
4283	4284	4347	4346
4284	4285	4348	4347
4285	4286	4349	4348
4286	4287	4350	4349
4287	4288	4351	4350
4288	4289	4352	4351
4289	4290	4353	4352
4290	4291	4354	4353
4291	4292	4355	4354
4292	4293	4356	4355
4293	4294	4357	4356
4294	4295	4358	4357
4295	4296	4359	4358
4296	4297	4360	4359
4297	4298	4361	4360
4298	4299	4362	4361
4299	4300	4363	4362
4300	4301	4364	4363
4301	4302	4365	4364
4302	4303	4366	4365
4303	4304	4367	4366
4304	4305	4368	4367
4305	4306	4369	4368
4306	4307	4370	4369
4307	4308	4371	4370
4308	4309	4372	4371
4309	4310	4373	4372
4310	4311	4374	4373
4311	4312	4375	4374
4312	4313	4376	4375
4313	4314	4377	4376
4314	4315	4378	4377
4315	4316	4379	4378
4316	4317	4380	4379
4317	4318	4381	4380
4318	4319	4382	4381
4319	4320	4383	4382
4320	4321	4384	4383
4321	4322	4385	4384
4322	4323	4386	4385
4323	4324	4387	4386
4324	4325	4388	4387
4325	4326	4389	4388
4326	4327	4390	4389
4327	4328	4391	4390
4328	4329	4392	4391
4329	4330	4393	4392
4330	4331	4394	4393
4331	4332	4395	4394
4332	4333	4396	4395
4333	4334	4397	4396
4334	4399	4398	4397
4335	4400	4399	4334
4336	4401	4400	4335
4337	4402	4401	4336
4338	4339	4404	4403
4403	4404	4455	4454
4339	4340	4455	4404
4340	4341	4405	4455
4405	4406	4456	4455
4341	4342	4406	4405
4342	4343	4407	4406
4406	4407	4457	4456
4343	4344	4457	4407
4344	4345	4408	4457
4408	4409	4458	4457
4345	4346	4409	4408
4346	4347	4410	4409
4409	4410	4459	4458
4347	4348	4459	4410
4348	4349	4411	4459
4411	4412	4460	4459
4349	4350	4412	4411
4350	4351	4413	4412
4412	4413	4461	4460
4351	4352	4461	4413
4352	4353	4414	4461
4414	4415	4462	4461
4353	4354	4415	4414
4354	4355	4416	4415
4415	4416	4463	4462
4355	4356	4463	4416
4356	4357	4417	4463
4417	4418	4464	4463
4357	4358	4418	4417
4358	4359	4419	4418
4418	4419	4465	4464
4359	4360	4465	4419
4360	4361	4420	4465
4420	4421	4466	4465
4361	4362	4421	4420
4362	4363	4422	4421
4421	4422	4467	4466
4363	4364	4467	4422
4364	4365	4423	4467
4423	4424	4468	4467
4365	4366	4424	4423
4366	4367	4425	4424
4424	4425	4469	4468
4367	4368	4469	4425
4368	4369	4426	4469
4426	4427	4470	4469
4369	4370	4427	4426
4370	4371	4428	4427
4427	4428	4471	4470
4371	4372	4471	4428
4372	4373	4429	4471
4429	4430	4472	4471
4373	4374	4430	4429
4374	4375	4431	4430
4430	4431	4473	4472
4375	4376	4473	4431
4376	4377	4432	4473
4432	4433	4474	4473
4377	4378	4433	4432
4378	4379	4434	4433
4433	4434	4475	4474
4379	4380	4475	4434
4380	4381	4435	4475
4435	4436	4476	4475
4381	4382	4436	4435
4382	4383	4437	4436
4436	4437	4477	4476
4383	4384	4477	4437
4384	4385	4438	4477
4438	4439	4478	4477
4385	4386	4439	4438
4386	4387	4440	4439
4439	4440	4479	4478
4387	4388	4479	4440
4388	4389	4441	4479
4441	4442	4480	4479
4389	4390	4442	4441
4390	4391	4443	4442
4442	4443	4481	4480
4391	4392	4481	4443
4392	4393	4444	4481
4444	4445	4482	4481
4393	4394	4445	4444
4394	4395	4446	4445
4445	4446	4483	4482
4395	4396	4483	4446
4396	4397	4447	4483
4447	4448	4484	4483
4397	4398	4448	4447
4398	4450	4449	4448
4448	4449	4485	4484
4450	4486	4485	4449
4399	4451	4450	4398
4451	4487	4486	4450
4400	4487	4451	4399
4401	4452	4487	4400
4453	4488	4487	4452
4402	4453	4452	4401
4454	4455	4490	4489
4455	4456	4491	4490
4456	4457	4492	4491
4457	4458	4493	4492
4458	4459	4494	4493
4459	4460	4495	4494
4460	4461	4496	4495
4461	4462	4497	4496
4462	4463	4498	4497
4463	4464	4499	4498
4464	4465	4500	4499
4465	4466	4501	4500
4466	4467	4502	4501
4467	4468	4503	4502
4468	4469	4504	4503
4469	4470	4505	4504
4470	4471	4506	4505
4471	4472	4507	4506
4472	4473	4508	4507
4473	4474	4509	4508
4474	4475	4510	4509
4475	4476	4511	4510
4476	4477	4512	4511
4477	4478	4513	4512
4478	4479	4514	4513
4479	4480	4515	4514
4480	4481	4516	4515
4481	4482	4517	4516
4482	4483	4518	4517
4483	4484	4519	4518
4484	4485	4520	4519
4485	4522	4521	4520
4486	4523	4522	4485
4487	4524	4523	4486
4488	4525	4524	4487
4489	4490	4527	4526
4526	4527	4557	4556
4490	4491	4557	4527
4491	4492	4528	4557
4528	4529	4558	4557
4492	4493	4529	4528
4493	4494	4530	4529
4529	4530	4559	4558
4494	4495	4559	4530
4495	4496	4531	4559
4531	4532	4560	4559
4496	4497	4532	4531
4497	4498	4533	4532
4532	4533	4561	4560
4498	4499	4561	4533
4499	4500	4534	4561
4534	4535	4562	4561
4500	4501	4535	4534
4501	4502	4536	4535
4535	4536	4563	4562
4502	4503	4563	4536
4503	4504	4537	4563
4537	4538	4564	4563
4504	4505	4538	4537
4505	4506	4539	4538
4538	4539	4565	4564
4506	4507	4565	4539
4507	4508	4540	4565
4540	4541	4566	4565
4508	4509	4541	4540
4509	4510	4542	4541
4541	4542	4567	4566
4510	4511	4567	4542
4511	4512	4543	4567
4543	4544	4568	4567
4512	4513	4544	4543
4513	4514	4545	4544
4544	4545	4569	4568
4514	4515	4569	4545
4515	4516	4546	4569
4546	4547	4570	4569
4516	4517	4547	4546
4517	4518	4548	4547
4547	4548	4571	4570
4518	4519	4571	4548
4519	4520	4549	4571
4549	4550	4572	4571
4520	4521	4550	4549
4521	4552	4551	4550
4550	4551	4573	4572
4552	4574	4573	4551
4522	4553	4552	4521
4553	4575	4574	4552
4523	4575	4553	4522
4524	4554	4575	4523
4555	4576	4575	4554
4525	4555	4554	4524
4556	4557	4578	4577
4557	4558	4579	4578
4558	4559	4580	4579
4559	4560	4581	4580
4560	4561	4582	4581
4561	4562	4583	4582
4562	4563	4584	4583
4563	4564	4585	4584
4564	4565	4586	4585
4565	4566	4587	4586
4566	4567	4588	4587
4567	4568	4589	4588
4568	4569	4590	4589
4569	4570	4591	4590
4570	4571	4592	4591
4571	4572	4593	4592
4572	4573	4594	4593
4573	4596	4595	4594
4574	4597	4596	4573
4575	4598	4597	4574
4576	4599	4598	4575
4577	4578	4601	4600
4578	4579	4602	4601
4579	4580	4603	4602
4580	4581	4604	4603
4581	4582	4605	4604
4582	4583	4606	4605
4583	4584	4607	4606
4584	4585	4608	4607
4585	4586	4609	4608
4586	4587	4610	4609
4587	4588	4611	4610
4588	4589	4612	4611
4589	4590	4613	4612
4590	4591	4614	4613
4591	4592	4615	4614
4592	4593	4616	4615
4593	4594	4617	4616
4594	4595	4618	4617
4595	4620	4619	4618
4596	4621	4620	4595
4597	4622	4621	4596
4598	4623	4622	4597
4599	4624	4623	4598
4600	4601	4626	4625
4601	4602	4627	4626
4602	4603	4628	4627
4603	4604	4629	4628
4604	4605	4630	4629
4605	4606	4631	4630
4606	4607	4632	4631
4607	4608	4633	4632
4608	4609	4634	4633
4609	4610	4635	4634
4610	4611	4636	4635
4611	4612	4637	4636
4612	4613	4638	4637
4613	4614	4639	4638
4614	4615	4640	4639
4615	4616	4641	4640
4616	4617	4642	4641
4617	4618	4643	4642
4618	4619	4644	4643
4619	4646	4645	4644
4620	4647	4646	4619
4621	4648	4647	4620
4622	4649	4648	4621
4623	4650	4649	4622
4624	4651	4650	4623
4625	4626	4653	4652
4626	4627	4654	4653
4627	4628	4655	4654
4628	4629	4656	4655
4629	4630	4657	4656
4630	4631	4658	4657
4631	4632	4659	4658
4632	4633	4660	4659
4633	4634	4661	4660
4634	4635	4662	4661
4635	4636	4663	4662
4636	4637	4664	4663
4637	4638	4665	4664
4638	4639	4666	4665
4639	4640	4667	4666
4640	4641	4668	4667
4641	4642	4669	4668
4642	4643	4670	4669
4643	4644	4671	4670
4644	4645	4672	4671
4645	4674	4673	4672
4646	4675	4674	4645
4647	4676	4675	4646
4648	4677	4676	4647
4649	4678	4677	4648
4650	4679	4678	4649
4651	4680	4679	4650
4652	4653	4682	4681
4653	4654	4683	4682
4654	4655	4684	4683
4655	4656	4685	4684
4656	4657	4686	4685
4657	4658	4687	4686
4658	4659	4688	4687
4659	4660	4689	4688
4660	4661	4690	4689
4661	4662	4691	4690
4662	4663	4692	4691
4663	4664	4693	4692
4664	4665	4694	4693
4665	4666	4695	4694
4666	4667	4696	4695
4667	4668	4697	4696
4668	4669	4698	4697
4669	4670	4699	4698
4670	4671	4700	4699
4671	4672	4701	4700
4672	4673	4702	4701
4673	4704	4703	4702
4674	4705	4704	4673
4675	4706	4705	4674
4676	4707	4706	4675
4677	4708	4707	4676
4678	4709	4708	4677
4679	4710	4709	4678
4680	4711	4710	4679
4681	4682	4713	4712
4682	4683	4714	4713
4683	4684	4715	4714
4684	4685	4716	4715
4685	4686	4717	4716
4686	4687	4718	4717
4687	4688	4719	4718
4688	4689	4720	4719
4689	4690	4721	4720
4690	4691	4722	4721
4691	4692	4723	4722
4692	4693	4724	4723
4693	4694	4725	4724
4694	4695	4726	4725
4695	4696	4727	4726
4696	4697	4728	4727
4697	4698	4729	4728
4698	4699	4730	4729
4699	4700	4731	4730
4700	4701	4732	4731
4701	4702	4733	4732
4702	4703	4734	4733
4703	4736	4735	4734
4704	4737	4736	4703
4705	4738	4737	4704
4706	4739	4738	4705
4707	4740	4739	4706
4708	4741	4740	4707
4709	4742	4741	4708
4710	4743	4742	4709
4711	4744	4743	4710
4712	4713	4746	4745
4713	4714	4747	4746
4714	4715	4748	4747
4715	4716	4749	4748
4716	4717	4750	4749
4717	4718	4751	4750
4718	4719	4752	4751
4719	4720	4753	4752
4720	4721	4754	4753
4721	4722	4755	4754
4722	4723	4756	4755
4723	4724	4757	4756
4724	4725	4758	4757
4725	4726	4759	4758
4726	4727	4760	4759
4727	4728	4761	4760
4728	4729	4762	4761
4729	4730	4763	4762
4730	4731	4764	4763
4731	4732	4765	4764
4732	4733	4766	4765
4733	4734	4767	4766
4734	4735	4768	4767
4735	4770	4769	4768
4736	4771	4770	4735
4737	4772	4771	4736
4738	4773	4772	4737
4739	4774	4773	4738
4740	4775	4774	4739
4741	4776	4775	4740
4742	4777	4776	4741
4743	4778	4777	4742
4744	4779	4778	4743
4745	4746	4781	4780
4746	4747	4782	4781
4747	4748	4783	4782
4748	4749	4784	4783
4749	4750	4785	4784
4750	4751	4786	4785
4751	4752	4787	4786
4752	4753	4788	4787
4753	4754	4789	4788
4754	4755	4790	4789
4755	4756	4791	4790
4756	4757	4792	4791
4757	4758	4793	4792
4758	4759	4794	4793
4759	4760	4795	4794
4760	4761	4796	4795
4761	4762	4797	4796
4762	4763	4798	4797
4763	4764	4799	4798
4764	4765	4800	4799
4765	4766	4801	4800
4766	4767	4802	4801
4767	4768	4803	4802
4768	4769	4804	4803
4769	4806	4805	4804
4770	4807	4806	4769
4771	4808	4807	4770
4772	4809	4808	4771
4773	4810	4809	4772
4774	4811	4810	4773
4775	4812	4811	4774
4776	4813	4812	4775
4777	4814	4813	4776
4778	4815	4814	4777
4779	4816	4815	4778
4780	4781	4818	4817
4781	4782	4819	4818
4782	4783	4820	4819
4783	4784	4821	4820
4784	4785	4822	4821
4785	4786	4823	4822
4786	4787	4824	4823
4787	4788	4825	4824
4788	4789	4826	4825
4789	4790	4827	4826
4790	4791	4828	4827
4791	4792	4829	4828
4792	4793	4830	4829
4793	4794	4831	4830
4794	4795	4832	4831
4795	4796	4833	4832
4796	4797	4834	4833
4797	4798	4835	4834
4798	4799	4836	4835
4799	4800	4837	4836
4800	4801	4838	4837
4801	4802	4839	4838
4802	4803	4840	4839
4803	4804	4841	4840
4804	4805	4842	4841
4805	4844	4843	4842
4806	4845	4844	4805
4807	4846	4845	4806
4808	4847	4846	4807
4809	4848	4847	4808
4810	4849	4848	4809
4811	4850	4849	4810
4812	4851	4850	4811
4813	4852	4851	4812
4814	4853	4852	4813
4815	4854	4853	4814
4816	4855	4854	4815
4817	4818	4857	4856
4818	4819	4858	4857
4819	4820	4859	4858
4820	4821	4860	4859
4821	4822	4861	4860
4822	4823	4862	4861
4823	4824	4863	4862
4824	4825	4864	4863
4825	4826	4865	4864
4826	4827	4866	4865
4827	4828	4867	4866
4828	4829	4868	4867
4829	4830	4869	4868
4830	4831	4870	4869
4831	4832	4871	4870
4832	4833	4872	4871
4833	4834	4873	4872
4834	4835	4874	4873
4835	4836	4875	4874
4836	4837	4876	4875
4837	4838	4877	4876
4838	4839	4878	4877
4839	4840	4879	4878
4840	4841	4880	4879
4841	4842	4881	4880
4842	4843	4882	4881
4843	4884	4883	4882
4844	4885	4884	4843
4845	4886	4885	4844
4846	4887	4886	4845
4847	4888	4887	4846
4848	4889	4888	4847
4849	4890	4889	4848
4850	4891	4890	4849
4851	4892	4891	4850
4852	4893	4892	4851
4853	4894	4893	4852
4854	4895	4894	4853
4855	4896	4895	4854
4856	4857	4898	4897
4857	4858	4899	4898
4858	4859	4900	4899
4859	4860	4901	4900
4860	4861	4902	4901
4861	4862	4903	4902
4862	4863	4904	4903
4863	4864	4905	4904
4864	4865	4906	4905
4865	4866	4907	4906
4866	4867	4908	4907
4867	4868	4909	4908
4868	4869	4910	4909
4869	4870	4911	4910
4870	4871	4912	4911
4871	4872	4913	4912
4872	4873	4914	4913
4873	4874	4915	4914
4874	4875	4916	4915
4875	4876	4917	4916
4876	4877	4918	4917
4877	4878	4919	4918
4878	4879	4920	4919
4879	4880	4921	4920
4880	4881	4922	4921
4881	4882	4923	4922
4882	4883	4924	4923
4883	4926	4925	4924
4884	4927	4926	4883
4885	4928	4927	4884
4886	4929	4928	4885
4887	4930	4929	4886
4888	4931	4930	4887
4889	4932	4931	4888
4890	4933	4932	4889
4891	4934	4933	4890
4892	4935	4934	4891
4893	4936	4935	4892
4894	4937	4936	4893
4895	4938	4937	4894
4896	4939	4938	4895
4897	4898	4941	4940
4898	4899	4942	4941
4899	4900	4943	4942
4900	4901	4944	4943
4901	4902	4945	4944
4902	4903	4946	4945
4903	4904	4947	4946
4904	4905	4948	4947
4905	4906	4949	4948
4906	4907	4950	4949
4907	4908	4951	4950
4908	4909	4952	4951
4909	4910	4953	4952
4910	4911	4954	4953
4911	4912	4955	4954
4912	4913	4956	4955
4913	4914	4957	4956
4914	4915	4958	4957
4915	4916	4959	4958
4916	4917	4960	4959
4917	4918	4961	4960
4918	4919	4962	4961
4919	4920	4963	4962
4920	4921	4964	4963
4921	4922	4965	4964
4922	4923	4966	4965
4923	4924	4967	4966
4924	4925	4968	4967
4925	4970	4969	4968
4926	4971	4970	4925
4927	4972	4971	4926
4928	4973	4972	4927
4929	4974	4973	4928
4930	4975	4974	4929
4931	4976	4975	4930
4932	4977	4976	4931
4933	4978	4977	4932
4934	4979	4978	4933
4935	4980	4979	4934
4936	4981	4980	4935
4937	4982	4981	4936
4938	4983	4982	4937
4939	4984	4983	4938
4940	4941	4986	4985
4941	4942	4987	4986
4942	4943	4988	4987
4943	4944	4989	4988
4944	4945	4990	4989
4945	4946	4991	4990
4946	4947	4992	4991
4947	4948	4993	4992
4948	4949	4994	4993
4949	4950	4995	4994
4950	4951	4996	4995
4951	4952	4997	4996
4952	4953	4998	4997
4953	4954	4999	4998
4954	4955	5000	4999
4955	4956	5001	5000
4956	4957	5002	5001
4957	4958	5003	5002
4958	4959	5004	5003
4959	4960	5005	5004
4960	4961	5006	5005
4961	4962	5007	5006
4962	4963	5008	5007
4963	4964	5009	5008
4964	4965	5010	5009
4965	4966	5011	5010
4966	4967	5012	5011
4967	4968	5013	5012
4968	4969	5014	5013
4969	5016	5015	5014
4970	5017	5016	4969
4971	5018	5017	4970
4972	5019	5018	4971
4973	5020	5019	4972
4974	5021	5020	4973
4975	5022	5021	4974
4976	5023	5022	4975
4977	5024	5023	4976
4978	5025	5024	4977
4979	5026	5025	4978
4980	5027	5026	4979
4981	5028	5027	4980
4982	5029	5028	4981
4983	5030	5029	4982
4984	5031	5030	4983
4985	4986	5033	5032
4986	4987	5034	5033
4987	4988	5035	5034
4988	4989	5036	5035
4989	4990	5037	5036
4990	4991	5038	5037
4991	4992	5039	5038
4992	4993	5040	5039
4993	4994	5041	5040
4994	4995	5042	5041
4995	4996	5043	5042
4996	4997	5044	5043
4997	4998	5045	5044
4998	4999	5046	5045
4999	5000	5047	5046
5000	5001	5048	5047
5001	5002	5049	5048
5002	5003	5050	5049
5003	5004	5051	5050
5004	5005	5052	5051
5005	5006	5053	5052
5006	5007	5054	5053
5007	5008	5055	5054
5008	5009	5056	5055
5009	5010	5057	5056
5010	5011	5058	5057
5011	5012	5059	5058
5012	5013	5060	5059
5013	5014	5061	5060
5014	5015	5062	5061
5015	5064	5063	5062
5016	5065	5064	5015
5017	5066	5065	5016
5018	5067	5066	5017
5019	5068	5067	5018
5020	5069	5068	5019
5021	5070	5069	5020
5022	5071	5070	5021
5023	5072	5071	5022
5024	5073	5072	5023
5025	5074	5073	5024
5026	5075	5074	5025
5027	5076	5075	5026
5028	5077	5076	5027
5029	5078	5077	5028
5030	5079	5078	5029
5031	5080	5079	5030
5032	5033	5082	5081
5033	5034	5083	5082
5034	5035	5084	5083
5035	5036	5085	5084
5036	5037	5086	5085
5037	5038	5087	5086
5038	5039	5088	5087
5039	5040	5089	5088
5040	5041	5090	5089
5041	5042	5091	5090
5042	5043	5092	5091
5043	5044	5093	5092
5044	5045	5094	5093
5045	5046	5095	5094
5046	5047	5096	5095
5047	5048	5097	5096
5048	5049	5098	5097
5049	5050	5099	5098
5050	5051	5100	5099
5051	5052	5101	5100
5052	5053	5102	5101
5053	5054	5103	5102
5054	5055	5104	5103
5055	5056	5105	5104
5056	5057	5106	5105
5057	5058	5107	5106
5058	5059	5108	5107
5059	5060	5109	5108
5060	5061	5110	5109
5061	5062	5111	5110
5062	5063	5112	5111
5063	5114	5113	5112
5064	5115	5114	5063
5065	5116	5115	5064
5066	5117	5116	5065
5067	5118	5117	5066
5068	5119	5118	5067
5069	5120	5119	5068
5070	5121	5120	5069
5071	5122	5121	5070
5072	5123	5122	5071
5073	5124	5123	5072
5074	5125	5124	5073
5075	5126	5125	5074
5076	5127	5126	5075
5077	5128	5127	5076
5078	5129	5128	5077
5079	5130	5129	5078
5080	5131	5130	5079
5081	5082	5133	5132
5082	5083	5134	5133
5083	5084	5135	5134
5084	5085	5136	5135
5085	5086	5137	5136
5086	5087	5138	5137
5087	5088	5139	5138
5088	5089	5140	5139
5089	5090	5141	5140
5090	5091	5142	5141
5091	5092	5143	5142
5092	5093	5144	5143
5093	5094	5145	5144
5094	5095	5146	5145
5095	5096	5147	5146
5096	5097	5148	5147
5097	5098	5149	5148
5098	5099	5150	5149
5099	5100	5151	5150
5100	5101	5152	5151
5101	5102	5153	5152
5102	5103	5154	5153
5103	5104	5155	5154
5104	5105	5156	5155
5105	5106	5157	5156
5106	5107	5158	5157
5107	5108	5159	5158
5108	5109	5160	5159
5109	5110	5161	5160
5110	5111	5162	5161
5111	5112	5163	5162
5112	5113	5164	5163
5113	5166	5165	5164
5114	5167	5166	5113
5115	5168	5167	5114
5116	5169	5168	5115
5117	5170	5169	5116
5118	5171	5170	5117
5119	5172	5171	5118
5120	5173	5172	5119
5121	5174	5173	5120
5122	5175	5174	5121
5123	5176	5175	5122
5124	5177	5176	5123
5125	5178	5177	5124
5126	5179	5178	5125
5127	5180	5179	5126
5128	5181	5180	5127
5129	5182	5181	5128
5130	5183	5182	5129
5131	5184	5183	5130
5132	5133	5186	5185
5133	5134	5187	5186
5134	5135	5188	5187
5135	5136	5189	5188
5136	5137	5190	5189
5137	5138	5191	5190
5138	5139	5192	5191
5139	5140	5193	5192
5140	5141	5194	5193
5141	5142	5195	5194
5142	5143	5196	5195
5143	5144	5197	5196
5144	5145	5198	5197
5145	5146	5199	5198
5146	5147	5200	5199
5147	5148	5201	5200
5148	5149	5202	5201
5149	5150	5203	5202
5150	5151	5204	5203
5151	5152	5205	5204
5152	5153	5206	5205
5153	5154	5207	5206
5154	5155	5208	5207
5155	5156	5209	5208
5156	5157	5210	5209
5157	5158	5211	5210
5158	5159	5212	5211
5159	5160	5213	5212
5160	5161	5214	5213
5161	5162	5215	5214
5162	5163	5216	5215
5163	5164	5217	5216
5164	5165	5218	5217
5165	5220	5219	5218
5166	5221	5220	5165
5167	5222	5221	5166
5168	5223	5222	5167
5169	5224	5223	5168
5170	5225	5224	5169
5171	5226	5225	5170
5172	5227	5226	5171
5173	5228	5227	5172
5174	5229	5228	5173
5175	5230	5229	5174
5176	5231	5230	5175
5177	5232	5231	5176
5178	5233	5232	5177
5179	5234	5233	5178
5180	5235	5234	5179
5181	5236	5235	5180
5182	5237	5236	5181
5183	5238	5237	5182
5184	5239	5238	5183
5185	5186	5241	5240
5186	5187	5242	5241
5187	5188	5243	5242
5188	5189	5244	5243
5189	5190	5245	5244
5190	5191	5246	5245
5191	5192	5247	5246
5192	5193	5248	5247
5193	5194	5249	5248
5194	5195	5250	5249
5195	5196	5251	5250
5196	5197	5252	5251
5197	5198	5253	5252
5198	5199	5254	5253
5199	5200	5255	5254
5200	5201	5256	5255
5201	5202	5257	5256
5202	5203	5258	5257
5203	5204	5259	5258
5204	5205	5260	5259
5205	5206	5261	5260
5206	5207	5262	5261
5207	5208	5263	5262
5208	5209	5264	5263
5209	5210	5265	5264
5210	5211	5266	5265
5211	5212	5267	5266
5212	5213	5268	5267
5213	5214	5269	5268
5214	5215	5270	5269
5215	5216	5271	5270
5216	5217	5272	5271
5217	5218	5273	5272
5218	5219	5274	5273
5219	5276	5275	5274
5220	5277	5276	5219
5221	5278	5277	5220
5222	5279	5278	5221
5223	5280	5279	5222
5224	5281	5280	5223
5225	5282	5281	5224
5226	5283	5282	5225
5227	5284	5283	5226
5228	5285	5284	5227
5229	5286	5285	5228
5230	5287	5286	5229
5231	5288	5287	5230
5232	5289	5288	5231
5233	5290	5289	5232
5234	5291	5290	5233
5235	5292	5291	5234
5236	5293	5292	5235
5237	5294	5293	5236
5238	5295	5294	5237
5239	5296	5295	5238
5240	5241	5298	5297
5241	5242	5299	5298
5242	5243	5300	5299
5243	5244	5301	5300
5244	5245	5302	5301
5245	5246	5303	5302
5246	5247	5304	5303
5247	5248	5305	5304
5248	5249	5306	5305
5249	5250	5307	5306
5250	5251	5308	5307
5251	5252	5309	5308
5252	5253	5310	5309
5253	5254	5311	5310
5254	5255	5312	5311
5255	5256	5313	5312
5256	5257	5314	5313
5257	5258	5315	5314
5258	5259	5316	5315
5259	5260	5317	5316
5260	5261	5318	5317
5261	5262	5319	5318
5262	5263	5320	5319
5263	5264	5321	5320
5264	5265	5322	5321
5265	5266	5323	5322
5266	5267	5324	5323
5267	5268	5325	5324
5268	5269	5326	5325
5269	5270	5327	5326
5270	5271	5328	5327
5271	5272	5329	5328
5272	5273	5330	5329
5273	5274	5331	5330
5274	5275	5332	5331
5275	5334	5333	5332
5276	5335	5334	5275
5277	5336	5335	5276
5278	5337	5336	5277
5279	5338	5337	5278
5280	5339	5338	5279
5281	5340	5339	5280
5282	5341	5340	5281
5283	5342	5341	5282
5284	5343	5342	5283
5285	5344	5343	5284
5286	5345	5344	5285
5287	5346	5345	5286
5288	5347	5346	5287
5289	5348	5347	5288
5290	5349	5348	5289
5291	5350	5349	5290
5292	5351	5350	5291
5293	5352	5351	5292
5294	5353	5352	5293
5295	5354	5353	5294
5296	5355	5354	5295
5297	5298	5357	5356
5298	5299	5358	5357
5299	5300	5359	5358
5300	5301	5360	5359
5301	5302	5361	5360
5302	5303	5362	5361
5303	5304	5363	5362
5304	5305	5364	5363
5305	5306	5365	5364
5306	5307	5366	5365
5307	5308	5367	5366
5308	5309	5368	5367
5309	5310	5369	5368
5310	5311	5370	5369
5311	5312	5371	5370
5312	5313	5372	5371
5313	5314	5373	5372
5314	5315	5374	5373
5315	5316	5375	5374
5316	5317	5376	5375
5317	5318	5377	5376
5318	5319	5378	5377
5319	5320	5379	5378
5320	5321	5380	5379
5321	5322	5381	5380
5322	5323	5382	5381
5323	5324	5383	5382
5324	5325	5384	5383
5325	5326	5385	5384
5326	5327	5386	5385
5327	5328	5387	5386
5328	5329	5388	5387
5329	5330	5389	5388
5330	5331	5390	5389
5331	5332	5391	5390
5332	5333	5392	5391
5333	5394	5393	5392
5334	5395	5394	5333
5335	5396	5395	5334
5336	5397	5396	5335
5337	5398	5397	5336
5338	5399	5398	5337
5339	5400	5399	5338
5340	5401	5400	5339
5341	5402	5401	5340
5342	5403	5402	5341
5343	5404	5403	5342
5344	5405	5404	5343
5345	5406	5405	5344
5346	5407	5406	5345
5347	5408	5407	5346
5348	5409	5408	5347
5349	5410	5409	5348
5350	5411	5410	5349
5351	5412	5411	5350
5352	5413	5412	5351
5353	5414	5413	5352
5354	5415	5414	5353
5355	5416	5415	5354
5356	5357	5418	5417
5357	5358	5419	5418
5358	5359	5420	5419
5359	5360	5421	5420
5360	5361	5422	5421
5361	5362	5423	5422
5362	5363	5424	5423
5363	5364	5425	5424
5364	5365	5426	5425
5365	5366	5427	5426
5366	5367	5428	5427
5367	5368	5429	5428
5368	5369	5430	5429
5369	5370	5431	5430
5370	5371	5432	5431
5371	5372	5433	5432
5372	5373	5434	5433
5373	5374	5435	5434
5374	5375	5436	5435
5375	5376	5437	5436
5376	5377	5438	5437
5377	5378	5439	5438
5378	5379	5440	5439
5379	5380	5441	5440
5380	5381	5442	5441
5381	5382	5443	5442
5382	5383	5444	5443
5383	5384	5445	5444
5384	5385	5446	5445
5385	5386	5447	5446
5386	5387	5448	5447
5387	5388	5449	5448
5388	5389	5450	5449
5389	5390	5451	5450
5390	5391	5452	5451
5391	5392	5453	5452
5392	5393	5454	5453
5393	5456	5455	5454
5394	5457	5456	5393
5395	5458	5457	5394
5396	5459	5458	5395
5397	5460	5459	5396
5398	5461	5460	5397
5399	5462	5461	5398
5400	5463	5462	5399
5401	5464	5463	5400
5402	5465	5464	5401
5403	5466	5465	5402
5404	5467	5466	5403
5405	5468	5467	5404
5406	5469	5468	5405
5407	5470	5469	5406
5408	5471	5470	5407
5409	5472	5471	5408
5410	5473	5472	5409
5411	5474	5473	5410
5412	5475	5474	5411
5413	5476	5475	5412
5414	5477	5476	5413
5415	5478	5477	5414
5416	5479	5478	5415
5417	5418	5481	5480
5418	5419	5482	5481
5419	5420	5483	5482
5420	5421	5484	5483
5421	5422	5485	5484
5422	5423	5486	5485
5423	5424	5487	5486
5424	5425	5488	5487
5425	5426	5489	5488
5426	5427	5490	5489
5427	5428	5491	5490
5428	5429	5492	5491
5429	5430	5493	5492
5430	5431	5494	5493
5431	5432	5495	5494
5432	5433	5496	5495
5433	5434	5497	5496
5434	5435	5498	5497
5435	5436	5499	5498
5436	5437	5500	5499
5437	5438	5501	5500
5438	5439	5502	5501
5439	5440	5503	5502
5440	5441	5504	5503
5441	5442	5505	5504
5442	5443	5506	5505
5443	5444	5507	5506
5444	5445	5508	5507
5445	5446	5509	5508
5446	5447	5510	5509
5447	5448	5511	5510
5448	5449	5512	5511
5449	5450	5513	5512
5450	5451	5514	5513
5451	5452	5515	5514
5452	5453	5516	5515
5453	5454	5517	5516
5454	5455	5518	5517
5455	5520	5519	5518
5456	5521	5520	5455
5457	5522	5521	5456
5458	5523	5522	5457
5459	5524	5523	5458
5460	5525	5524	5459
5461	5526	5525	5460
5462	5527	5526	5461
5463	5528	5527	5462
5464	5529	5528	5463
5465	5530	5529	5464
5466	5531	5530	5465
5467	5532	5531	5466
5468	5533	5532	5467
5469	5534	5533	5468
5470	5535	5534	5469
5471	5536	5535	5470
5472	5537	5536	5471
5473	5538	5537	5472
5474	5539	5538	5473
5475	5540	5539	5474
5476	5541	5540	5475
5477	5542	5541	5476
5478	5543	5542	5477
5479	5544	5543	5478
5480	5481	5546	5545
5481	5482	5547	5546
5482	5483	5548	5547
5483	5484	5549	5548
5484	5485	5550	5549
5485	5486	5551	5550
5486	5487	5552	5551
5487	5488	5553	5552
5488	5489	5554	5553
5489	5490	5555	5554
5490	5491	5556	5555
5491	5492	5557	5556
5492	5493	5558	5557
5493	5494	5559	5558
5494	5495	5560	5559
5495	5496	5561	5560
5496	5497	5562	5561
5497	5498	5563	5562
5498	5499	5564	5563
5499	5500	5565	5564
5500	5501	5566	5565
5501	5502	5567	5566
5502	5503	5568	5567
5503	5504	5569	5568
5504	5505	5570	5569
5505	5506	5571	5570
5506	5507	5572	5571
5507	5508	5573	5572
5508	5509	5574	5573
5509	5510	5575	5574
5510	5511	5576	5575
5511	5512	5577	5576
5512	5513	5578	5577
5513	5514	5579	5578
5514	5515	5580	5579
5515	5516	5581	5580
5516	5517	5582	5581
5517	5518	5583	5582
5518	5519	5584	5583
5519	5586	5585	5584
5520	5587	5586	5519
5521	5588	5587	5520
5522	5589	5588	5521
5523	5590	5589	5522
5524	5591	5590	5523
5525	5592	5591	5524
5526	5593	5592	5525
5527	5594	5593	5526
5528	5595	5594	5527
5529	5596	5595	5528
5530	5597	5596	5529
5531	5598	5597	5530
5532	5599	5598	5531
5533	5600	5599	5532
5534	5601	5600	5533
5535	5602	5601	5534
5536	5603	5602	5535
5537	5604	5603	5536
5538	5605	5604	5537
5539	5606	5605	5538
5540	5607	5606	5539
5541	5608	5607	5540
5542	5609	5608	5541
5543	5610	5609	5542
5544	5611	5610	5543
5545	5546	5613	5612
5546	5547	5614	5613
5547	5548	5615	5614
5548	5549	5616	5615
5549	5550	5617	5616
5550	5551	5618	5617
5551	5552	5619	5618
5552	5553	5620	5619
5553	5554	5621	5620
5554	5555	5622	5621
5555	5556	5623	5622
5556	5557	5624	5623
5557	5558	5625	5624
5558	5559	5626	5625
5559	5560	5627	5626
5560	5561	5628	5627
5561	5562	5629	5628
5562	5563	5630	5629
5563	5564	5631	5630
5564	5565	5632	5631
5565	5566	5633	5632
5566	5567	5634	5633
5567	5568	5635	5634
5568	5569	5636	5635
5569	5570	5637	5636
5570	5571	5638	5637
5571	5572	5639	5638
5572	5573	5640	5639
5573	5574	5641	5640
5574	5575	5642	5641
5575	5576	5643	5642
5576	5577	5644	5643
5577	5578	5645	5644
5578	5579	5646	5645
5579	5580	5647	5646
5580	5581	5648	5647
5581	5582	5649	5648
5582	5583	5650	5649
5583	5584	5651	5650
5584	5585	5652	5651
5585	5654	5653	5652
5586	5655	5654	5585
5587	5656	5655	5586
5588	5657	5656	5587
5589	5658	5657	5588
5590	5659	5658	5589
5591	5660	5659	5590
5592	5661	5660	5591
5593	5662	5661	5592
5594	5663	5662	5593
5595	5664	5663	5594
5596	5665	5664	5595
5597	5666	5665	5596
5598	5667	5666	5597
5599	5668	5667	5598
5600	5669	5668	5599
5601	5670	5669	5600
5602	5671	5670	5601
5603	5672	5671	5602
5604	5673	5672	5603
5605	5674	5673	5604
5606	5675	5674	5605
5607	5676	5675	5606
5608	5677	5676	5607
5609	5678	5677	5608
5610	5679	5678	5609
5611	5680	5679	5610
5612	5613	5682	5681
5613	5614	5683	5682
5614	5615	5684	5683
5615	5616	5685	5684
5616	5617	5686	5685
5617	5618	5687	5686
5618	5619	5688	5687
5619	5620	5689	5688
5620	5621	5690	5689
5621	5622	5691	5690
5622	5623	5692	5691
5623	5624	5693	5692
5624	5625	5694	5693
5625	5626	5695	5694
5626	5627	5696	5695
5627	5628	5697	5696
5628	5629	5698	5697
5629	5630	5699	5698
5630	5631	5700	5699
5631	5632	5701	5700
5632	5633	5702	5701
5633	5634	5703	5702
5634	5635	5704	5703
5635	5636	5705	5704
5636	5637	5706	5705
5637	5638	5707	5706
5638	5639	5708	5707
5639	5640	5709	5708
5640	5641	5710	5709
5641	5642	5711	5710
5642	5643	5712	5711
5643	5644	5713	5712
5644	5645	5714	5713
5645	5646	5715	5714
5646	5647	5716	5715
5647	5648	5717	5716
5648	5649	5718	5717
5649	5650	5719	5718
5650	5651	5720	5719
5651	5652	5721	5720
5652	5653	5722	5721
5653	5724	5723	5722
5654	5725	5724	5653
5655	5726	5725	5654
5656	5727	5726	5655
5657	5728	5727	5656
5658	5729	5728	5657
5659	5730	5729	5658
5660	5731	5730	5659
5661	5732	5731	5660
5662	5733	5732	5661
5663	5734	5733	5662
5664	5735	5734	5663
5665	5736	5735	5664
5666	5737	5736	5665
5667	5738	5737	5666
5668	5739	5738	5667
5669	5740	5739	5668
5670	5741	5740	5669
5671	5742	5741	5670
5672	5743	5742	5671
5673	5744	5743	5672
5674	5745	5744	5673
5675	5746	5745	5674
5676	5747	5746	5675
5677	5748	5747	5676
5678	5749	5748	5677
5679	5750	5749	5678
5680	5751	5750	5679
5681	5682	5753	5752
5682	5683	5754	5753
5683	5684	5755	5754
5684	5685	5756	5755
5685	5686	5757	5756
5686	5687	5758	5757
5687	5688	5759	5758
5688	5689	5760	5759
5689	5690	5761	5760
5690	5691	5762	5761
5691	5692	5763	5762
5692	5693	5764	5763
5693	5694	5765	5764
5694	5695	5766	5765
5695	5696	5767	5766
5696	5697	5768	5767
5697	5698	5769	5768
5698	5699	5770	5769
5699	5700	5771	5770
5700	5701	5772	5771
5701	5702	5773	5772
5702	5703	5774	5773
5703	5704	5775	5774
5704	5705	5776	5775
5705	5706	5777	5776
5706	5707	5778	5777
5707	5708	5779	5778
5708	5709	5780	5779
5709	5710	5781	5780
5710	5711	5782	5781
5711	5712	5783	5782
5712	5713	5784	5783
5713	5714	5785	5784
5714	5715	5786	5785
5715	5716	5787	5786
5716	5717	5788	5787
5717	5718	5789	5788
5718	5719	5790	5789
5719	5720	5791	5790
5720	5721	5792	5791
5721	5722	5793	5792
5722	5723	5794	5793
5723	5796	5795	5794
5724	5797	5796	5723
5725	5798	5797	5724
5726	5799	5798	5725
5727	5800	5799	5726
5728	5801	5800	5727
5729	5802	5801	5728
5730	5803	5802	5729
5731	5804	5803	5730
5732	5805	5804	5731
5733	5806	5805	5732
5734	5807	5806	5733
5735	5808	5807	5734
5736	5809	5808	5735
5737	5810	5809	5736
5738	5811	5810	5737
5739	5812	5811	5738
5740	5813	5812	5739
5741	5814	5813	5740
5742	5815	5814	5741
5743	5816	5815	5742
5744	5817	5816	5743
5745	5818	5817	5744
5746	5819	5818	5745
5747	5820	5819	5746
5748	5821	5820	5747
5749	5822	5821	5748
5750	5823	5822	5749
5751	5824	5823	5750
5752	5753	5826	5825
5753	5754	5827	5826
5754	5755	5828	5827
5755	5756	5829	5828
5756	5757	5830	5829
5757	5758	5831	5830
5758	5759	5832	5831
5759	5760	5833	5832
5760	5761	5834	5833
5761	5762	5835	5834
5762	5763	5836	5835
5763	5764	5837	5836
5764	5765	5838	5837
5765	5766	5839	5838
5766	5767	5840	5839
5767	5768	5841	5840
5768	5769	5842	5841
5769	5770	5843	5842
5770	5771	5844	5843
5771	5772	5845	5844
5772	5773	5846	5845
5773	5774	5847	5846
5774	5775	5848	5847
5775	5776	5849	5848
5776	5777	5850	5849
5777	5778	5851	5850
5778	5779	5852	5851
5779	5780	5853	5852
5780	5781	5854	5853
5781	5782	5855	5854
5782	5783	5856	5855
5783	5784	5857	5856
5784	5785	5858	5857
5785	5786	5859	5858
5786	5787	5860	5859
5787	5788	5861	5860
5788	5789	5862	5861
5789	5790	5863	5862
5790	5791	5864	5863
5791	5792	5865	5864
5792	5793	5866	5865
5793	5794	5867	5866
5794	5795	5868	5867
5795	5870	5869	5868
5796	5871	5870	5795
5797	5872	5871	5796
5798	5873	5872	5797
5799	5874	5873	5798
5800	5875	5874	5799
5801	5876	5875	5800
5802	5877	5876	5801
5803	5878	5877	5802
5804	5879	5878	5803
5805	5880	5879	5804
5806	5881	5880	5805
5807	5882	5881	5806
5808	5883	5882	5807
5809	5884	5883	5808
5810	5885	5884	5809
5811	5886	5885	5810
5812	5887	5886	5811
5813	5888	5887	5812
5814	5889	5888	5813
5815	5890	5889	5814
5816	5891	5890	5815
5817	5892	5891	5816
5818	5893	5892	5817
5819	5894	5893	5818
5820	5895	5894	5819
5821	5896	5895	5820
5822	5897	5896	5821
5823	5898	5897	5822
5824	5899	5898	5823
5825	5826	5901	5900
5826	5827	5902	5901
5827	5828	5903	5902
5828	5829	5904	5903
5829	5830	5905	5904
5830	5831	5906	5905
5831	5832	5907	5906
5832	5833	5908	5907
5833	5834	5909	5908
5834	5835	5910	5909
5835	5836	5911	5910
5836	5837	5912	5911
5837	5838	5913	5912
5838	5839	5914	5913
5839	5840	5915	5914
5840	5841	5916	5915
5841	5842	5917	5916
5842	5843	5918	5917
5843	5844	5919	5918
5844	5845	5920	5919
5845	5846	5921	5920
5846	5847	5922	5921
5847	5848	5923	5922
5848	5849	5924	5923
5849	5850	5925	5924
5850	5851	5926	5925
5851	5852	5927	5926
5852	5853	5928	5927
5853	5854	5929	5928
5854	5855	5930	5929
5855	5856	5931	5930
5856	5857	5932	5931
5857	5858	5933	5932
5858	5859	5934	5933
5859	5860	5935	5934
5860	5861	5936	5935
5861	5862	5937	5936
5862	5863	5938	5937
5863	5864	5939	5938
5864	5865	5940	5939
5865	5866	5941	5940
5866	5867	5942	5941
5867	5868	5943	5942
5868	5869	5944	5943
5869	5946	5945	5944
5870	5947	5946	5869
5871	5948	5947	5870
5872	5949	5948	5871
5873	5950	5949	5872
5874	5951	5950	5873
5875	5952	5951	5874
5876	5953	5952	5875
5877	5954	5953	5876
5878	5955	5954	5877
5879	5956	5955	5878
5880	5957	5956	5879
5881	5958	5957	5880
5882	5959	5958	5881
5883	5960	5959	5882
5884	5961	5960	5883
5885	5962	5961	5884
5886	5963	5962	5885
5887	5964	5963	5886
5888	5965	5964	5887
5889	5966	5965	5888
5890	5967	5966	5889
5891	5968	5967	5890
5892	5969	5968	5891
5893	5970	5969	5892
5894	5971	5970	5893
5895	5972	5971	5894
5896	5973	5972	5895
5897	5974	5973	5896
5898	5975	5974	5897
5899	5976	5975	5898
5900	5901	5978	5977
5901	5902	5979	5978
5902	5903	5980	5979
5903	5904	5981	5980
5904	5905	5982	5981
5905	5906	5983	5982
5906	5907	5984	5983
5907	5908	5985	5984
5908	5909	5986	5985
5909	5910	5987	5986
5910	5911	5988	5987
5911	5912	5989	5988
5912	5913	5990	5989
5913	5914	5991	5990
5914	5915	5992	5991
5915	5916	5993	5992
5916	5917	5994	5993
5917	5918	5995	5994
5918	5919	5996	5995
5919	5920	5997	5996
5920	5921	5998	5997
5921	5922	5999	5998
5922	5923	6000	5999
5923	5924	6001	6000
5924	5925	6002	6001
5925	5926	6003	6002
5926	5927	6004	6003
5927	5928	6005	6004
5928	5929	6006	6005
5929	5930	6007	6006
5930	5931	6008	6007
5931	5932	6009	6008
5932	5933	6010	6009
5933	5934	6011	6010
5934	5935	6012	6011
5935	5936	6013	6012
5936	5937	6014	6013
5937	5938	6015	6014
5938	5939	6016	6015
5939	5940	6017	6016
5940	5941	6018	6017
5941	5942	6019	6018
5942	5943	6020	6019
5943	5944	6021	6020
5944	5945	6022	6021
5945	6024	6023	6022
5946	6025	6024	5945
5947	6026	6025	5946
5948	6027	6026	5947
5949	6028	6027	5948
5950	6029	6028	5949
5951	6030	6029	5950
5952	6031	6030	5951
5953	6032	6031	5952
5954	6033	6032	5953
5955	6034	6033	5954
5956	6035	6034	5955
5957	6036	6035	5956
5958	6037	6036	5957
5959	6038	6037	5958
5960	6039	6038	5959
5961	6040	6039	5960
5962	6041	6040	5961
5963	6042	6041	5962
5964	6043	6042	5963
5965	6044	6043	5964
5966	6045	6044	5965
5967	6046	6045	5966
5968	6047	6046	5967
5969	6048	6047	5968
5970	6049	6048	5969
5971	6050	6049	5970
5972	6051	6050	5971
5973	6052	6051	5972
5974	6053	6052	5973
5975	6054	6053	5974
5976	6055	6054	5975
5977	5978	6057	6056
5978	5979	6058	6057
5979	5980	6059	6058
5980	5981	6060	6059
5981	5982	6061	6060
5982	5983	6062	6061
5983	5984	6063	6062
5984	5985	6064	6063
5985	5986	6065	6064
5986	5987	6066	6065
5987	5988	6067	6066
5988	5989	6068	6067
5989	5990	6069	6068
5990	5991	6070	6069
5991	5992	6071	6070
5992	5993	6072	6071
5993	5994	6073	6072
5994	5995	6074	6073
5995	5996	6075	6074
5996	5997	6076	6075
5997	5998	6077	6076
5998	5999	6078	6077
5999	6000	6079	6078
6000	6001	6080	6079
6001	6002	6081	6080
6002	6003	6082	6081
6003	6004	6083	6082
6004	6005	6084	6083
6005	6006	6085	6084
6006	6007	6086	6085
6007	6008	6087	6086
6008	6009	6088	6087
6009	6010	6089	6088
6010	6011	6090	6089
6011	6012	6091	6090
6012	6013	6092	6091
6013	6014	6093	6092
6014	6015	6094	6093
6015	6016	6095	6094
6016	6017	6096	6095
6017	6018	6097	6096
6018	6019	6098	6097
6019	6020	6099	6098
6020	6021	6100	6099
6021	6022	6101	6100
6022	6023	6102	6101
6023	6104	6103	6102
6024	6105	6104	6023
6025	6106	6105	6024
6026	6107	6106	6025
6027	6108	6107	6026
6028	6109	6108	6027
6029	6110	6109	6028
6030	6111	6110	6029
6031	6112	6111	6030
6032	6113	6112	6031
6033	6114	6113	6032
6034	6115	6114	6033
6035	6116	6115	6034
6036	6117	6116	6035
6037	6118	6117	6036
6038	6119	6118	6037
6039	6120	6119	6038
6040	6121	6120	6039
6041	6122	6121	6040
6042	6123	6122	6041
6043	6124	6123	6042
6044	6125	6124	6043
6045	6126	6125	6044
6046	6127	6126	6045
6047	6128	6127	6046
6048	6129	6128	6047
6049	6130	6129	6048
6050	6131	6130	6049
6051	6132	6131	6050
6052	6133	6132	6051
6053	6134	6133	6052
6054	6135	6134	6053
6055	6136	6135	6054
6056	6057	6138	6137
6057	6058	6139	6138
6058	6059	6140	6139
6059	6060	6141	6140
6060	6061	6142	6141
6061	6062	6143	6142
6062	6063	6144	6143
6063	6064	6145	6144
6064	6065	6146	6145
6065	6066	6147	6146
6066	6067	6148	6147
6067	6068	6149	6148
6068	6069	6150	6149
6069	6070	6151	6150
6070	6071	6152	6151
6071	6072	6153	6152
6072	6073	6154	6153
6073	6074	6155	6154
6074	6075	6156	6155
6075	6076	6157	6156
6076	6077	6158	6157
6077	6078	6159	6158
6078	6079	6160	6159
6079	6080	6161	6160
6080	6081	6162	6161
6081	6082	6163	6162
6082	6083	6164	6163
6083	6084	6165	6164
6084	6085	6166	6165
6085	6086	6167	6166
6086	6087	6168	6167
6087	6088	6169	6168
6088	6089	6170	6169
6089	6090	6171	6170
6090	6091	6172	6171
6091	6092	6173	6172
6092	6093	6174	6173
6093	6094	6175	6174
6094	6095	6176	6175
6095	6096	6177	6176
6096	6097	6178	6177
6097	6098	6179	6178
6098	6099	6180	6179
6099	6100	6181	6180
6100	6101	6182	6181
6101	6102	6183	6182
6102	6103	6184	6183
6103	6186	6185	6184
6104	6187	6186	6103
6105	6188	6187	6104
6106	6189	6188	6105
6107	6190	6189	6106
6108	6191	6190	6107
6109	6192	6191	6108
6110	6193	6192	6109
6111	6194	6193	6110
6112	6195	6194	6111
6113	6196	6195	6112
6114	6197	6196	6113
6115	6198	6197	6114
6116	6199	6198	6115
6117	6200	6199	6116
6118	6201	6200	6117
6119	6202	6201	6118
6120	6203	6202	6119
6121	6204	6203	6120
6122	6205	6204	6121
6123	6206	6205	6122
6124	6207	6206	6123
6125	6208	6207	6124
6126	6209	6208	6125
6127	6210	6209	6126
6128	6211	6210	6127
6129	6212	6211	6128
6130	6213	6212	6129
6131	6214	6213	6130
6132	6215	6214	6131
6133	6216	6215	6132
6134	6217	6216	6133
6135	6218	6217	6134
6136	6219	6218	6135
6137	6138	6221	6220
6138	6139	6222	6221
6139	6140	6223	6222
6140	6141	6224	6223
6141	6142	6225	6224
6142	6143	6226	6225
6143	6144	6227	6226
6144	6145	6228	6227
6145	6146	6229	6228
6146	6147	6230	6229
6147	6148	6231	6230
6148	6149	6232	6231
6149	6150	6233	6232
6150	6151	6234	6233
6151	6152	6235	6234
6152	6153	6236	6235
6153	6154	6237	6236
6154	6155	6238	6237
6155	6156	6239	6238
6156	6157	6240	6239
6157	6158	6241	6240
6158	6159	6242	6241
6159	6160	6243	6242
6160	6161	6244	6243
6161	6162	6245	6244
6162	6163	6246	6245
6163	6164	6247	6246
6164	6165	6248	6247
6165	6166	6249	6248
6166	6167	6250	6249
6167	6168	6251	6250
6168	6169	6252	6251
6169	6170	6253	6252
6170	6171	6254	6253
6171	6172	6255	6254
6172	6173	6256	6255
6173	6174	6257	6256
6174	6175	6258	6257
6175	6176	6259	6258
6176	6177	6260	6259
6177	6178	6261	6260
6178	6179	6262	6261
6179	6180	6263	6262
6180	6181	6264	6263
6181	6182	6265	6264
6182	6183	6266	6265
6183	6184	6267	6266
6184	6185	6268	6267
6185	6270	6269	6268
6186	6271	6270	6185
6187	6272	6271	6186
6188	6273	6272	6187
6189	6274	6273	6188
6190	6275	6274	6189
6191	6276	6275	6190
6192	6277	6276	6191
6193	6278	6277	6192
6194	6279	6278	6193
6195	6280	6279	6194
6196	6281	6280	6195
6197	6282	6281	6196
6198	6283	6282	6197
6199	6284	6283	6198
6200	6285	6284	6199
6201	6286	6285	6200
6202	6287	6286	6201
6203	6288	6287	6202
6204	6289	6288	6203
6205	6290	6289	6204
6206	6291	6290	6205
6207	6292	6291	6206
6208	6293	6292	6207
6209	6294	6293	6208
6210	6295	6294	6209
6211	6296	6295	6210
6212	6297	6296	6211
6213	6298	6297	6212
6214	6299	6298	6213
6215	6300	6299	6214
6216	6301	6300	6215
6217	6302	6301	6216
6218	6303	6302	6217
6219	6304	6303	6218
6220	6221	6306	6305
6221	6222	6307	6306
6222	6223	6308	6307
6223	6224	6309	6308
6224	6225	6310	6309
6225	6226	6311	6310
6226	6227	6312	6311
6227	6228	6313	6312
6228	6229	6314	6313
6229	6230	6315	6314
6230	6231	6316	6315
6231	6232	6317	6316
6232	6233	6318	6317
6233	6234	6319	6318
6234	6235	6320	6319
6235	6236	6321	6320
6236	6237	6322	6321
6237	6238	6323	6322
6238	6239	6324	6323
6239	6240	6325	6324
6240	6241	6326	6325
6241	6242	6327	6326
6242	6243	6328	6327
6243	6244	6329	6328
6244	6245	6330	6329
6245	6246	6331	6330
6246	6247	6332	6331
6247	6248	6333	6332
6248	6249	6334	6333
6249	6250	6335	6334
6250	6251	6336	6335
6251	6252	6337	6336
6252	6253	6338	6337
6253	6254	6339	6338
6254	6255	6340	6339
6255	6256	6341	6340
6256	6257	6342	6341
6257	6258	6343	6342
6258	6259	6344	6343
6259	6260	6345	6344
6260	6261	6346	6345
6261	6262	6347	6346
6262	6263	6348	6347
6263	6264	6349	6348
6264	6265	6350	6349
6265	6266	6351	6350
6266	6267	6352	6351
6267	6268	6353	6352
6268	6269	6354	6353
6269	6356	6355	6354
6270	6357	6356	6269
6271	6358	6357	6270
6272	6359	6358	6271
6273	6360	6359	6272
6274	6361	6360	6273
6275	6362	6361	6274
6276	6363	6362	6275
6277	6364	6363	6276
6278	6365	6364	6277
6279	6366	6365	6278
6280	6367	6366	6279
6281	6368	6367	6280
6282	6369	6368	6281
6283	6370	6369	6282
6284	6371	6370	6283
6285	6372	6371	6284
6286	6373	6372	6285
6287	6374	6373	6286
6288	6375	6374	6287
6289	6376	6375	6288
6290	6377	6376	6289
6291	6378	6377	6290
6292	6379	6378	6291
6293	6380	6379	6292
6294	6381	6380	6293
6295	6382	6381	6294
6296	6383	6382	6295
6297	6384	6383	6296
6298	6385	6384	6297
6299	6386	6385	6298
6300	6387	6386	6299
6301	6388	6387	6300
6302	6389	6388	6301
6303	6390	6389	6302
6304	6391	6390	6303
6305	6306	6393	6392
6306	6307	6394	6393
6307	6308	6395	6394
6308	6309	6396	6395
6309	6310	6397	6396
6310	6311	6398	6397
6311	6312	6399	6398
6312	6313	6400	6399
6313	6314	6401	6400
6314	6315	6402	6401
6315	6316	6403	6402
6316	6317	6404	6403
6317	6318	6405	6404
6318	6319	6406	6405
6319	6320	6407	6406
6320	6321	6408	6407
6321	6322	6409	6408
6322	6323	6410	6409
6323	6324	6411	6410
6324	6325	6412	6411
6325	6326	6413	6412
6326	6327	6414	6413
6327	6328	6415	6414
6328	6329	6416	6415
6329	6330	6417	6416
6330	6331	6418	6417
6331	6332	6419	6418
6332	6333	6420	6419
6333	6334	6421	6420
6334	6335	6422	6421
6335	6336	6423	6422
6336	6337	6424	6423
6337	6338	6425	6424
6338	6339	6426	6425
6339	6340	6427	6426
6340	6341	6428	6427
6341	6342	6429	6428
6342	6343	6430	6429
6343	6344	6431	6430
6344	6345	6432	6431
6345	6346	6433	6432
6346	6347	6434	6433
6347	6348	6435	6434
6348	6349	6436	6435
6349	6350	6437	6436
6350	6351	6438	6437
6351	6352	6439	6438
6352	6353	6440	6439
6353	6354	6441	6440
6354	6355	6442	6441
6355	6444	6443	6442
6356	6445	6444	6355
6357	6446	6445	6356
6358	6447	6446	6357
6359	6448	6447	6358
6360	6449	6448	6359
6361	6450	6449	6360
6362	6451	6450	6361
6363	6452	6451	6362
6364	6453	6452	6363
6365	6454	6453	6364
6366	6455	6454	6365
6367	6456	6455	6366
6368	6457	6456	6367
6369	6458	6457	6368
6370	6459	6458	6369
6371	6460	6459	6370
6372	6461	6460	6371
6373	6462	6461	6372
6374	6463	6462	6373
6375	6464	6463	6374
6376	6465	6464	6375
6377	6466	6465	6376
6378	6467	6466	6377
6379	6468	6467	6378
6380	6469	6468	6379
6381	6470	6469	6380
6382	6471	6470	6381
6383	6472	6471	6382
6384	6473	6472	6383
6385	6474	6473	6384
6386	6475	6474	6385
6387	6476	6475	6386
6388	6477	6476	6387
6389	6478	6477	6388
6390	6479	6478	6389
6391	6480	6479	6390
6392	6393	6482	6481
6393	6394	6483	6482
6394	6395	6484	6483
6395	6396	6485	6484
6396	6397	6486	6485
6397	6398	6487	6486
6398	6399	6488	6487
6399	6400	6489	6488
6400	6401	6490	6489
6401	6402	6491	6490
6402	6403	6492	6491
6403	6404	6493	6492
6404	6405	6494	6493
6405	6406	6495	6494
6406	6407	6496	6495
6407	6408	6497	6496
6408	6409	6498	6497
6409	6410	6499	6498
6410	6411	6500	6499
6411	6412	6501	6500
6412	6413	6502	6501
6413	6414	6503	6502
6414	6415	6504	6503
6415	6416	6505	6504
6416	6417	6506	6505
6417	6418	6507	6506
6418	6419	6508	6507
6419	6420	6509	6508
6420	6421	6510	6509
6421	6422	6511	6510
6422	6423	6512	6511
6423	6424	6513	6512
6424	6425	6514	6513
6425	6426	6515	6514
6426	6427	6516	6515
6427	6428	6517	6516
6428	6429	6518	6517
6429	6430	6519	6518
6430	6431	6520	6519
6431	6432	6521	6520
6432	6433	6522	6521
6433	6434	6523	6522
6434	6435	6524	6523
6435	6436	6525	6524
6436	6437	6526	6525
6437	6438	6527	6526
6438	6439	6528	6527
6439	6440	6529	6528
6440	6441	6530	6529
6441	6442	6531	6530
6442	6443	6532	6531
6443	6534	6533	6532
6444	6535	6534	6443
6445	6536	6535	6444
6446	6537	6536	6445
6447	6538	6537	6446
6448	6539	6538	6447
6449	6540	6539	6448
6450	6541	6540	6449
6451	6542	6541	6450
6452	6543	6542	6451
6453	6544	6543	6452
6454	6545	6544	6453
6455	6546	6545	6454
6456	6547	6546	6455
6457	6548	6547	6456
6458	6549	6548	6457
6459	6550	6549	6458
6460	6551	6550	6459
6461	6552	6551	6460
6462	6553	6552	6461
6463	6554	6553	6462
6464	6555	6554	6463
6465	6556	6555	6464
6466	6557	6556	6465
6467	6558	6557	6466
6468	6559	6558	6467
6469	6560	6559	6468
6470	6561	6560	6469
6471	6562	6561	6470
6472	6563	6562	6471
6473	6564	6563	6472
6474	6565	6564	6473
6475	6566	6565	6474
6476	6567	6566	6475
6477	6568	6567	6476
6478	6569	6568	6477
6479	6570	6569	6478
6480	6571	6570	6479
6481	6482	6573	6572
6482	6483	6574	6573
6483	6484	6575	6574
6484	6485	6576	6575
6485	6486	6577	6576
6486	6487	6578	6577
6487	6488	6579	6578
6488	6489	6580	6579
6489	6490	6581	6580
6490	6491	6582	6581
6491	6492	6583	6582
6492	6493	6584	6583
6493	6494	6585	6584
6494	6495	6586	6585
6495	6496	6587	6586
6496	6497	6588	6587
6497	6498	6589	6588
6498	6499	6590	6589
6499	6500	6591	6590
6500	6501	6592	6591
6501	6502	6593	6592
6502	6503	6594	6593
6503	6504	6595	6594
6504	6505	6596	6595
6505	6506	6597	6596
6506	6507	6598	6597
6507	6508	6599	6598
6508	6509	6600	6599
6509	6510	6601	6600
6510	6511	6602	6601
6511	6512	6603	6602
6512	6513	6604	6603
6513	6514	6605	6604
6514	6515	6606	6605
6515	6516	6607	6606
6516	6517	6608	6607
6517	6518	6609	6608
6518	6519	6610	6609
6519	6520	6611	6610
6520	6521	6612	6611
6521	6522	6613	6612
6522	6523	6614	6613
6523	6524	6615	6614
6524	6525	6616	6615
6525	6526	6617	6616
6526	6527	6618	6617
6527	6528	6619	6618
6528	6529	6620	6619
6529	6530	6621	6620
6530	6531	6622	6621
6531	6532	6623	6622
6532	6533	6624	6623
6533	6626	6625	6624
6534	6627	6626	6533
6535	6628	6627	6534
6536	6629	6628	6535
6537	6630	6629	6536
6538	6631	6630	6537
6539	6632	6631	6538
6540	6633	6632	6539
6541	6634	6633	6540
6542	6635	6634	6541
6543	6636	6635	6542
6544	6637	6636	6543
6545	6638	6637	6544
6546	6639	6638	6545
6547	6640	6639	6546
6548	6641	6640	6547
6549	6642	6641	6548
6550	6643	6642	6549
6551	6644	6643	6550
6552	6645	6644	6551
6553	6646	6645	6552
6554	6647	6646	6553
6555	6648	6647	6554
6556	6649	6648	6555
6557	6650	6649	6556
6558	6651	6650	6557
6559	6652	6651	6558
6560	6653	6652	6559
6561	6654	6653	6560
6562	6655	6654	6561
6563	6656	6655	6562
6564	6657	6656	6563
6565	6658	6657	6564
6566	6659	6658	6565
6567	6660	6659	6566
6568	6661	6660	6567
6569	6662	6661	6568
6570	6663	6662	6569
6571	6664	6663	6570
6572	6573	6666	6665
6573	6574	6667	6666
6574	6575	6668	6667
6575	6576	6669	6668
6576	6577	6670	6669
6577	6578	6671	6670
6578	6579	6672	6671
6579	6580	6673	6672
6580	6581	6674	6673
6581	6582	6675	6674
6582	6583	6676	6675
6583	6584	6677	6676
6584	6585	6678	6677
6585	6586	6679	6678
6586	6587	6680	6679
6587	6588	6681	6680
6588	6589	6682	6681
6589	6590	6683	6682
6590	6591	6684	6683
6591	6592	6685	6684
6592	6593	6686	6685
6593	6594	6687	6686
6594	6595	6688	6687
6595	6596	6689	6688
6596	6597	6690	6689
6597	6598	6691	6690
6598	6599	6692	6691
6599	6600	6693	6692
6600	6601	6694	6693
6601	6602	6695	6694
6602	6603	6696	6695
6603	6604	6697	6696
6604	6605	6698	6697
6605	6606	6699	6698
6606	6607	6700	6699
6607	6608	6701	6700
6608	6609	6702	6701
6609	6610	6703	6702
6610	6611	6704	6703
6611	6612	6705	6704
6612	6613	6706	6705
6613	6614	6707	6706
6614	6615	6708	6707
6615	6616	6709	6708
6616	6617	6710	6709
6617	6618	6711	6710
6618	6619	6712	6711
6619	6620	6713	6712
6620	6621	6714	6713
6621	6622	6715	6714
6622	6623	6716	6715
6623	6624	6717	6716
6624	6625	6718	6717
6625	6720	6719	6718
6626	6721	6720	6625
6627	6722	6721	6626
6628	6723	6722	6627
6629	6724	6723	6628
6630	6725	6724	6629
6631	6726	6725	6630
6632	6727	6726	6631
6633	6728	6727	6632
6634	6729	6728	6633
6635	6730	6729	6634
6636	6731	6730	6635
6637	6732	6731	6636
6638	6733	6732	6637
6639	6734	6733	6638
6640	6735	6734	6639
6641	6736	6735	6640
6642	6737	6736	6641
6643	6738	6737	6642
6644	6739	6738	6643
6645	6740	6739	6644
6646	6741	6740	6645
6647	6742	6741	6646
6648	6743	6742	6647
6649	6744	6743	6648
6650	6745	6744	6649
6651	6746	6745	6650
6652	6747	6746	6651
6653	6748	6747	6652
6654	6749	6748	6653
6655	6750	6749	6654
6656	6751	6750	6655
6657	6752	6751	6656
6658	6753	6752	6657
6659	6754	6753	6658
6660	6755	6754	6659
6661	6756	6755	6660
6662	6757	6756	6661
6663	6758	6757	6662
6664	6759	6758	6663
6665	6666	6761	6760
6666	6667	6762	6761
6667	6668	6763	6762
6668	6669	6764	6763
6669	6670	6765	6764
6670	6671	6766	6765
6671	6672	6767	6766
6672	6673	6768	6767
6673	6674	6769	6768
6674	6675	6770	6769
6675	6676	6771	6770
6676	6677	6772	6771
6677	6678	6773	6772
6678	6679	6774	6773
6679	6680	6775	6774
6680	6681	6776	6775
6681	6682	6777	6776
6682	6683	6778	6777
6683	6684	6779	6778
6684	6685	6780	6779
6685	6686	6781	6780
6686	6687	6782	6781
6687	6688	6783	6782
6688	6689	6784	6783
6689	6690	6785	6784
6690	6691	6786	6785
6691	6692	6787	6786
6692	6693	6788	6787
6693	6694	6789	6788
6694	6695	6790	6789
6695	6696	6791	6790
6696	6697	6792	6791
6697	6698	6793	6792
6698	6699	6794	6793
6699	6700	6795	6794
6700	6701	6796	6795
6701	6702	6797	6796
6702	6703	6798	6797
6703	6704	6799	6798
6704	6705	6800	6799
6705	6706	6801	6800
6706	6707	6802	6801
6707	6708	6803	6802
6708	6709	6804	6803
6709	6710	6805	6804
6710	6711	6806	6805
6711	6712	6807	6806
6712	6713	6808	6807
6713	6714	6809	6808
6714	6715	6810	6809
6715	6716	6811	6810
6716	6717	6812	6811
6717	6718	6813	6812
6718	6719	6814	6813
6719	6816	6815	6814
6720	6817	6816	6719
6721	6818	6817	6720
6722	6819	6818	6721
6723	6820	6819	6722
6724	6821	6820	6723
6725	6822	6821	6724
6726	6823	6822	6725
6727	6824	6823	6726
6728	6825	6824	6727
6729	6826	6825	6728
6730	6827	6826	6729
6731	6828	6827	6730
6732	6829	6828	6731
6733	6830	6829	6732
6734	6831	6830	6733
6735	6832	6831	6734
6736	6833	6832	6735
6737	6834	6833	6736
6738	6835	6834	6737
6739	6836	6835	6738
6740	6837	6836	6739
6741	6838	6837	6740
6742	6839	6838	6741
6743	6840	6839	6742
6744	6841	6840	6743
6745	6842	6841	6744
6746	6843	6842	6745
6747	6844	6843	6746
6748	6845	6844	6747
6749	6846	6845	6748
6750	6847	6846	6749
6751	6848	6847	6750
6752	6849	6848	6751
6753	6850	6849	6752
6754	6851	6850	6753
6755	6852	6851	6754
6756	6853	6852	6755
6757	6854	6853	6756
6758	6855	6854	6757
6759	6856	6855	6758
6760	6761	6858	6857
6761	6762	6859	6858
6762	6763	6860	6859
6763	6764	6861	6860
6764	6765	6862	6861
6765	6766	6863	6862
6766	6767	6864	6863
6767	6768	6865	6864
6768	6769	6866	6865
6769	6770	6867	6866
6770	6771	6868	6867
6771	6772	6869	6868
6772	6773	6870	6869
6773	6774	6871	6870
6774	6775	6872	6871
6775	6776	6873	6872
6776	6777	6874	6873
6777	6778	6875	6874
6778	6779	6876	6875
6779	6780	6877	6876
6780	6781	6878	6877
6781	6782	6879	6878
6782	6783	6880	6879
6783	6784	6881	6880
6784	6785	6882	6881
6785	6786	6883	6882
6786	6787	6884	6883
6787	6788	6885	6884
6788	6789	6886	6885
6789	6790	6887	6886
6790	6791	6888	6887
6791	6792	6889	6888
6792	6793	6890	6889
6793	6794	6891	6890
6794	6795	6892	6891
6795	6796	6893	6892
6796	6797	6894	6893
6797	6798	6895	6894
6798	6799	6896	6895
6799	6800	6897	6896
6800	6801	6898	6897
6801	6802	6899	6898
6802	6803	6900	6899
6803	6804	6901	6900
6804	6805	6902	6901
6805	6806	6903	6902
6806	6807	6904	6903
6807	6808	6905	6904
6808	6809	6906	6905
6809	6810	6907	6906
6810	6811	6908	6907
6811	6812	6909	6908
6812	6813	6910	6909
6813	6814	6911	6910
6814	6815	6912	6911
6815	6914	6913	6912
6816	6915	6914	6815
6817	6916	6915	6816
6818	6917	6916	6817
6819	6918	6917	6818
6820	6919	6918	6819
6821	6920	6919	6820
6822	6921	6920	6821
6823	6922	6921	6822
6824	6923	6922	6823
6825	6924	6923	6824
6826	6925	6924	6825
6827	6926	6925	6826
6828	6927	6926	6827
6829	6928	6927	6828
6830	6929	6928	6829
6831	6930	6929	6830
6832	6931	6930	6831
6833	6932	6931	6832
6834	6933	6932	6833
6835	6934	6933	6834
6836	6935	6934	6835
6837	6936	6935	6836
6838	6937	6936	6837
6839	6938	6937	6838
6840	6939	6938	6839
6841	6940	6939	6840
6842	6941	6940	6841
6843	6942	6941	6842
6844	6943	6942	6843
6845	6944	6943	6844
6846	6945	6944	6845
6847	6946	6945	6846
6848	6947	6946	6847
6849	6948	6947	6848
6850	6949	6948	6849
6851	6950	6949	6850
6852	6951	6950	6851
6853	6952	6951	6852
6854	6953	6952	6853
6855	6954	6953	6854
6856	6955	6954	6855
6857	6858	6957	6956
6858	6859	6958	6957
6859	6860	6959	6958
6860	6861	6960	6959
6861	6862	6961	6960
6862	6863	6962	6961
6863	6864	6963	6962
6864	6865	6964	6963
6865	6866	6965	6964
6866	6867	6966	6965
6867	6868	6967	6966
6868	6869	6968	6967
6869	6870	6969	6968
6870	6871	6970	6969
6871	6872	6971	6970
6872	6873	6972	6971
6873	6874	6973	6972
6874	6875	6974	6973
6875	6876	6975	6974
6876	6877	6976	6975
6877	6878	6977	6976
6878	6879	6978	6977
6879	6880	6979	6978
6880	6881	6980	6979
6881	6882	6981	6980
6882	6883	6982	6981
6883	6884	6983	6982
6884	6885	6984	6983
6885	6886	6985	6984
6886	6887	6986	6985
6887	6888	6987	6986
6888	6889	6988	6987
6889	6890	6989	6988
6890	6891	6990	6989
6891	6892	6991	6990
6892	6893	6992	6991
6893	6894	6993	6992
6894	6895	6994	6993
6895	6896	6995	6994
6896	6897	6996	6995
6897	6898	6997	6996
6898	6899	6998	6997
6899	6900	6999	6998
6900	6901	7000	6999
6901	6902	7001	7000
6902	6903	7002	7001
6903	6904	7003	7002
6904	6905	7004	7003
6905	6906	7005	7004
6906	6907	7006	7005
6907	6908	7007	7006
6908	6909	7008	7007
6909	6910	7009	7008
6910	6911	7010	7009
6911	6912	7011	7010
6912	6913	7012	7011
6913	7014	7013	7012
6914	7015	7014	6913
6915	7016	7015	6914
6916	7017	7016	6915
6917	7018	7017	6916
6918	7019	7018	6917
6919	7020	7019	6918
6920	7021	7020	6919
6921	7022	7021	6920
6922	7023	7022	6921
6923	7024	7023	6922
6924	7025	7024	6923
6925	7026	7025	6924
6926	7027	7026	6925
6927	7028	7027	6926
6928	7029	7028	6927
6929	7030	7029	6928
6930	7031	7030	6929
6931	7032	7031	6930
6932	7033	7032	6931
6933	7034	7033	6932
6934	7035	7034	6933
6935	7036	7035	6934
6936	7037	7036	6935
6937	7038	7037	6936
6938	7039	7038	6937
6939	7040	7039	6938
6940	7041	7040	6939
6941	7042	7041	6940
6942	7043	7042	6941
6943	7044	7043	6942
6944	7045	7044	6943
6945	7046	7045	6944
6946	7047	7046	6945
6947	7048	7047	6946
6948	7049	7048	6947
6949	7050	7049	6948
6950	7051	7050	6949
6951	7052	7051	6950
6952	7053	7052	6951
6953	7054	7053	6952
6954	7055	7054	6953
6955	7056	7055	6954
6956	6957	7058	7057
6957	6958	7059	7058
6958	6959	7060	7059
6959	6960	7061	7060
6960	6961	7062	7061
6961	6962	7063	7062
6962	6963	7064	7063
6963	6964	7065	7064
6964	6965	7066	7065
6965	6966	7067	7066
6966	6967	7068	7067
6967	6968	7069	7068
6968	6969	7070	7069
6969	6970	7071	7070
6970	6971	7072	7071
6971	6972	7073	7072
6972	6973	7074	7073
6973	6974	7075	7074
6974	6975	7076	7075
6975	6976	7077	7076
6976	6977	7078	7077
6977	6978	7079	7078
6978	6979	7080	7079
6979	6980	7081	7080
6980	6981	7082	7081
6981	6982	7083	7082
6982	6983	7084	7083
6983	6984	7085	7084
6984	6985	7086	7085
6985	6986	7087	7086
6986	6987	7088	7087
6987	6988	7089	7088
6988	6989	7090	7089
6989	6990	7091	7090
6990	6991	7092	7091
6991	6992	7093	7092
6992	6993	7094	7093
6993	6994	7095	7094
6994	6995	7096	7095
6995	6996	7097	7096
6996	6997	7098	7097
6997	6998	7099	7098
6998	6999	7100	7099
6999	7000	7101	7100
7000	7001	7102	7101
7001	7002	7103	7102
7002	7003	7104	7103
7003	7004	7105	7104
7004	7005	7106	7105
7005	7006	7107	7106
7006	7007	7108	7107
7007	7008	7109	7108
7008	7009	7110	7109
7009	7010	7111	7110
7010	7011	7112	7111
7011	7012	7113	7112
7012	7013	7114	7113
7013	7116	7115	7114
7014	7117	7116	7013
7015	7118	7117	7014
7016	7119	7118	7015
7017	7120	7119	7016
7018	7121	7120	7017
7019	7122	7121	7018
7020	7123	7122	7019
7021	7124	7123	7020
7022	7125	7124	7021
7023	7126	7125	7022
7024	7127	7126	7023
7025	7128	7127	7024
7026	7129	7128	7025
7027	7130	7129	7026
7028	7131	7130	7027
7029	7132	7131	7028
7030	7133	7132	7029
7031	7134	7133	7030
7032	7135	7134	7031
7033	7136	7135	7032
7034	7137	7136	7033
7035	7138	7137	7034
7036	7139	7138	7035
7037	7140	7139	7036
7038	7141	7140	7037
7039	7142	7141	7038
7040	7143	7142	7039
7041	7144	7143	7040
7042	7145	7144	7041
7043	7146	7145	7042
7044	7147	7146	7043
7045	7148	7147	7044
7046	7149	7148	7045
7047	7150	7149	7046
7048	7151	7150	7047
7049	7152	7151	7048
7050	7153	7152	7049
7051	7154	7153	7050
7052	7155	7154	7051
7053	7156	7155	7052
7054	7157	7156	7053
7055	7158	7157	7054
7056	7159	7158	7055
7057	7058	7161	7160
7058	7059	7162	7161
7059	7060	7163	7162
7060	7061	7164	7163
7061	7062	7165	7164
7062	7063	7166	7165
7063	7064	7167	7166
7064	7065	7168	7167
7065	7066	7169	7168
7066	7067	7170	7169
7067	7068	7171	7170
7068	7069	7172	7171
7069	7070	7173	7172
7070	7071	7174	7173
7071	7072	7175	7174
7072	7073	7176	7175
7073	7074	7177	7176
7074	7075	7178	7177
7075	7076	7179	7178
7076	7077	7180	7179
7077	7078	7181	7180
7078	7079	7182	7181
7079	7080	7183	7182
7080	7081	7184	7183
7081	7082	7185	7184
7082	7083	7186	7185
7083	7084	7187	7186
7084	7085	7188	7187
7085	7086	7189	7188
7086	7087	7190	7189
7087	7088	7191	7190
7088	7089	7192	7191
7089	7090	7193	7192
7090	7091	7194	7193
7091	7092	7195	7194
7092	7093	7196	7195
7093	7094	7197	7196
7094	7095	7198	7197
7095	7096	7199	7198
7096	7097	7200	7199
7097	7098	7201	7200
7098	7099	7202	7201
7099	7100	7203	7202
7100	7101	7204	7203
7101	7102	7205	7204
7102	7103	7206	7205
7103	7104	7207	7206
7104	7105	7208	7207
7105	7106	7209	7208
7106	7107	7210	7209
7107	7108	7211	7210
7108	7109	7212	7211
7109	7110	7213	7212
7110	7111	7214	7213
7111	7112	7215	7214
7112	7113	7216	7215
7113	7114	7217	7216
7114	7115	7218	7217
7115	7220	7219	7218
7116	7221	7220	7115
7117	7222	7221	7116
7118	7223	7222	7117
7119	7224	7223	7118
7120	7225	7224	7119
7121	7226	7225	7120
7122	7227	7226	7121
7123	7228	7227	7122
7124	7229	7228	7123
7125	7230	7229	7124
7126	7231	7230	7125
7127	7232	7231	7126
7128	7233	7232	7127
7129	7234	7233	7128
7130	7235	7234	7129
7131	7236	7235	7130
7132	7237	7236	7131
7133	7238	7237	7132
7134	7239	7238	7133
7135	7240	7239	7134
7136	7241	7240	7135
7137	7242	7241	7136
7138	7243	7242	7137
7139	7244	7243	7138
7140	7245	7244	7139
7141	7246	7245	7140
7142	7247	7246	7141
7143	7248	7247	7142
7144	7249	7248	7143
7145	7250	7249	7144
7146	7251	7250	7145
7147	7252	7251	7146
7148	7253	7252	7147
7149	7254	7253	7148
7150	7255	7254	7149
7151	7256	7255	7150
7152	7257	7256	7151
7153	7258	7257	7152
7154	7259	7258	7153
7155	7260	7259	7154
7156	7261	7260	7155
7157	7262	7261	7156
7158	7263	7262	7157
7159	7264	7263	7158
7160	7161	7266	7265
7161	7162	7267	7266
7162	7163	7268	7267
7163	7164	7269	7268
7164	7165	7270	7269
7165	7166	7271	7270
7166	7167	7272	7271
7167	7168	7273	7272
7168	7169	7274	7273
7169	7170	7275	7274
7170	7171	7276	7275
7171	7172	7277	7276
7172	7173	7278	7277
7173	7174	7279	7278
7174	7175	7280	7279
7175	7176	7281	7280
7176	7177	7282	7281
7177	7178	7283	7282
7178	7179	7284	7283
7179	7180	7285	7284
7180	7181	7286	7285
7181	7182	7287	7286
7182	7183	7288	7287
7183	7184	7289	7288
7184	7185	7290	7289
7185	7186	7291	7290
7186	7187	7292	7291
7187	7188	7293	7292
7188	7189	7294	7293
7189	7190	7295	7294
7190	7191	7296	7295
7191	7192	7297	7296
7192	7193	7298	7297
7193	7194	7299	7298
7194	7195	7300	7299
7195	7196	7301	7300
7196	7197	7302	7301
7197	7198	7303	7302
7198	7199	7304	7303
7199	7200	7305	7304
7200	7201	7306	7305
7201	7202	7307	7306
7202	7203	7308	7307
7203	7204	7309	7308
7204	7205	7310	7309
7205	7206	7311	7310
7206	7207	7312	7311
7207	7208	7313	7312
7208	7209	7314	7313
7209	7210	7315	7314
7210	7211	7316	7315
7211	7212	7317	7316
7212	7213	7318	7317
7213	7214	7319	7318
7214	7215	7320	7319
7215	7216	7321	7320
7216	7217	7322	7321
7217	7218	7323	7322
7218	7219	7324	7323
7219	7326	7325	7324
7220	7327	7326	7219
7221	7328	7327	7220
7222	7329	7328	7221
7223	7330	7329	7222
7224	7331	7330	7223
7225	7332	7331	7224
7226	7333	7332	7225
7227	7334	7333	7226
7228	7335	7334	7227
7229	7336	7335	7228
7230	7337	7336	7229
7231	7338	7337	7230
7232	7339	7338	7231
7233	7340	7339	7232
7234	7341	7340	7233
7235	7342	7341	7234
7236	7343	7342	7235
7237	7344	7343	7236
7238	7345	7344	7237
7239	7346	7345	7238
7240	7347	7346	7239
7241	7348	7347	7240
7242	7349	7348	7241
7243	7350	7349	7242
7244	7351	7350	7243
7245	7352	7351	7244
7246	7353	7352	7245
7247	7354	7353	7246
7248	7355	7354	7247
7249	7356	7355	7248
7250	7357	7356	7249
7251	7358	7357	7250
7252	7359	7358	7251
7253	7360	7359	7252
7254	7361	7360	7253
7255	7362	7361	7254
7256	7363	7362	7255
7257	7364	7363	7256
7258	7365	7364	7257
7259	7366	7365	7258
7260	7367	7366	7259
7261	7368	7367	7260
7262	7369	7368	7261
7263	7370	7369	7262
7264	7371	7370	7263
7265	7266	7373	7372
7266	7267	7374	7373
7267	7268	7375	7374
7268	7269	7376	7375
7269	7270	7377	7376
7270	7271	7378	7377
7271	7272	7379	7378
7272	7273	7380	7379
7273	7274	7381	7380
7274	7275	7382	7381
7275	7276	7383	7382
7276	7277	7384	7383
7277	7278	7385	7384
7278	7279	7386	7385
7279	7280	7387	7386
7280	7281	7388	7387
7281	7282	7389	7388
7282	7283	7390	7389
7283	7284	7391	7390
7284	7285	7392	7391
7285	7286	7393	7392
7286	7287	7394	7393
7287	7288	7395	7394
7288	7289	7396	7395
7289	7290	7397	7396
7290	7291	7398	7397
7291	7292	7399	7398
7292	7293	7400	7399
7293	7294	7401	7400
7294	7295	7402	7401
7295	7296	7403	7402
7296	7297	7404	7403
7297	7298	7405	7404
7298	7299	7406	7405
7299	7300	7407	7406
7300	7301	7408	7407
7301	7302	7409	7408
7302	7303	7410	7409
7303	7304	7411	7410
7304	7305	7412	7411
7305	7306	7413	7412
7306	7307	7414	7413
7307	7308	7415	7414
7308	7309	7416	7415
7309	7310	7417	7416
7310	7311	7418	7417
7311	7312	7419	7418
7312	7313	7420	7419
7313	7314	7421	7420
7314	7315	7422	7421
7315	7316	7423	7422
7316	7317	7424	7423
7317	7318	7425	7424
7318	7319	7426	7425
7319	7320	7427	7426
7320	7321	7428	7427
7321	7322	7429	7428
7322	7323	7430	7429
7323	7324	7431	7430
7324	7325	7432	7431
7325	7434	7433	7432
7326	7435	7434	7325
7327	7436	7435	7326
7328	7437	7436	7327
7329	7438	7437	7328
7330	7439	7438	7329
7331	7440	7439	7330
7332	7441	7440	7331
7333	7442	7441	7332
7334	7443	7442	7333
7335	7444	7443	7334
7336	7445	7444	7335
7337	7446	7445	7336
7338	7447	7446	7337
7339	7448	7447	7338
7340	7449	7448	7339
7341	7450	7449	7340
7342	7451	7450	7341
7343	7452	7451	7342
7344	7453	7452	7343
7345	7454	7453	7344
7346	7455	7454	7345
7347	7456	7455	7346
7348	7457	7456	7347
7349	7458	7457	7348
7350	7459	7458	7349
7351	7460	7459	7350
7352	7461	7460	7351
7353	7462	7461	7352
7354	7463	7462	7353
7355	7464	7463	7354
7356	7465	7464	7355
7357	7466	7465	7356
7358	7467	7466	7357
7359	7468	7467	7358
7360	7469	7468	7359
7361	7470	7469	7360
7362	7471	7470	7361
7363	7472	7471	7362
7364	7473	7472	7363
7365	7474	7473	7364
7366	7475	7474	7365
7367	7476	7475	7366
7368	7477	7476	7367
7369	7478	7477	7368
7370	7479	7478	7369
7371	7480	7479	7370
7372	7373	7482	7481
7373	7374	7483	7482
7374	7375	7484	7483
7375	7376	7485	7484
7376	7377	7486	7485
7377	7378	7487	7486
7378	7379	7488	7487
7379	7380	7489	7488
7380	7381	7490	7489
7381	7382	7491	7490
7382	7383	7492	7491
7383	7384	7493	7492
7384	7385	7494	7493
7385	7386	7495	7494
7386	7387	7496	7495
7387	7388	7497	7496
7388	7389	7498	7497
7389	7390	7499	7498
7390	7391	7500	7499
7391	7392	7501	7500
7392	7393	7502	7501
7393	7394	7503	7502
7394	7395	7504	7503
7395	7396	7505	7504
7396	7397	7506	7505
7397	7398	7507	7506
7398	7399	7508	7507
7399	7400	7509	7508
7400	7401	7510	7509
7401	7402	7511	7510
7402	7403	7512	7511
7403	7404	7513	7512
7404	7405	7514	7513
7405	7406	7515	7514
7406	7407	7516	7515
7407	7408	7517	7516
7408	7409	7518	7517
7409	7410	7519	7518
7410	7411	7520	7519
7411	7412	7521	7520
7412	7413	7522	7521
7413	7414	7523	7522
7414	7415	7524	7523
7415	7416	7525	7524
7416	7417	7526	7525
7417	7418	7527	7526
7418	7419	7528	7527
7419	7420	7529	7528
7420	7421	7530	7529
7421	7422	7531	7530
7422	7423	7532	7531
7423	7424	7533	7532
7424	7425	7534	7533
7425	7426	7535	7534
7426	7427	7536	7535
7427	7428	7537	7536
7428	7429	7538	7537
7429	7430	7539	7538
7430	7431	7540	7539
7431	7432	7541	7540
7432	7433	7542	7541
7433	7544	7543	7542
7434	7545	7544	7433
7435	7546	7545	7434
7436	7547	7546	7435
7437	7548	7547	7436
7438	7549	7548	7437
7439	7550	7549	7438
7440	7551	7550	7439
7441	7552	7551	7440
7442	7553	7552	7441
7443	7554	7553	7442
7444	7555	7554	7443
7445	7556	7555	7444
7446	7557	7556	7445
7447	7558	7557	7446
7448	7559	7558	7447
7449	7560	7559	7448
7450	7561	7560	7449
7451	7562	7561	7450
7452	7563	7562	7451
7453	7564	7563	7452
7454	7565	7564	7453
7455	7566	7565	7454
7456	7567	7566	7455
7457	7568	7567	7456
7458	7569	7568	7457
7459	7570	7569	7458
7460	7571	7570	7459
7461	7572	7571	7460
7462	7573	7572	7461
7463	7574	7573	7462
7464	7575	7574	7463
7465	7576	7575	7464
7466	7577	7576	7465
7467	7578	7577	7466
7468	7579	7578	7467
7469	7580	7579	7468
7470	7581	7580	7469
7471	7582	7581	7470
7472	7583	7582	7471
7473	7584	7583	7472
7474	7585	7584	7473
7475	7586	7585	7474
7476	7587	7586	7475
7477	7588	7587	7476
7478	7589	7588	7477
7479	7590	7589	7478
7480	7591	7590	7479
7481	7482	7593	7592
7482	7483	7594	7593
7483	7484	7595	7594
7484	7485	7596	7595
7485	7486	7597	7596
7486	7487	7598	7597
7487	7488	7599	7598
7488	7489	7600	7599
7489	7490	7601	7600
7490	7491	7602	7601
7491	7492	7603	7602
7492	7493	7604	7603
7493	7494	7605	7604
7494	7495	7606	7605
7495	7496	7607	7606
7496	7497	7608	7607
7497	7498	7609	7608
7498	7499	7610	7609
7499	7500	7611	7610
7500	7501	7612	7611
7501	7502	7613	7612
7502	7503	7614	7613
7503	7504	7615	7614
7504	7505	7616	7615
7505	7506	7617	7616
7506	7507	7618	7617
7507	7508	7619	7618
7508	7509	7620	7619
7509	7510	7621	7620
7510	7511	7622	7621
7511	7512	7623	7622
7512	7513	7624	7623
7513	7514	7625	7624
7514	7515	7626	7625
7515	7516	7627	7626
7516	7517	7628	7627
7517	7518	7629	7628
7518	7519	7630	7629
7519	7520	7631	7630
7520	7521	7632	7631
7521	7522	7633	7632
7522	7523	7634	7633
7523	7524	7635	7634
7524	7525	7636	7635
7525	7526	7637	7636
7526	7527	7638	7637
7527	7528	7639	7638
7528	7529	7640	7639
7529	7530	7641	7640
7530	7531	7642	7641
7531	7532	7643	7642
7532	7533	7644	7643
7533	7534	7645	7644
7534	7535	7646	7645
7535	7536	7647	7646
7536	7537	7648	7647
7537	7538	7649	7648
7538	7539	7650	7649
7539	7540	7651	7650
7540	7541	7652	7651
7541	7542	7653	7652
7542	7543	7654	7653
7543	7656	7655	7654
7544	7657	7656	7543
7545	7658	7657	7544
7546	7659	7658	7545
7547	7660	7659	7546
7548	7661	7660	7547
7549	7662	7661	7548
7550	7663	7662	7549
7551	7664	7663	7550
7552	7665	7664	7551
7553	7666	7665	7552
7554	7667	7666	7553
7555	7668	7667	7554
7556	7669	7668	7555
7557	7670	7669	7556
7558	7671	7670	7557
7559	7672	7671	7558
7560	7673	7672	7559
7561	7674	7673	7560
7562	7675	7674	7561
7563	7676	7675	7562
7564	7677	7676	7563
7565	7678	7677	7564
7566	7679	7678	7565
7567	7680	7679	7566
7568	7681	7680	7567
7569	7682	7681	7568
7570	7683	7682	7569
7571	7684	7683	7570
7572	7685	7684	7571
7573	7686	7685	7572
7574	7687	7686	7573
7575	7688	7687	7574
7576	7689	7688	7575
7577	7690	7689	7576
7578	7691	7690	7577
7579	7692	7691	7578
7580	7693	7692	7579
7581	7694	7693	7580
7582	7695	7694	7581
7583	7696	7695	7582
7584	7697	7696	7583
7585	7698	7697	7584
7586	7699	7698	7585
7587	7700	7699	7586
7588	7701	7700	7587
7589	7702	7701	7588
7590	7703	7702	7589
7591	7704	7703	7590
7592	7593	7706	7705
7593	7594	7707	7706
7594	7595	7708	7707
7595	7596	7709	7708
7596	7597	7710	7709
7597	7598	7711	7710
7598	7599	7712	7711
7599	7600	7713	7712
7600	7601	7714	7713
7601	7602	7715	7714
7602	7603	7716	7715
7603	7604	7717	7716
7604	7605	7718	7717
7605	7606	7719	7718
7606	7607	7720	7719
7607	7608	7721	7720
7608	7609	7722	7721
7609	7610	7723	7722
7610	7611	7724	7723
7611	7612	7725	7724
7612	7613	7726	7725
7613	7614	7727	7726
7614	7615	7728	7727
7615	7616	7729	7728
7616	7617	7730	7729
7617	7618	7731	7730
7618	7619	7732	7731
7619	7620	7733	7732
7620	7621	7734	7733
7621	7622	7735	7734
7622	7623	7736	7735
7623	7624	7737	7736
7624	7625	7738	7737
7625	7626	7739	7738
7626	7627	7740	7739
7627	7628	7741	7740
7628	7629	7742	7741
7629	7630	7743	7742
7630	7631	7744	7743
7631	7632	7745	7744
7632	7633	7746	7745
7633	7634	7747	7746
7634	7635	7748	7747
7635	7636	7749	7748
7636	7637	7750	7749
7637	7638	7751	7750
7638	7639	7752	7751
7639	7640	7753	7752
7640	7641	7754	7753
7641	7642	7755	7754
7642	7643	7756	7755
7643	7644	7757	7756
7644	7645	7758	7757
7645	7646	7759	7758
7646	7647	7760	7759
7647	7648	7761	7760
7648	7649	7762	7761
7649	7650	7763	7762
7650	7651	7764	7763
7651	7652	7765	7764
7652	7653	7766	7765
7653	7654	7767	7766
7654	7655	7768	7767
7655	7770	7769	7768
7656	7771	7770	7655
7657	7772	7771	7656
7658	7773	7772	7657
7659	7774	7773	7658
7660	7775	7774	7659
7661	7776	7775	7660
7662	7777	7776	7661
7663	7778	7777	7662
7664	7779	7778	7663
7665	7780	7779	7664
7666	7781	7780	7665
7667	7782	7781	7666
7668	7783	7782	7667
7669	7784	7783	7668
7670	7785	7784	7669
7671	7786	7785	7670
7672	7787	7786	7671
7673	7788	7787	7672
7674	7789	7788	7673
7675	7790	7789	7674
7676	7791	7790	7675
7677	7792	7791	7676
7678	7793	7792	7677
7679	7794	7793	7678
7680	7795	7794	7679
7681	7796	7795	7680
7682	7797	7796	7681
7683	7798	7797	7682
7684	7799	7798	7683
7685	7800	7799	7684
7686	7801	7800	7685
7687	7802	7801	7686
7688	7803	7802	7687
7689	7804	7803	7688
7690	7805	7804	7689
7691	7806	7805	7690
7692	7807	7806	7691
7693	7808	7807	7692
7694	7809	7808	7693
7695	7810	7809	7694
7696	7811	7810	7695
7697	7812	7811	7696
7698	7813	7812	7697
7699	7814	7813	7698
7700	7815	7814	7699
7701	7816	7815	7700
7702	7817	7816	7701
7703	7818	7817	7702
7704	7819	7818	7703
7705	7706	7821	7820
7706	7707	7822	7821
7707	7708	7823	7822
7708	7709	7824	7823
7709	7710	7825	7824
7710	7711	7826	7825
7711	7712	7827	7826
7712	7713	7828	7827
7713	7714	7829	7828
7714	7715	7830	7829
7715	7716	7831	7830
7716	7717	7832	7831
7717	7718	7833	7832
7718	7719	7834	7833
7719	7720	7835	7834
7720	7721	7836	7835
7721	7722	7837	7836
7722	7723	7838	7837
7723	7724	7839	7838
7724	7725	7840	7839
7725	7726	7841	7840
7726	7727	7842	7841
7727	7728	7843	7842
7728	7729	7844	7843
7729	7730	7845	7844
7730	7731	7846	7845
7731	7732	7847	7846
7732	7733	7848	7847
7733	7734	7849	7848
7734	7735	7850	7849
7735	7736	7851	7850
7736	7737	7852	7851
7737	7738	7853	7852
7738	7739	7854	7853
7739	7740	7855	7854
7740	7741	7856	7855
7741	7742	7857	7856
7742	7743	7858	7857
7743	7744	7859	7858
7744	7745	7860	7859
7745	7746	7861	7860
7746	7747	7862	7861
7747	7748	7863	7862
7748	7749	7864	7863
7749	7750	7865	7864
7750	7751	7866	7865
7751	7752	7867	7866
7752	7753	7868	7867
7753	7754	7869	7868
7754	7755	7870	7869
7755	7756	7871	7870
7756	7757	7872	7871
7757	7758	7873	7872
7758	7759	7874	7873
7759	7760	7875	7874
7760	7761	7876	7875
7761	7762	7877	7876
7762	7763	7878	7877
7763	7764	7879	7878
7764	7765	7880	7879
7765	7766	7881	7880
7766	7767	7882	7881
7767	7768	7883	7882
7768	7769	7884	7883
7769	7886	7885	7884
7770	7887	7886	7769
7771	7888	7887	7770
7772	7889	7888	7771
7773	7890	7889	7772
7774	7891	7890	7773
7775	7892	7891	7774
7776	7893	7892	7775
7777	7894	7893	7776
7778	7895	7894	7777
7779	7896	7895	7778
7780	7897	7896	7779
7781	7898	7897	7780
7782	7899	7898	7781
7783	7900	7899	7782
7784	7901	7900	7783
7785	7902	7901	7784
7786	7903	7902	7785
7787	7904	7903	7786
7788	7905	7904	7787
7789	7906	7905	7788
7790	7907	7906	7789
7791	7908	7907	7790
7792	7909	7908	7791
7793	7910	7909	7792
7794	7911	7910	7793
7795	7912	7911	7794
7796	7913	7912	7795
7797	7914	7913	7796
7798	7915	7914	7797
7799	7916	7915	7798
7800	7917	7916	7799
7801	7918	7917	7800
7802	7919	7918	7801
7803	7920	7919	7802
7804	7921	7920	7803
7805	7922	7921	7804
7806	7923	7922	7805
7807	7924	7923	7806
7808	7925	7924	7807
7809	7926	7925	7808
7810	7927	7926	7809
7811	7928	7927	7810
7812	7929	7928	7811
7813	7930	7929	7812
7814	7931	7930	7813
7815	7932	7931	7814
7816	7933	7932	7815
7817	7934	7933	7816
7818	7935	7934	7817
7819	7936	7935	7818
7820	7821	7938	7937
7821	7822	7939	7938
7822	7823	7940	7939
7823	7824	7941	7940
7824	7825	7942	7941
7825	7826	7943	7942
7826	7827	7944	7943
7827	7828	7945	7944
7828	7829	7946	7945
7829	7830	7947	7946
7830	7831	7948	7947
7831	7832	7949	7948
7832	7833	7950	7949
7833	7834	7951	7950
7834	7835	7952	7951
7835	7836	7953	7952
7836	7837	7954	7953
7837	7838	7955	7954
7838	7839	7956	7955
7839	7840	7957	7956
7840	7841	7958	7957
7841	7842	7959	7958
7842	7843	7960	7959
7843	7844	7961	7960
7844	7845	7962	7961
7845	7846	7963	7962
7846	7847	7964	7963
7847	7848	7965	7964
7848	7849	7966	7965
7849	7850	7967	7966
7850	7851	7968	7967
7851	7852	7969	7968
7852	7853	7970	7969
7853	7854	7971	7970
7854	7855	7972	7971
7855	7856	7973	7972
7856	7857	7974	7973
7857	7858	7975	7974
7858	7859	7976	7975
7859	7860	7977	7976
7860	7861	7978	7977
7861	7862	7979	7978
7862	7863	7980	7979
7863	7864	7981	7980
7864	7865	7982	7981
7865	7866	7983	7982
7866	7867	7984	7983
7867	7868	7985	7984
7868	7869	7986	7985
7869	7870	7987	7986
7870	7871	7988	7987
7871	7872	7989	7988
7872	7873	7990	7989
7873	7874	7991	7990
7874	7875	7992	7991
7875	7876	7993	7992
7876	7877	7994	7993
7877	7878	7995	7994
7878	7879	7996	7995
7879	7880	7997	7996
7880	7881	7998	7997
7881	7882	7999	7998
7882	7883	8000	7999
7883	7884	8001	8000
7884	7885	8002	8001
7885	8004	8003	8002
7886	8005	8004	7885
7887	8006	8005	7886
7888	8007	8006	7887
7889	8008	8007	7888
7890	8009	8008	7889
7891	8010	8009	7890
7892	8011	8010	7891
7893	8012	8011	7892
7894	8013	8012	7893
7895	8014	8013	7894
7896	8015	8014	7895
7897	8016	8015	7896
7898	8017	8016	7897
7899	8018	8017	7898
7900	8019	8018	7899
7901	8020	8019	7900
7902	8021	8020	7901
7903	8022	8021	7902
7904	8023	8022	7903
7905	8024	8023	7904
7906	8025	8024	7905
7907	8026	8025	7906
7908	8027	8026	7907
7909	8028	8027	7908
7910	8029	8028	7909
7911	8030	8029	7910
7912	8031	8030	7911
7913	8032	8031	7912
7914	8033	8032	7913
7915	8034	8033	7914
7916	8035	8034	7915
7917	8036	8035	7916
7918	8037	8036	7917
7919	8038	8037	7918
7920	8039	8038	7919
7921	8040	8039	7920
7922	8041	8040	7921
7923	8042	8041	7922
7924	8043	8042	7923
7925	8044	8043	7924
7926	8045	8044	7925
7927	8046	8045	7926
7928	8047	8046	7927
7929	8048	8047	7928
7930	8049	8048	7929
7931	8050	8049	7930
7932	8051	8050	7931
7933	8052	8051	7932
7934	8053	8052	7933
7935	8054	8053	7934
7936	8055	8054	7935
7937	7938	8057	8056
7938	7939	8058	8057
7939	7940	8059	8058
7940	7941	8060	8059
7941	7942	8061	8060
7942	7943	8062	8061
7943	7944	8063	8062
7944	7945	8064	8063
7945	7946	8065	8064
7946	7947	8066	8065
7947	7948	8067	8066
7948	7949	8068	8067
7949	7950	8069	8068
7950	7951	8070	8069
7951	7952	8071	8070
7952	7953	8072	8071
7953	7954	8073	8072
7954	7955	8074	8073
7955	7956	8075	8074
7956	7957	8076	8075
7957	7958	8077	8076
7958	7959	8078	8077
7959	7960	8079	8078
7960	7961	8080	8079
7961	7962	8081	8080
7962	7963	8082	8081
7963	7964	8083	8082
7964	7965	8084	8083
7965	7966	8085	8084
7966	7967	8086	8085
7967	7968	8087	8086
7968	7969	8088	8087
7969	7970	8089	8088
7970	7971	8090	8089
7971	7972	8091	8090
7972	7973	8092	8091
7973	7974	8093	8092
7974	7975	8094	8093
7975	7976	8095	8094
7976	7977	8096	8095
7977	7978	8097	8096
7978	7979	8098	8097
7979	7980	8099	8098
7980	7981	8100	8099
7981	7982	8101	8100
7982	7983	8102	8101
7983	7984	8103	8102
7984	7985	8104	8103
7985	7986	8105	8104
7986	7987	8106	8105
7987	7988	8107	8106
7988	7989	8108	8107
7989	7990	8109	8108
7990	7991	8110	8109
7991	7992	8111	8110
7992	7993	8112	8111
7993	7994	8113	8112
7994	7995	8114	8113
7995	7996	8115	8114
7996	7997	8116	8115
7997	7998	8117	8116
7998	7999	8118	8117
7999	8000	8119	8118
8000	8001	8120	8119
8001	8002	8121	8120
8002	8003	8122	8121
8003	8124	8123	8122
8004	8125	8124	8003
8005	8126	8125	8004
8006	8127	8126	8005
8007	8128	8127	8006
8008	8129	8128	8007
8009	8130	8129	8008
8010	8131	8130	8009
8011	8132	8131	8010
8012	8133	8132	8011
8013	8134	8133	8012
8014	8135	8134	8013
8015	8136	8135	8014
8016	8137	8136	8015
8017	8138	8137	8016
8018	8139	8138	8017
8019	8140	8139	8018
8020	8141	8140	8019
8021	8142	8141	8020
8022	8143	8142	8021
8023	8144	8143	8022
8024	8145	8144	8023
8025	8146	8145	8024
8026	8147	8146	8025
8027	8148	8147	8026
8028	8149	8148	8027
8029	8150	8149	8028
8030	8151	8150	8029
8031	8152	8151	8030
8032	8153	8152	8031
8033	8154	8153	8032
8034	8155	8154	8033
8035	8156	8155	8034
8036	8157	8156	8035
8037	8158	8157	8036
8038	8159	8158	8037
8039	8160	8159	8038
8040	8161	8160	8039
8041	8162	8161	8040
8042	8163	8162	8041
8043	8164	8163	8042
8044	8165	8164	8043
8045	8166	8165	8044
8046	8167	8166	8045
8047	8168	8167	8046
8048	8169	8168	8047
8049	8170	8169	8048
8050	8171	8170	8049
8051	8172	8171	8050
8052	8173	8172	8051
8053	8174	8173	8052
8054	8175	8174	8053
8055	8176	8175	8054
8056	8057	8178	8177
8057	8058	8179	8178
8058	8059	8180	8179
8059	8060	8181	8180
8060	8061	8182	8181
8061	8062	8183	8182
8062	8063	8184	8183
8063	8064	8185	8184
8064	8065	8186	8185
8065	8066	8187	8186
8066	8067	8188	8187
8067	8068	8189	8188
8068	8069	8190	8189
8069	8070	8191	8190
8070	8071	8192	8191
8071	8072	8193	8192
8072	8073	8194	8193
8073	8074	8195	8194
8074	8075	8196	8195
8075	8076	8197	8196
8076	8077	8198	8197
8077	8078	8199	8198
8078	8079	8200	8199
8079	8080	8201	8200
8080	8081	8202	8201
8081	8082	8203	8202
8082	8083	8204	8203
8083	8084	8205	8204
8084	8085	8206	8205
8085	8086	8207	8206
8086	8087	8208	8207
8087	8088	8209	8208
8088	8089	8210	8209
8089	8090	8211	8210
8090	8091	8212	8211
8091	8092	8213	8212
8092	8093	8214	8213
8093	8094	8215	8214
8094	8095	8216	8215
8095	8096	8217	8216
8096	8097	8218	8217
8097	8098	8219	8218
8098	8099	8220	8219
8099	8100	8221	8220
8100	8101	8222	8221
8101	8102	8223	8222
8102	8103	8224	8223
8103	8104	8225	8224
8104	8105	8226	8225
8105	8106	8227	8226
8106	8107	8228	8227
8107	8108	8229	8228
8108	8109	8230	8229
8109	8110	8231	8230
8110	8111	8232	8231
8111	8112	8233	8232
8112	8113	8234	8233
8113	8114	8235	8234
8114	8115	8236	8235
8115	8116	8237	8236
8116	8117	8238	8237
8117	8118	8239	8238
8118	8119	8240	8239
8119	8120	8241	8240
8120	8121	8242	8241
8121	8122	8243	8242
8122	8123	8244	8243
8123	8246	8245	8244
8124	8247	8246	8123
8125	8248	8247	8124
8126	8249	8248	8125
8127	8250	8249	8126
8128	8251	8250	8127
8129	8252	8251	8128
8130	8253	8252	8129
8131	8254	8253	8130
8132	8255	8254	8131
8133	8256	8255	8132
8134	8257	8256	8133
8135	8258	8257	8134
8136	8259	8258	8135
8137	8260	8259	8136
8138	8261	8260	8137
8139	8262	8261	8138
8140	8263	8262	8139
8141	8264	8263	8140
8142	8265	8264	8141
8143	8266	8265	8142
8144	8267	8266	8143
8145	8268	8267	8144
8146	8269	8268	8145
8147	8270	8269	8146
8148	8271	8270	8147
8149	8272	8271	8148
8150	8273	8272	8149
8151	8274	8273	8150
8152	8275	8274	8151
8153	8276	8275	8152
8154	8277	8276	8153
8155	8278	8277	8154
8156	8279	8278	8155
8157	8280	8279	8156
8158	8281	8280	8157
8159	8282	8281	8158
8160	8283	8282	8159
8161	8284	8283	8160
8162	8285	8284	8161
8163	8286	8285	8162
8164	8287	8286	8163
8165	8288	8287	8164
8166	8289	8288	8165
8167	8290	8289	8166
8168	8291	8290	8167
8169	8292	8291	8168
8170	8293	8292	8169
8171	8294	8293	8170
8172	8295	8294	8171
8173	8296	8295	8172
8174	8297	8296	8173
8175	8298	8297	8174
8176	8299	8298	8175
8177	8178	8301	8300
8178	8179	8302	8301
8179	8180	8303	8302
8180	8181	8304	8303
8181	8182	8305	8304
8182	8183	8306	8305
8183	8184	8307	8306
8184	8185	8308	8307
8185	8186	8309	8308
8186	8187	8310	8309
8187	8188	8311	8310
8188	8189	8312	8311
8189	8190	8313	8312
8190	8191	8314	8313
8191	8192	8315	8314
8192	8193	8316	8315
8193	8194	8317	8316
8194	8195	8318	8317
8195	8196	8319	8318
8196	8197	8320	8319
8197	8198	8321	8320
8198	8199	8322	8321
8199	8200	8323	8322
8200	8201	8324	8323
8201	8202	8325	8324
8202	8203	8326	8325
8203	8204	8327	8326
8204	8205	8328	8327
8205	8206	8329	8328
8206	8207	8330	8329
8207	8208	8331	8330
8208	8209	8332	8331
8209	8210	8333	8332
8210	8211	8334	8333
8211	8212	8335	8334
8212	8213	8336	8335
8213	8214	8337	8336
8214	8215	8338	8337
8215	8216	8339	8338
8216	8217	8340	8339
8217	8218	8341	8340
8218	8219	8342	8341
8219	8220	8343	8342
8220	8221	8344	8343
8221	8222	8345	8344
8222	8223	8346	8345
8223	8224	8347	8346
8224	8225	8348	8347
8225	8226	8349	8348
8226	8227	8350	8349
8227	8228	8351	8350
8228	8229	8352	8351
8229	8230	8353	8352
8230	8231	8354	8353
8231	8232	8355	8354
8232	8233	8356	8355
8233	8234	8357	8356
8234	8235	8358	8357
8235	8236	8359	8358
8236	8237	8360	8359
8237	8238	8361	8360
8238	8239	8362	8361
8239	8240	8363	8362
8240	8241	8364	8363
8241	8242	8365	8364
8242	8243	8366	8365
8243	8244	8367	8366
8244	8245	8368	8367
8245	8370	8369	8368
8246	8371	8370	8245
8247	8372	8371	8246
8248	8373	8372	8247
8249	8374	8373	8248
8250	8375	8374	8249
8251	8376	8375	8250
8252	8377	8376	8251
8253	8378	8377	8252
8254	8379	8378	8253
8255	8380	8379	8254
8256	8381	8380	8255
8257	8382	8381	8256
8258	8383	8382	8257
8259	8384	8383	8258
8260	8385	8384	8259
8261	8386	8385	8260
8262	8387	8386	8261
8263	8388	8387	8262
8264	8389	8388	8263
8265	8390	8389	8264
8266	8391	8390	8265
8267	8392	8391	8266
8268	8393	8392	8267
8269	8394	8393	8268
8270	8395	8394	8269
8271	8396	8395	8270
8272	8397	8396	8271
8273	8398	8397	8272
8274	8399	8398	8273
8275	8400	8399	8274
8276	8401	8400	8275
8277	8402	8401	8276
8278	8403	8402	8277
8279	8404	8403	8278
8280	8405	8404	8279
8281	8406	8405	8280
8282	8407	8406	8281
8283	8408	8407	8282
8284	8409	8408	8283
8285	8410	8409	8284
8286	8411	8410	8285
8287	8412	8411	8286
8288	8413	8412	8287
8289	8414	8413	8288
8290	8415	8414	8289
8291	8416	8415	8290
8292	8417	8416	8291
8293	8418	8417	8292
8294	8419	8418	8293
8295	8420	8419	8294
8296	8421	8420	8295
8297	8422	8421	8296
8298	8423	8422	8297
8299	8424	8423	8298
8300	8301	8426	8425
8301	8302	8427	8426
8302	8303	8428	8427
8303	8304	8429	8428
8304	8305	8430	8429
8305	8306	8431	8430
8306	8307	8432	8431
8307	8308	8433	8432
8308	8309	8434	8433
8309	8310	8435	8434
8310	8311	8436	8435
8311	8312	8437	8436
8312	8313	8438	8437
8313	8314	8439	8438
8314	8315	8440	8439
8315	8316	8441	8440
8316	8317	8442	8441
8317	8318	8443	8442
8318	8319	8444	8443
8319	8320	8445	8444
8320	8321	8446	8445
8321	8322	8447	8446
8322	8323	8448	8447
8323	8324	8449	8448
8324	8325	8450	8449
8325	8326	8451	8450
8326	8327	8452	8451
8327	8328	8453	8452
8328	8329	8454	8453
8329	8330	8455	8454
8330	8331	8456	8455
8331	8332	8457	8456
8332	8333	8458	8457
8333	8334	8459	8458
8334	8335	8460	8459
8335	8336	8461	8460
8336	8337	8462	8461
8337	8338	8463	8462
8338	8339	8464	8463
8339	8340	8465	8464
8340	8341	8466	8465
8341	8342	8467	8466
8342	8343	8468	8467
8343	8344	8469	8468
8344	8345	8470	8469
8345	8346	8471	8470
8346	8347	8472	8471
8347	8348	8473	8472
8348	8349	8474	8473
8349	8350	8475	8474
8350	8351	8476	8475
8351	8352	8477	8476
8352	8353	8478	8477
8353	8354	8479	8478
8354	8355	8480	8479
8355	8356	8481	8480
8356	8357	8482	8481
8357	8358	8483	8482
8358	8359	8484	8483
8359	8360	8485	8484
8360	8361	8486	8485
8361	8362	8487	8486
8362	8363	8488	8487
8363	8364	8489	8488
8364	8365	8490	8489
8365	8366	8491	8490
8366	8367	8492	8491
8367	8368	8493	8492
8368	8369	8494	8493
8369	8496	8495	8494
8370	8497	8496	8369
8371	8498	8497	8370
8372	8499	8498	8371
8373	8500	8499	8372
8374	8501	8500	8373
8375	8502	8501	8374
8376	8503	8502	8375
8377	8504	8503	8376
8378	8505	8504	8377
8379	8506	8505	8378
8380	8507	8506	8379
8381	8508	8507	8380
8382	8509	8508	8381
8383	8510	8509	8382
8384	8511	8510	8383
8385	8512	8511	8384
8386	8513	8512	8385
8387	8514	8513	8386
8388	8515	8514	8387
8389	8516	8515	8388
8390	8517	8516	8389
8391	8518	8517	8390
8392	8519	8518	8391
8393	8520	8519	8392
8394	8521	8520	8393
8395	8522	8521	8394
8396	8523	8522	8395
8397	8524	8523	8396
8398	8525	8524	8397
8399	8526	8525	8398
8400	8527	8526	8399
8401	8528	8527	8400
8402	8529	8528	8401
8403	8530	8529	8402
8404	8531	8530	8403
8405	8532	8531	8404
8406	8533	8532	8405
8407	8534	8533	8406
8408	8535	8534	8407
8409	8536	8535	8408
8410	8537	8536	8409
8411	8538	8537	8410
8412	8539	8538	8411
8413	8540	8539	8412
8414	8541	8540	8413
8415	8542	8541	8414
8416	8543	8542	8415
8417	8544	8543	8416
8418	8545	8544	8417
8419	8546	8545	8418
8420	8547	8546	8419
8421	8548	8547	8420
8422	8549	8548	8421
8423	8550	8549	8422
8424	8551	8550	8423
8425	8426	8553	8552
8426	8427	8554	8553
8427	8428	8555	8554
8428	8429	8556	8555
8429	8430	8557	8556
8430	8431	8558	8557
8431	8432	8559	8558
8432	8433	8560	8559
8433	8434	8561	8560
8434	8435	8562	8561
8435	8436	8563	8562
8436	8437	8564	8563
8437	8438	8565	8564
8438	8439	8566	8565
8439	8440	8567	8566
8440	8441	8568	8567
8441	8442	8569	8568
8442	8443	8570	8569
8443	8444	8571	8570
8444	8445	8572	8571
8445	8446	8573	8572
8446	8447	8574	8573
8447	8448	8575	8574
8448	8449	8576	8575
8449	8450	8577	8576
8450	8451	8578	8577
8451	8452	8579	8578
8452	8453	8580	8579
8453	8454	8581	8580
8454	8455	8582	8581
8455	8456	8583	8582
8456	8457	8584	8583
8457	8458	8585	8584
8458	8459	8586	8585
8459	8460	8587	8586
8460	8461	8588	8587
8461	8462	8589	8588
8462	8463	8590	8589
8463	8464	8591	8590
8464	8465	8592	8591
8465	8466	8593	8592
8466	8467	8594	8593
8467	8468	8595	8594
8468	8469	8596	8595
8469	8470	8597	8596
8470	8471	8598	8597
8471	8472	8599	8598
8472	8473	8600	8599
8473	8474	8601	8600
8474	8475	8602	8601
8475	8476	8603	8602
8476	8477	8604	8603
8477	8478	8605	8604
8478	8479	8606	8605
8479	8480	8607	8606
8480	8481	8608	8607
8481	8482	8609	8608
8482	8483	8610	8609
8483	8484	8611	8610
8484	8485	8612	8611
8485	8486	8613	8612
8486	8487	8614	8613
8487	8488	8615	8614
8488	8489	8616	8615
8489	8490	8617	8616
8490	8491	8618	8617
8491	8492	8619	8618
8492	8493	8620	8619
8493	8494	8621	8620
8494	8495	8622	8621
8495	8624	8623	8622
8496	8625	8624	8495
8497	8626	8625	8496
8498	8627	8626	8497
8499	8628	8627	8498
8500	8629	8628	8499
8501	8630	8629	8500
8502	8631	8630	8501
8503	8632	8631	8502
8504	8633	8632	8503
8505	8634	8633	8504
8506	8635	8634	8505
8507	8636	8635	8506
8508	8637	8636	8507
8509	8638	8637	8508
8510	8639	8638	8509
8511	8640	8639	8510
8512	8641	8640	8511
8513	8642	8641	8512
8514	8643	8642	8513
8515	8644	8643	8514
8516	8645	8644	8515
8517	8646	8645	8516
8518	8647	8646	8517
8519	8648	8647	8518
8520	8649	8648	8519
8521	8650	8649	8520
8522	8651	8650	8521
8523	8652	8651	8522
8524	8653	8652	8523
8525	8654	8653	8524
8526	8655	8654	8525
8527	8656	8655	8526
8528	8657	8656	8527
8529	8658	8657	8528
8530	8659	8658	8529
8531	8660	8659	8530
8532	8661	8660	8531
8533	8662	8661	8532
8534	8663	8662	8533
8535	8664	8663	8534
8536	8665	8664	8535
8537	8666	8665	8536
8538	8667	8666	8537
8539	8668	8667	8538
8540	8669	8668	8539
8541	8670	8669	8540
8542	8671	8670	8541
8543	8672	8671	8542
8544	8673	8672	8543
8545	8674	8673	8544
8546	8675	8674	8545
8547	8676	8675	8546
8548	8677	8676	8547
8549	8678	8677	8548
8550	8679	8678	8549
8551	8680	8679	8550
8552	8553	8682	8681
8553	8554	8683	8682
8554	8555	8684	8683
8555	8556	8685	8684
8556	8557	8686	8685
8557	8558	8687	8686
8558	8559	8688	8687
8559	8560	8689	8688
8560	8561	8690	8689
8561	8562	8691	8690
8562	8563	8692	8691
8563	8564	8693	8692
8564	8565	8694	8693
8565	8566	8695	8694
8566	8567	8696	8695
8567	8568	8697	8696
8568	8569	8698	8697
8569	8570	8699	8698
8570	8571	8700	8699
8571	8572	8701	8700
8572	8573	8702	8701
8573	8574	8703	8702
8574	8575	8704	8703
8575	8576	8705	8704
8576	8577	8706	8705
8577	8578	8707	8706
8578	8579	8708	8707
8579	8580	8709	8708
8580	8581	8710	8709
8581	8582	8711	8710
8582	8583	8712	8711
8583	8584	8713	8712
8584	8585	8714	8713
8585	8586	8715	8714
8586	8587	8716	8715
8587	8588	8717	8716
8588	8589	8718	8717
8589	8590	8719	8718
8590	8591	8720	8719
8591	8592	8721	8720
8592	8593	8722	8721
8593	8594	8723	8722
8594	8595	8724	8723
8595	8596	8725	8724
8596	8597	8726	8725
8597	8598	8727	8726
8598	8599	8728	8727
8599	8600	8729	8728
8600	8601	8730	8729
8601	8602	8731	8730
8602	8603	8732	8731
8603	8604	8733	8732
8604	8605	8734	8733
8605	8606	8735	8734
8606	8607	8736	8735
8607	8608	8737	8736
8608	8609	8738	8737
8609	8610	8739	8738
8610	8611	8740	8739
8611	8612	8741	8740
8612	8613	8742	8741
8613	8614	8743	8742
8614	8615	8744	8743
8615	8616	8745	8744
8616	8617	8746	8745
8617	8618	8747	8746
8618	8619	8748	8747
8619	8620	8749	8748
8620	8621	8750	8749
8621	8622	8751	8750
8622	8623	8752	8751
8623	8754	8753	8752
8624	8755	8754	8623
8625	8756	8755	8624
8626	8757	8756	8625
8627	8758	8757	8626
8628	8759	8758	8627
8629	8760	8759	8628
8630	8761	8760	8629
8631	8762	8761	8630
8632	8763	8762	8631
8633	8764	8763	8632
8634	8765	8764	8633
8635	8766	8765	8634
8636	8767	8766	8635
8637	8768	8767	8636
8638	8769	8768	8637
8639	8770	8769	8638
8640	8771	8770	8639
8641	8772	8771	8640
8642	8773	8772	8641
8643	8774	8773	8642
8644	8775	8774	8643
8645	8776	8775	8644
8646	8777	8776	8645
8647	8778	8777	8646
8648	8779	8778	8647
8649	8780	8779	8648
8650	8781	8780	8649
8651	8782	8781	8650
8652	8783	8782	8651
8653	8784	8783	8652
8654	8785	8784	8653
8655	8786	8785	8654
8656	8787	8786	8655
8657	8788	8787	8656
8658	8789	8788	8657
8659	8790	8789	8658
8660	8791	8790	8659
8661	8792	8791	8660
8662	8793	8792	8661
8663	8794	8793	8662
8664	8795	8794	8663
8665	8796	8795	8664
8666	8797	8796	8665
8667	8798	8797	8666
8668	8799	8798	8667
8669	8800	8799	8668
8670	8801	8800	8669
8671	8802	8801	8670
8672	8803	8802	8671
8673	8804	8803	8672
8674	8805	8804	8673
8675	8806	8805	8674
8676	8807	8806	8675
8677	8808	8807	8676
8678	8809	8808	8677
8679	8810	8809	8678
8680	8811	8810	8679
8681	8682	8813	8812
8682	8683	8814	8813
8683	8684	8815	8814
8684	8685	8816	8815
8685	8686	8817	8816
8686	8687	8818	8817
8687	8688	8819	8818
8688	8689	8820	8819
8689	8690	8821	8820
8690	8691	8822	8821
8691	8692	8823	8822
8692	8693	8824	8823
8693	8694	8825	8824
8694	8695	8826	8825
8695	8696	8827	8826
8696	8697	8828	8827
8697	8698	8829	8828
8698	8699	8830	8829
8699	8700	8831	8830
8700	8701	8832	8831
8701	8702	8833	8832
8702	8703	8834	8833
8703	8704	8835	8834
8704	8705	8836	8835
8705	8706	8837	8836
8706	8707	8838	8837
8707	8708	8839	8838
8708	8709	8840	8839
8709	8710	8841	8840
8710	8711	8842	8841
8711	8712	8843	8842
8712	8713	8844	8843
8713	8714	8845	8844
8714	8715	8846	8845
8715	8716	8847	8846
8716	8717	8848	8847
8717	8718	8849	8848
8718	8719	8850	8849
8719	8720	8851	8850
8720	8721	8852	8851
8721	8722	8853	8852
8722	8723	8854	8853
8723	8724	8855	8854
8724	8725	8856	8855
8725	8726	8857	8856
8726	8727	8858	8857
8727	8728	8859	8858
8728	8729	8860	8859
8729	8730	8861	8860
8730	8731	8862	8861
8731	8732	8863	8862
8732	8733	8864	8863
8733	8734	8865	8864
8734	8735	8866	8865
8735	8736	8867	8866
8736	8737	8868	8867
8737	8738	8869	8868
8738	8739	8870	8869
8739	8740	8871	8870
8740	8741	8872	8871
8741	8742	8873	8872
8742	8743	8874	8873
8743	8744	8875	8874
8744	8745	8876	8875
8745	8746	8877	8876
8746	8747	8878	8877
8747	8748	8879	8878
8748	8749	8880	8879
8749	8750	8881	8880
8750	8751	8882	8881
8751	8752	8883	8882
8752	8753	8884	8883
8753	8886	8885	8884
8754	8887	8886	8753
8755	8888	8887	8754
8756	8889	8888	8755
8757	8890	8889	8756
8758	8891	8890	8757
8759	8892	8891	8758
8760	8893	8892	8759
8761	8894	8893	8760
8762	8895	8894	8761
8763	8896	8895	8762
8764	8897	8896	8763
8765	8898	8897	8764
8766	8899	8898	8765
8767	8900	8899	8766
8768	8901	8900	8767
8769	8902	8901	8768
8770	8903	8902	8769
8771	8904	8903	8770
8772	8905	8904	8771
8773	8906	8905	8772
8774	8907	8906	8773
8775	8908	8907	8774
8776	8909	8908	8775
8777	8910	8909	8776
8778	8911	8910	8777
8779	8912	8911	8778
8780	8913	8912	8779
8781	8914	8913	8780
8782	8915	8914	8781
8783	8916	8915	8782
8784	8917	8916	8783
8785	8918	8917	8784
8786	8919	8918	8785
8787	8920	8919	8786
8788	8921	8920	8787
8789	8922	8921	8788
8790	8923	8922	8789
8791	8924	8923	8790
8792	8925	8924	8791
8793	8926	8925	8792
8794	8927	8926	8793
8795	8928	8927	8794
8796	8929	8928	8795
8797	8930	8929	8796
8798	8931	8930	8797
8799	8932	8931	8798
8800	8933	8932	8799
8801	8934	8933	8800
8802	8935	8934	8801
8803	8936	8935	8802
8804	8937	8936	8803
8805	8938	8937	8804
8806	8939	8938	8805
8807	8940	8939	8806
8808	8941	8940	8807
8809	8942	8941	8808
8810	8943	8942	8809
8811	8944	8943	8810
8812	8813	8946	8945
8813	8814	8947	8946
8814	8815	8948	8947
8815	8816	8949	8948
8816	8817	8950	8949
8817	8818	8951	8950
8818	8819	8952	8951
8819	8820	8953	8952
8820	8821	8954	8953
8821	8822	8955	8954
8822	8823	8956	8955
8823	8824	8957	8956
8824	8825	8958	8957
8825	8826	8959	8958
8826	8827	8960	8959
8827	8828	8961	8960
8828	8829	8962	8961
8829	8830	8963	8962
8830	8831	8964	8963
8831	8832	8965	8964
8832	8833	8966	8965
8833	8834	8967	8966
8834	8835	8968	8967
8835	8836	8969	8968
8836	8837	8970	8969
8837	8838	8971	8970
8838	8839	8972	8971
8839	8840	8973	8972
8840	8841	8974	8973
8841	8842	8975	8974
8842	8843	8976	8975
8843	8844	8977	8976
8844	8845	8978	8977
8845	8846	8979	8978
8846	8847	8980	8979
8847	8848	8981	8980
8848	8849	8982	8981
8849	8850	8983	8982
8850	8851	8984	8983
8851	8852	8985	8984
8852	8853	8986	8985
8853	8854	8987	8986
8854	8855	8988	8987
8855	8856	8989	8988
8856	8857	8990	8989
8857	8858	8991	8990
8858	8859	8992	8991
8859	8860	8993	8992
8860	8861	8994	8993
8861	8862	8995	8994
8862	8863	8996	8995
8863	8864	8997	8996
8864	8865	8998	8997
8865	8866	8999	8998
8866	8867	9000	8999
8867	8868	9001	9000
8868	8869	9002	9001
8869	8870	9003	9002
8870	8871	9004	9003
8871	8872	9005	9004
8872	8873	9006	9005
8873	8874	9007	9006
8874	8875	9008	9007
8875	8876	9009	9008
8876	8877	9010	9009
8877	8878	9011	9010
8878	8879	9012	9011
8879	8880	9013	9012
8880	8881	9014	9013
8881	8882	9015	9014
8882	8883	9016	9015
8883	8884	9017	9016
8884	8885	9018	9017
8885	9020	9019	9018
8886	9021	9020	8885
8887	9022	9021	8886
8888	9023	9022	8887
8889	9024	9023	8888
8890	9025	9024	8889
8891	9026	9025	8890
8892	9027	9026	8891
8893	9028	9027	8892
8894	9029	9028	8893
8895	9030	9029	8894
8896	9031	9030	8895
8897	9032	9031	8896
8898	9033	9032	8897
8899	9034	9033	8898
8900	9035	9034	8899
8901	9036	9035	8900
8902	9037	9036	8901
8903	9038	9037	8902
8904	9039	9038	8903
8905	9040	9039	8904
8906	9041	9040	8905
8907	9042	9041	8906
8908	9043	9042	8907
8909	9044	9043	8908
8910	9045	9044	8909
8911	9046	9045	8910
8912	9047	9046	8911
8913	9048	9047	8912
8914	9049	9048	8913
8915	9050	9049	8914
8916	9051	9050	8915
8917	9052	9051	8916
8918	9053	9052	8917
8919	9054	9053	8918
8920	9055	9054	8919
8921	9056	9055	8920
8922	9057	9056	8921
8923	9058	9057	8922
8924	9059	9058	8923
8925	9060	9059	8924
8926	9061	9060	8925
8927	9062	9061	8926
8928	9063	9062	8927
8929	9064	9063	8928
8930	9065	9064	8929
8931	9066	9065	8930
8932	9067	9066	8931
8933	9068	9067	8932
8934	9069	9068	8933
8935	9070	9069	8934
8936	9071	9070	8935
8937	9072	9071	8936
8938	9073	9072	8937
8939	9074	9073	8938
8940	9075	9074	8939
8941	9076	9075	8940
8942	9077	9076	8941
8943	9078	9077	8942
8944	9079	9078	8943
8945	8946	9081	9080
8946	8947	9082	9081
8947	8948	9083	9082
8948	8949	9084	9083
8949	8950	9085	9084
8950	8951	9086	9085
8951	8952	9087	9086
8952	8953	9088	9087
8953	8954	9089	9088
8954	8955	9090	9089
8955	8956	9091	9090
8956	8957	9092	9091
8957	8958	9093	9092
8958	8959	9094	9093
8959	8960	9095	9094
8960	8961	9096	9095
8961	8962	9097	9096
8962	8963	9098	9097
8963	8964	9099	9098
8964	8965	9100	9099
8965	8966	9101	9100
8966	8967	9102	9101
8967	8968	9103	9102
8968	8969	9104	9103
8969	8970	9105	9104
8970	8971	9106	9105
8971	8972	9107	9106
8972	8973	9108	9107
8973	8974	9109	9108
8974	8975	9110	9109
8975	8976	9111	9110
8976	8977	9112	9111
8977	8978	9113	9112
8978	8979	9114	9113
8979	8980	9115	9114
8980	8981	9116	9115
8981	8982	9117	9116
8982	8983	9118	9117
8983	8984	9119	9118
8984	8985	9120	9119
8985	8986	9121	9120
8986	8987	9122	9121
8987	8988	9123	9122
8988	8989	9124	9123
8989	8990	9125	9124
8990	8991	9126	9125
8991	8992	9127	9126
8992	8993	9128	9127
8993	8994	9129	9128
8994	8995	9130	9129
8995	8996	9131	9130
8996	8997	9132	9131
8997	8998	9133	9132
8998	8999	9134	9133
8999	9000	9135	9134
9000	9001	9136	9135
9001	9002	9137	9136
9002	9003	9138	9137
9003	9004	9139	9138
9004	9005	9140	9139
9005	9006	9141	9140
9006	9007	9142	9141
9007	9008	9143	9142
9008	9009	9144	9143
9009	9010	9145	9144
9010	9011	9146	9145
9011	9012	9147	9146
9012	9013	9148	9147
9013	9014	9149	9148
9014	9015	9150	9149
9015	9016	9151	9150
9016	9017	9152	9151
9017	9018	9153	9152
9018	9019	9154	9153
9019	9156	9155	9154
9020	9157	9156	9019
9021	9158	9157	9020
9022	9159	9158	9021
9023	9160	9159	9022
9024	9161	9160	9023
9025	9162	9161	9024
9026	9163	9162	9025
9027	9164	9163	9026
9028	9165	9164	9027
9029	9166	9165	9028
9030	9167	9166	9029
9031	9168	9167	9030
9032	9169	9168	9031
9033	9170	9169	9032
9034	9171	9170	9033
9035	9172	9171	9034
9036	9173	9172	9035
9037	9174	9173	9036
9038	9175	9174	9037
9039	9176	9175	9038
9040	9177	9176	9039
9041	9178	9177	9040
9042	9179	9178	9041
9043	9180	9179	9042
9044	9181	9180	9043
9045	9182	9181	9044
9046	9183	9182	9045
9047	9184	9183	9046
9048	9185	9184	9047
9049	9186	9185	9048
9050	9187	9186	9049
9051	9188	9187	9050
9052	9189	9188	9051
9053	9190	9189	9052
9054	9191	9190	9053
9055	9192	9191	9054
9056	9193	9192	9055
9057	9194	9193	9056
9058	9195	9194	9057
9059	9196	9195	9058
9060	9197	9196	9059
9061	9198	9197	9060
9062	9199	9198	9061
9063	9200	9199	9062
9064	9201	9200	9063
9065	9202	9201	9064
9066	9203	9202	9065
9067	9204	9203	9066
9068	9205	9204	9067
9069	9206	9205	9068
9070	9207	9206	9069
9071	9208	9207	9070
9072	9209	9208	9071
9073	9210	9209	9072
9074	9211	9210	9073
9075	9212	9211	9074
9076	9213	9212	9075
9077	9214	9213	9076
9078	9215	9214	9077
9079	9216	9215	9078
9080	9081	9218	9217
9081	9082	9219	9218
9082	9083	9220	9219
9083	9084	9221	9220
9084	9085	9222	9221
9085	9086	9223	9222
9086	9087	9224	9223
9087	9088	9225	9224
9088	9089	9226	9225
9089	9090	9227	9226
9090	9091	9228	9227
9091	9092	9229	9228
9092	9093	9230	9229
9093	9094	9231	9230
9094	9095	9232	9231
9095	9096	9233	9232
9096	9097	9234	9233
9097	9098	9235	9234
9098	9099	9236	9235
9099	9100	9237	9236
9100	9101	9238	9237
9101	9102	9239	9238
9102	9103	9240	9239
9103	9104	9241	9240
9104	9105	9242	9241
9105	9106	9243	9242
9106	9107	9244	9243
9107	9108	9245	9244
9108	9109	9246	9245
9109	9110	9247	9246
9110	9111	9248	9247
9111	9112	9249	9248
9112	9113	9250	9249
9113	9114	9251	9250
9114	9115	9252	9251
9115	9116	9253	9252
9116	9117	9254	9253
9117	9118	9255	9254
9118	9119	9256	9255
9119	9120	9257	9256
9120	9121	9258	9257
9121	9122	9259	9258
9122	9123	9260	9259
9123	9124	9261	9260
9124	9125	9262	9261
9125	9126	9263	9262
9126	9127	9264	9263
9127	9128	9265	9264
9128	9129	9266	9265
9129	9130	9267	9266
9130	9131	9268	9267
9131	9132	9269	9268
9132	9133	9270	9269
9133	9134	9271	9270
9134	9135	9272	9271
9135	9136	9273	9272
9136	9137	9274	9273
9137	9138	9275	9274
9138	9139	9276	9275
9139	9140	9277	9276
9140	9141	9278	9277
9141	9142	9279	9278
9142	9143	9280	9279
9143	9144	9281	9280
9144	9145	9282	9281
9145	9146	9283	9282
9146	9147	9284	9283
9147	9148	9285	9284
9148	9149	9286	9285
9149	9150	9287	9286
9150	9151	9288	9287
9151	9152	9289	9288
9152	9153	9290	9289
9153	9154	9291	9290
9154	9155	9292	9291
9155	9294	9293	9292
9156	9295	9294	9155
9157	9296	9295	9156
9158	9297	9296	9157
9159	9298	9297	9158
9160	9299	9298	9159
9161	9300	9299	9160
9162	9301	9300	9161
9163	9302	9301	9162
9164	9303	9302	9163
9165	9304	9303	9164
9166	9305	9304	9165
9167	9306	9305	9166
9168	9307	9306	9167
9169	9308	9307	9168
9170	9309	9308	9169
9171	9310	9309	9170
9172	9311	9310	9171
9173	9312	9311	9172
9174	9313	9312	9173
9175	9314	9313	9174
9176	9315	9314	9175
9177	9316	9315	9176
9178	9317	9316	9177
9179	9318	9317	9178
9180	9319	9318	9179
9181	9320	9319	9180
9182	9321	9320	9181
9183	9322	9321	9182
9184	9323	9322	9183
9185	9324	9323	9184
9186	9325	9324	9185
9187	9326	9325	9186
9188	9327	9326	9187
9189	9328	9327	9188
9190	9329	9328	9189
9191	9330	9329	9190
9192	9331	9330	9191
9193	9332	9331	9192
9194	9333	9332	9193
9195	9334	9333	9194
9196	9335	9334	9195
9197	9336	9335	9196
9198	9337	9336	9197
9199	9338	9337	9198
9200	9339	9338	9199
9201	9340	9339	9200
9202	9341	9340	9201
9203	9342	9341	9202
9204	9343	9342	9203
9205	9344	9343	9204
9206	9345	9344	9205
9207	9346	9345	9206
9208	9347	9346	9207
9209	9348	9347	9208
9210	9349	9348	9209
9211	9350	9349	9210
9212	9351	9350	9211
9213	9352	9351	9212
9214	9353	9352	9213
9215	9354	9353	9214
9216	9355	9354	9215
9217	9218	9357	9356
9218	9219	9358	9357
9219	9220	9359	9358
9220	9221	9360	9359
9221	9222	9361	9360
9222	9223	9362	9361
9223	9224	9363	9362
9224	9225	9364	9363
9225	9226	9365	9364
9226	9227	9366	9365
9227	9228	9367	9366
9228	9229	9368	9367
9229	9230	9369	9368
9230	9231	9370	9369
9231	9232	9371	9370
9232	9233	9372	9371
9233	9234	9373	9372
9234	9235	9374	9373
9235	9236	9375	9374
9236	9237	9376	9375
9237	9238	9377	9376
9238	9239	9378	9377
9239	9240	9379	9378
9240	9241	9380	9379
9241	9242	9381	9380
9242	9243	9382	9381
9243	9244	9383	9382
9244	9245	9384	9383
9245	9246	9385	9384
9246	9247	9386	9385
9247	9248	9387	9386
9248	9249	9388	9387
9249	9250	9389	9388
9250	9251	9390	9389
9251	9252	9391	9390
9252	9253	9392	9391
9253	9254	9393	9392
9254	9255	9394	9393
9255	9256	9395	9394
9256	9257	9396	9395
9257	9258	9397	9396
9258	9259	9398	9397
9259	9260	9399	9398
9260	9261	9400	9399
9261	9262	9401	9400
9262	9263	9402	9401
9263	9264	9403	9402
9264	9265	9404	9403
9265	9266	9405	9404
9266	9267	9406	9405
9267	9268	9407	9406
9268	9269	9408	9407
9269	9270	9409	9408
9270	9271	9410	9409
9271	9272	9411	9410
9272	9273	9412	9411
9273	9274	9413	9412
9274	9275	9414	9413
9275	9276	9415	9414
9276	9277	9416	9415
9277	9278	9417	9416
9278	9279	9418	9417
9279	9280	9419	9418
9280	9281	9420	9419
9281	9282	9421	9420
9282	9283	9422	9421
9283	9284	9423	9422
9284	9285	9424	9423
9285	9286	9425	9424
9286	9287	9426	9425
9287	9288	9427	9426
9288	9289	9428	9427
9289	9290	9429	9428
9290	9291	9430	9429
9291	9292	9431	9430
9292	9293	9432	9431
9293	9434	9433	9432
9294	9435	9434	9293
9295	9436	9435	9294
9296	9437	9436	9295
9297	9438	9437	9296
9298	9439	9438	9297
9299	9440	9439	9298
9300	9441	9440	9299
9301	9442	9441	9300
9302	9443	9442	9301
9303	9444	9443	9302
9304	9445	9444	9303
9305	9446	9445	9304
9306	9447	9446	9305
9307	9448	9447	9306
9308	9449	9448	9307
9309	9450	9449	9308
9310	9451	9450	9309
9311	9452	9451	9310
9312	9453	9452	9311
9313	9454	9453	9312
9314	9455	9454	9313
9315	9456	9455	9314
9316	9457	9456	9315
9317	9458	9457	9316
9318	9459	9458	9317
9319	9460	9459	9318
9320	9461	9460	9319
9321	9462	9461	9320
9322	9463	9462	9321
9323	9464	9463	9322
9324	9465	9464	9323
9325	9466	9465	9324
9326	9467	9466	9325
9327	9468	9467	9326
9328	9469	9468	9327
9329	9470	9469	9328
9330	9471	9470	9329
9331	9472	9471	9330
9332	9473	9472	9331
9333	9474	9473	9332
9334	9475	9474	9333
9335	9476	9475	9334
9336	9477	9476	9335
9337	9478	9477	9336
9338	9479	9478	9337
9339	9480	9479	9338
9340	9481	9480	9339
9341	9482	9481	9340
9342	9483	9482	9341
9343	9484	9483	9342
9344	9485	9484	9343
9345	9486	9485	9344
9346	9487	9486	9345
9347	9488	9487	9346
9348	9489	9488	9347
9349	9490	9489	9348
9350	9491	9490	9349
9351	9492	9491	9350
9352	9493	9492	9351
9353	9494	9493	9352
9354	9495	9494	9353
9355	9496	9495	9354
9356	9357	9498	9497
9357	9358	9499	9498
9358	9359	9500	9499
9359	9360	9501	9500
9360	9361	9502	9501
9361	9362	9503	9502
9362	9363	9504	9503
9363	9364	9505	9504
9364	9365	9506	9505
9365	9366	9507	9506
9366	9367	9508	9507
9367	9368	9509	9508
9368	9369	9510	9509
9369	9370	9511	9510
9370	9371	9512	9511
9371	9372	9513	9512
9372	9373	9514	9513
9373	9374	9515	9514
9374	9375	9516	9515
9375	9376	9517	9516
9376	9377	9518	9517
9377	9378	9519	9518
9378	9379	9520	9519
9379	9380	9521	9520
9380	9381	9522	9521
9381	9382	9523	9522
9382	9383	9524	9523
9383	9384	9525	9524
9384	9385	9526	9525
9385	9386	9527	9526
9386	9387	9528	9527
9387	9388	9529	9528
9388	9389	9530	9529
9389	9390	9531	9530
9390	9391	9532	9531
9391	9392	9533	9532
9392	9393	9534	9533
9393	9394	9535	9534
9394	9395	9536	9535
9395	9396	9537	9536
9396	9397	9538	9537
9397	9398	9539	9538
9398	9399	9540	9539
9399	9400	9541	9540
9400	9401	9542	9541
9401	9402	9543	9542
9402	9403	9544	9543
9403	9404	9545	9544
9404	9405	9546	9545
9405	9406	9547	9546
9406	9407	9548	9547
9407	9408	9549	9548
9408	9409	9550	9549
9409	9410	9551	9550
9410	9411	9552	9551
9411	9412	9553	9552
9412	9413	9554	9553
9413	9414	9555	9554
9414	9415	9556	9555
9415	9416	9557	9556
9416	9417	9558	9557
9417	9418	9559	9558
9418	9419	9560	9559
9419	9420	9561	9560
9420	9421	9562	9561
9421	9422	9563	9562
9422	9423	9564	9563
9423	9424	9565	9564
9424	9425	9566	9565
9425	9426	9567	9566
9426	9427	9568	9567
9427	9428	9569	9568
9428	9429	9570	9569
9429	9430	9571	9570
9430	9431	9572	9571
9431	9432	9573	9572
9432	9433	9574	9573
9433	9576	9575	9574
9434	9577	9576	9433
9435	9578	9577	9434
9436	9579	9578	9435
9437	9580	9579	9436
9438	9581	9580	9437
9439	9582	9581	9438
9440	9583	9582	9439
9441	9584	9583	9440
9442	9585	9584	9441
9443	9586	9585	9442
9444	9587	9586	9443
9445	9588	9587	9444
9446	9589	9588	9445
9447	9590	9589	9446
9448	9591	9590	9447
9449	9592	9591	9448
9450	9593	9592	9449
9451	9594	9593	9450
9452	9595	9594	9451
9453	9596	9595	9452
9454	9597	9596	9453
9455	9598	9597	9454
9456	9599	9598	9455
9457	9600	9599	9456
9458	9601	9600	9457
9459	9602	9601	9458
9460	9603	9602	9459
9461	9604	9603	9460
9462	9605	9604	9461
9463	9606	9605	9462
9464	9607	9606	9463
9465	9608	9607	9464
9466	9609	9608	9465
9467	9610	9609	9466
9468	9611	9610	9467
9469	9612	9611	9468
9470	9613	9612	9469
9471	9614	9613	9470
9472	9615	9614	9471
9473	9616	9615	9472
9474	9617	9616	9473
9475	9618	9617	9474
9476	9619	9618	9475
9477	9620	9619	9476
9478	9621	9620	9477
9479	9622	9621	9478
9480	9623	9622	9479
9481	9624	9623	9480
9482	9625	9624	9481
9483	9626	9625	9482
9484	9627	9626	9483
9485	9628	9627	9484
9486	9629	9628	9485
9487	9630	9629	9486
9488	9631	9630	9487
9489	9632	9631	9488
9490	9633	9632	9489
9491	9634	9633	9490
9492	9635	9634	9491
9493	9636	9635	9492
9494	9637	9636	9493
9495	9638	9637	9494
9496	9639	9638	9495
9497	9498	9641	9640
9498	9499	9642	9641
9499	9500	9643	9642
9500	9501	9644	9643
9501	9502	9645	9644
9502	9503	9646	9645
9503	9504	9647	9646
9504	9505	9648	9647
9505	9506	9649	9648
9506	9507	9650	9649
9507	9508	9651	9650
9508	9509	9652	9651
9509	9510	9653	9652
9510	9511	9654	9653
9511	9512	9655	9654
9512	9513	9656	9655
9513	9514	9657	9656
9514	9515	9658	9657
9515	9516	9659	9658
9516	9517	9660	9659
9517	9518	9661	9660
9518	9519	9662	9661
9519	9520	9663	9662
9520	9521	9664	9663
9521	9522	9665	9664
9522	9523	9666	9665
9523	9524	9667	9666
9524	9525	9668	9667
9525	9526	9669	9668
9526	9527	9670	9669
9527	9528	9671	9670
9528	9529	9672	9671
9529	9530	9673	9672
9530	9531	9674	9673
9531	9532	9675	9674
9532	9533	9676	9675
9533	9534	9677	9676
9534	9535	9678	9677
9535	9536	9679	9678
9536	9537	9680	9679
9537	9538	9681	9680
9538	9539	9682	9681
9539	9540	9683	9682
9540	9541	9684	9683
9541	9542	9685	9684
9542	9543	9686	9685
9543	9544	9687	9686
9544	9545	9688	9687
9545	9546	9689	9688
9546	9547	9690	9689
9547	9548	9691	9690
9548	9549	9692	9691
9549	9550	9693	9692
9550	9551	9694	9693
9551	9552	9695	9694
9552	9553	9696	9695
9553	9554	9697	9696
9554	9555	9698	9697
9555	9556	9699	9698
9556	9557	9700	9699
9557	9558	9701	9700
9558	9559	9702	9701
9559	9560	9703	9702
9560	9561	9704	9703
9561	9562	9705	9704
9562	9563	9706	9705
9563	9564	9707	9706
9564	9565	9708	9707
9565	9566	9709	9708
9566	9567	9710	9709
9567	9568	9711	9710
9568	9569	9712	9711
9569	9570	9713	9712
9570	9571	9714	9713
9571	9572	9715	9714
9572	9573	9716	9715
9573	9574	9717	9716
9574	9575	9718	9717
9575	9720	9719	9718
9576	9721	9720	9575
9577	9722	9721	9576
9578	9723	9722	9577
9579	9724	9723	9578
9580	9725	9724	9579
9581	9726	9725	9580
9582	9727	9726	9581
9583	9728	9727	9582
9584	9729	9728	9583
9585	9730	9729	9584
9586	9731	9730	9585
9587	9732	9731	9586
9588	9733	9732	9587
9589	9734	9733	9588
9590	9735	9734	9589
9591	9736	9735	9590
9592	9737	9736	9591
9593	9738	9737	9592
9594	9739	9738	9593
9595	9740	9739	9594
9596	9741	9740	9595
9597	9742	9741	9596
9598	9743	9742	9597
9599	9744	9743	9598
9600	9745	9744	9599
9601	9746	9745	9600
9602	9747	9746	9601
9603	9748	9747	9602
9604	9749	9748	9603
9605	9750	9749	9604
9606	9751	9750	9605
9607	9752	9751	9606
9608	9753	9752	9607
9609	9754	9753	9608
9610	9755	9754	9609
9611	9756	9755	9610
9612	9757	9756	9611
9613	9758	9757	9612
9614	9759	9758	9613
9615	9760	9759	9614
9616	9761	9760	9615
9617	9762	9761	9616
9618	9763	9762	9617
9619	9764	9763	9618
9620	9765	9764	9619
9621	9766	9765	9620
9622	9767	9766	9621
9623	9768	9767	9622
9624	9769	9768	9623
9625	9770	9769	9624
9626	9771	9770	9625
9627	9772	9771	9626
9628	9773	9772	9627
9629	9774	9773	9628
9630	9775	9774	9629
9631	9776	9775	9630
9632	9777	9776	9631
9633	9778	9777	9632
9634	9779	9778	9633
9635	9780	9779	9634
9636	9781	9780	9635
9637	9782	9781	9636
9638	9783	9782	9637
9639	9784	9783	9638
9640	9641	9786	9785
9641	9642	9787	9786
9642	9643	9788	9787
9643	9644	9789	9788
9644	9645	9790	9789
9645	9646	9791	9790
9646	9647	9792	9791
9647	9648	9793	9792
9648	9649	9794	9793
9649	9650	9795	9794
9650	9651	9796	9795
9651	9652	9797	9796
9652	9653	9798	9797
9653	9654	9799	9798
9654	9655	9800	9799
9655	9656	9801	9800
9656	9657	9802	9801
9657	9658	9803	9802
9658	9659	9804	9803
9659	9660	9805	9804
9660	9661	9806	9805
9661	9662	9807	9806
9662	9663	9808	9807
9663	9664	9809	9808
9664	9665	9810	9809
9665	9666	9811	9810
9666	9667	9812	9811
9667	9668	9813	9812
9668	9669	9814	9813
9669	9670	9815	9814
9670	9671	9816	9815
9671	9672	9817	9816
9672	9673	9818	9817
9673	9674	9819	9818
9674	9675	9820	9819
9675	9676	9821	9820
9676	9677	9822	9821
9677	9678	9823	9822
9678	9679	9824	9823
9679	9680	9825	9824
9680	9681	9826	9825
9681	9682	9827	9826
9682	9683	9828	9827
9683	9684	9829	9828
9684	9685	9830	9829
9685	9686	9831	9830
9686	9687	9832	9831
9687	9688	9833	9832
9688	9689	9834	9833
9689	9690	9835	9834
9690	9691	9836	9835
9691	9692	9837	9836
9692	9693	9838	9837
9693	9694	9839	9838
9694	9695	9840	9839
9695	9696	9841	9840
9696	9697	9842	9841
9697	9698	9843	9842
9698	9699	9844	9843
9699	9700	9845	9844
9700	9701	9846	9845
9701	9702	9847	9846
9702	9703	9848	9847
9703	9704	9849	9848
9704	9705	9850	9849
9705	9706	9851	9850
9706	9707	9852	9851
9707	9708	9853	9852
9708	9709	9854	9853
9709	9710	9855	9854
9710	9711	9856	9855
9711	9712	9857	9856
9712	9713	9858	9857
9713	9714	9859	9858
9714	9715	9860	9859
9715	9716	9861	9860
9716	9717	9862	9861
9717	9718	9863	9862
9718	9719	9864	9863
9719	9866	9865	9864
9720	9867	9866	9719
9721	9868	9867	9720
9722	9869	9868	9721
9723	9870	9869	9722
9724	9871	9870	9723
9725	9872	9871	9724
9726	9873	9872	9725
9727	9874	9873	9726
9728	9875	9874	9727
9729	9876	9875	9728
9730	9877	9876	9729
9731	9878	9877	9730
9732	9879	9878	9731
9733	9880	9879	9732
9734	9881	9880	9733
9735	9882	9881	9734
9736	9883	9882	9735
9737	9884	9883	9736
9738	9885	9884	9737
9739	9886	9885	9738
9740	9887	9886	9739
9741	9888	9887	9740
9742	9889	9888	9741
9743	9890	9889	9742
9744	9891	9890	9743
9745	9892	9891	9744
9746	9893	9892	9745
9747	9894	9893	9746
9748	9895	9894	9747
9749	9896	9895	9748
9750	9897	9896	9749
9751	9898	9897	9750
9752	9899	9898	9751
9753	9900	9899	9752
9754	9901	9900	9753
9755	9902	9901	9754
9756	9903	9902	9755
9757	9904	9903	9756
9758	9905	9904	9757
9759	9906	9905	9758
9760	9907	9906	9759
9761	9908	9907	9760
9762	9909	9908	9761
9763	9910	9909	9762
9764	9911	9910	9763
9765	9912	9911	9764
9766	9913	9912	9765
9767	9914	9913	9766
9768	9915	9914	9767
9769	9916	9915	9768
9770	9917	9916	9769
9771	9918	9917	9770
9772	9919	9918	9771
9773	9920	9919	9772
9774	9921	9920	9773
9775	9922	9921	9774
9776	9923	9922	9775
9777	9924	9923	9776
9778	9925	9924	9777
9779	9926	9925	9778
9780	9927	9926	9779
9781	9928	9927	9780
9782	9929	9928	9781
9783	9930	9929	9782
9784	9931	9930	9783
9785	9786	9933	9932
9786	9787	9934	9933
9787	9788	9935	9934
9788	9789	9936	9935
9789	9790	9937	9936
9790	9791	9938	9937
9791	9792	9939	9938
9792	9793	9940	9939
9793	9794	9941	9940
9794	9795	9942	9941
9795	9796	9943	9942
9796	9797	9944	9943
9797	9798	9945	9944
9798	9799	9946	9945
9799	9800	9947	9946
9800	9801	9948	9947
9801	9802	9949	9948
9802	9803	9950	9949
9803	9804	9951	9950
9804	9805	9952	9951
9805	9806	9953	9952
9806	9807	9954	9953
9807	9808	9955	9954
9808	9809	9956	9955
9809	9810	9957	9956
9810	9811	9958	9957
9811	9812	9959	9958
9812	9813	9960	9959
9813	9814	9961	9960
9814	9815	9962	9961
9815	9816	9963	9962
9816	9817	9964	9963
9817	9818	9965	9964
9818	9819	9966	9965
9819	9820	9967	9966
9820	9821	9968	9967
9821	9822	9969	9968
9822	9823	9970	9969
9823	9824	9971	9970
9824	9825	9972	9971
9825	9826	9973	9972
9826	9827	9974	9973
9827	9828	9975	9974
9828	9829	9976	9975
9829	9830	9977	9976
9830	9831	9978	9977
9831	9832	9979	9978
9832	9833	9980	9979
9833	9834	9981	9980
9834	9835	9982	9981
9835	9836	9983	9982
9836	9837	9984	9983
9837	9838	9985	9984
9838	9839	9986	9985
9839	9840	9987	9986
9840	9841	9988	9987
9841	9842	9989	9988
9842	9843	9990	9989
9843	9844	9991	9990
9844	9845	9992	9991
9845	9846	9993	9992
9846	9847	9994	9993
9847	9848	9995	9994
9848	9849	9996	9995
9849	9850	9997	9996
9850	9851	9998	9997
9851	9852	9999	9998
9852	9853	10000	9999
9853	9854	10001	10000
9854	9855	10002	10001
9855	9856	10003	10002
9856	9857	10004	10003
9857	9858	10005	10004
9858	9859	10006	10005
9859	9860	10007	10006
9860	9861	10008	10007
9861	9862	10009	10008
9862	9863	10010	10009
9863	9864	10011	10010
9864	9865	10012	10011
9865	10014	10013	10012
9866	10015	10014	9865
9867	10016	10015	9866
9868	10017	10016	9867
9869	10018	10017	9868
9870	10019	10018	9869
9871	10020	10019	9870
9872	10021	10020	9871
9873	10022	10021	9872
9874	10023	10022	9873
9875	10024	10023	9874
9876	10025	10024	9875
9877	10026	10025	9876
9878	10027	10026	9877
9879	10028	10027	9878
9880	10029	10028	9879
9881	10030	10029	9880
9882	10031	10030	9881
9883	10032	10031	9882
9884	10033	10032	9883
9885	10034	10033	9884
9886	10035	10034	9885
9887	10036	10035	9886
9888	10037	10036	9887
9889	10038	10037	9888
9890	10039	10038	9889
9891	10040	10039	9890
9892	10041	10040	9891
9893	10042	10041	9892
9894	10043	10042	9893
9895	10044	10043	9894
9896	10045	10044	9895
9897	10046	10045	9896
9898	10047	10046	9897
9899	10048	10047	9898
9900	10049	10048	9899
9901	10050	10049	9900
9902	10051	10050	9901
9903	10052	10051	9902
9904	10053	10052	9903
9905	10054	10053	9904
9906	10055	10054	9905
9907	10056	10055	9906
9908	10057	10056	9907
9909	10058	10057	9908
9910	10059	10058	9909
9911	10060	10059	9910
9912	10061	10060	9911
9913	10062	10061	9912
9914	10063	10062	9913
9915	10064	10063	9914
9916	10065	10064	9915
9917	10066	10065	9916
9918	10067	10066	9917
9919	10068	10067	9918
9920	10069	10068	9919
9921	10070	10069	9920
9922	10071	10070	9921
9923	10072	10071	9922
9924	10073	10072	9923
9925	10074	10073	9924
9926	10075	10074	9925
9927	10076	10075	9926
9928	10077	10076	9927
9929	10078	10077	9928
9930	10079	10078	9929
9931	10080	10079	9930
9932	9933	10082	10081
9933	9934	10083	10082
9934	9935	10084	10083
9935	9936	10085	10084
9936	9937	10086	10085
9937	9938	10087	10086
9938	9939	10088	10087
9939	9940	10089	10088
9940	9941	10090	10089
9941	9942	10091	10090
9942	9943	10092	10091
9943	9944	10093	10092
9944	9945	10094	10093
9945	9946	10095	10094
9946	9947	10096	10095
9947	9948	10097	10096
9948	9949	10098	10097
9949	9950	10099	10098
9950	9951	10100	10099
9951	9952	10101	10100
9952	9953	10102	10101
9953	9954	10103	10102
9954	9955	10104	10103
9955	9956	10105	10104
9956	9957	10106	10105
9957	9958	10107	10106
9958	9959	10108	10107
9959	9960	10109	10108
9960	9961	10110	10109
9961	9962	10111	10110
9962	9963	10112	10111
9963	9964	10113	10112
9964	9965	10114	10113
9965	9966	10115	10114
9966	9967	10116	10115
9967	9968	10117	10116
9968	9969	10118	10117
9969	9970	10119	10118
9970	9971	10120	10119
9971	9972	10121	10120
9972	9973	10122	10121
9973	9974	10123	10122
9974	9975	10124	10123
9975	9976	10125	10124
9976	9977	10126	10125
9977	9978	10127	10126
9978	9979	10128	10127
9979	9980	10129	10128
9980	9981	10130	10129
9981	9982	10131	10130
9982	9983	10132	10131
9983	9984	10133	10132
9984	9985	10134	10133
9985	9986	10135	10134
9986	9987	10136	10135
9987	9988	10137	10136
9988	9989	10138	10137
9989	9990	10139	10138
9990	9991	10140	10139
9991	9992	10141	10140
9992	9993	10142	10141
9993	9994	10143	10142
9994	9995	10144	10143
9995	9996	10145	10144
9996	9997	10146	10145
9997	9998	10147	10146
9998	9999	10148	10147
9999	10000	10149	10148
10000	10001	10150	10149
10001	10002	10151	10150
10002	10003	10152	10151
10003	10004	10153	10152
10004	10005	10154	10153
10005	10006	10155	10154
10006	10007	10156	10155
10007	10008	10157	10156
10008	10009	10158	10157
10009	10010	10159	10158
10010	10011	10160	10159
10011	10012	10161	10160
10012	10013	10162	10161
10013	10164	10163	10162
10014	10165	10164	10013
10015	10166	10165	10014
10016	10167	10166	10015
10017	10168	10167	10016
10018	10169	10168	10017
10019	10170	10169	10018
10020	10171	10170	10019
10021	10172	10171	10020
10022	10173	10172	10021
10023	10174	10173	10022
10024	10175	10174	10023
10025	10176	10175	10024
10026	10177	10176	10025
10027	10178	10177	10026
10028	10179	10178	10027
10029	10180	10179	10028
10030	10181	10180	10029
10031	10182	10181	10030
10032	10183	10182	10031
10033	10184	10183	10032
10034	10185	10184	10033
10035	10186	10185	10034
10036	10187	10186	10035
10037	10188	10187	10036
10038	10189	10188	10037
10039	10190	10189	10038
10040	10191	10190	10039
10041	10192	10191	10040
10042	10193	10192	10041
10043	10194	10193	10042
10044	10195	10194	10043
10045	10196	10195	10044
10046	10197	10196	10045
10047	10198	10197	10046
10048	10199	10198	10047
10049	10200	10199	10048
10050	10201	10200	10049
10051	10202	10201	10050
10052	10203	10202	10051
10053	10204	10203	10052
10054	10205	10204	10053
10055	10206	10205	10054
10056	10207	10206	10055
10057	10208	10207	10056
10058	10209	10208	10057
10059	10210	10209	10058
10060	10211	10210	10059
10061	10212	10211	10060
10062	10213	10212	10061
10063	10214	10213	10062
10064	10215	10214	10063
10065	10216	10215	10064
10066	10217	10216	10065
10067	10218	10217	10066
10068	10219	10218	10067
10069	10220	10219	10068
10070	10221	10220	10069
10071	10222	10221	10070
10072	10223	10222	10071
10073	10224	10223	10072
10074	10225	10224	10073
10075	10226	10225	10074
10076	10227	10226	10075
10077	10228	10227	10076
10078	10229	10228	10077
10079	10230	10229	10078
10080	10231	10230	10079
10081	10082	10233	10232
10082	10083	10234	10233
10083	10084	10235	10234
10084	10085	10236	10235
10085	10086	10237	10236
10086	10087	10238	10237
10087	10088	10239	10238
10088	10089	10240	10239
10089	10090	10241	10240
10090	10091	10242	10241
10091	10092	10243	10242
10092	10093	10244	10243
10093	10094	10245	10244
10094	10095	10246	10245
10095	10096	10247	10246
10096	10097	10248	10247
10097	10098	10249	10248
10098	10099	10250	10249
10099	10100	10251	10250
10100	10101	10252	10251
10101	10102	10253	10252
10102	10103	10254	10253
10103	10104	10255	10254
10104	10105	10256	10255
10105	10106	10257	10256
10106	10107	10258	10257
10107	10108	10259	10258
10108	10109	10260	10259
10109	10110	10261	10260
10110	10111	10262	10261
10111	10112	10263	10262
10112	10113	10264	10263
10113	10114	10265	10264
10114	10115	10266	10265
10115	10116	10267	10266
10116	10117	10268	10267
10117	10118	10269	10268
10118	10119	10270	10269
10119	10120	10271	10270
10120	10121	10272	10271
10121	10122	10273	10272
10122	10123	10274	10273
10123	10124	10275	10274
10124	10125	10276	10275
10125	10126	10277	10276
10126	10127	10278	10277
10127	10128	10279	10278
10128	10129	10280	10279
10129	10130	10281	10280
10130	10131	10282	10281
10131	10132	10283	10282
10132	10133	10284	10283
10133	10134	10285	10284
10134	10135	10286	10285
10135	10136	10287	10286
10136	10137	10288	10287
10137	10138	10289	10288
10138	10139	10290	10289
10139	10140	10291	10290
10140	10141	10292	10291
10141	10142	10293	10292
10142	10143	10294	10293
10143	10144	10295	10294
10144	10145	10296	10295
10145	10146	10297	10296
10146	10147	10298	10297
10147	10148	10299	10298
10148	10149	10300	10299
10149	10150	10301	10300
10150	10151	10302	10301
10151	10152	10303	10302
10152	10153	10304	10303
10153	10154	10305	10304
10154	10155	10306	10305
10155	10156	10307	10306
10156	10157	10308	10307
10157	10158	10309	10308
10158	10159	10310	10309
10159	10160	10311	10310
10160	10161	10312	10311
10161	10162	10313	10312
10162	10163	10314	10313
10163	10316	10315	10314
10164	10317	10316	10163
10165	10318	10317	10164
10166	10319	10318	10165
10167	10320	10319	10166
10168	10321	10320	10167
10169	10322	10321	10168
10170	10323	10322	10169
10171	10324	10323	10170
10172	10325	10324	10171
10173	10326	10325	10172
10174	10327	10326	10173
10175	10328	10327	10174
10176	10329	10328	10175
10177	10330	10329	10176
10178	10331	10330	10177
10179	10332	10331	10178
10180	10333	10332	10179
10181	10334	10333	10180
10182	10335	10334	10181
10183	10336	10335	10182
10184	10337	10336	10183
10185	10338	10337	10184
10186	10339	10338	10185
10187	10340	10339	10186
10188	10341	10340	10187
10189	10342	10341	10188
10190	10343	10342	10189
10191	10344	10343	10190
10192	10345	10344	10191
10193	10346	10345	10192
10194	10347	10346	10193
10195	10348	10347	10194
10196	10349	10348	10195
10197	10350	10349	10196
10198	10351	10350	10197
10199	10352	10351	10198
10200	10353	10352	10199
10201	10354	10353	10200
10202	10355	10354	10201
10203	10356	10355	10202
10204	10357	10356	10203
10205	10358	10357	10204
10206	10359	10358	10205
10207	10360	10359	10206
10208	10361	10360	10207
10209	10362	10361	10208
10210	10363	10362	10209
10211	10364	10363	10210
10212	10365	10364	10211
10213	10366	10365	10212
10214	10367	10366	10213
10215	10368	10367	10214
10216	10369	10368	10215
10217	10370	10369	10216
10218	10371	10370	10217
10219	10372	10371	10218
10220	10373	10372	10219
10221	10374	10373	10220
10222	10375	10374	10221
10223	10376	10375	10222
10224	10377	10376	10223
10225	10378	10377	10224
10226	10379	10378	10225
10227	10380	10379	10226
10228	10381	10380	10227
10229	10382	10381	10228
10230	10383	10382	10229
10231	10384	10383	10230
10232	10233	10386	10385
10233	10234	10387	10386
10234	10235	10388	10387
10235	10236	10389	10388
10236	10237	10390	10389
10237	10238	10391	10390
10238	10239	10392	10391
10239	10240	10393	10392
10240	10241	10394	10393
10241	10242	10395	10394
10242	10243	10396	10395
10243	10244	10397	10396
10244	10245	10398	10397
10245	10246	10399	10398
10246	10247	10400	10399
10247	10248	10401	10400
10248	10249	10402	10401
10249	10250	10403	10402
10250	10251	10404	10403
10251	10252	10405	10404
10252	10253	10406	10405
10253	10254	10407	10406
10254	10255	10408	10407
10255	10256	10409	10408
10256	10257	10410	10409
10257	10258	10411	10410
10258	10259	10412	10411
10259	10260	10413	10412
10260	10261	10414	10413
10261	10262	10415	10414
10262	10263	10416	10415
10263	10264	10417	10416
10264	10265	10418	10417
10265	10266	10419	10418
10266	10267	10420	10419
10267	10268	10421	10420
10268	10269	10422	10421
10269	10270	10423	10422
10270	10271	10424	10423
10271	10272	10425	10424
10272	10273	10426	10425
10273	10274	10427	10426
10274	10275	10428	10427
10275	10276	10429	10428
10276	10277	10430	10429
10277	10278	10431	10430
10278	10279	10432	10431
10279	10280	10433	10432
10280	10281	10434	10433
10281	10282	10435	10434
10282	10283	10436	10435
10283	10284	10437	10436
10284	10285	10438	10437
10285	10286	10439	10438
10286	10287	10440	10439
10287	10288	10441	10440
10288	10289	10442	10441
10289	10290	10443	10442
10290	10291	10444	10443
10291	10292	10445	10444
10292	10293	10446	10445
10293	10294	10447	10446
10294	10295	10448	10447
10295	10296	10449	10448
10296	10297	10450	10449
10297	10298	10451	10450
10298	10299	10452	10451
10299	10300	10453	10452
10300	10301	10454	10453
10301	10302	10455	10454
10302	10303	10456	10455
10303	10304	10457	10456
10304	10305	10458	10457
10305	10306	10459	10458
10306	10307	10460	10459
10307	10308	10461	10460
10308	10309	10462	10461
10309	10310	10463	10462
10310	10311	10464	10463
10311	10312	10465	10464
10312	10313	10466	10465
10313	10314	10467	10466
10314	10315	10468	10467
10315	10470	10469	10468
10316	10471	10470	10315
10317	10472	10471	10316
10318	10473	10472	10317
10319	10474	10473	10318
10320	10475	10474	10319
10321	10476	10475	10320
10322	10477	10476	10321
10323	10478	10477	10322
10324	10479	10478	10323
10325	10480	10479	10324
10326	10481	10480	10325
10327	10482	10481	10326
10328	10483	10482	10327
10329	10484	10483	10328
10330	10485	10484	10329
10331	10486	10485	10330
10332	10487	10486	10331
10333	10488	10487	10332
10334	10489	10488	10333
10335	10490	10489	10334
10336	10491	10490	10335
10337	10492	10491	10336
10338	10493	10492	10337
10339	10494	10493	10338
10340	10495	10494	10339
10341	10496	10495	10340
10342	10497	10496	10341
10343	10498	10497	10342
10344	10499	10498	10343
10345	10500	10499	10344
10346	10501	10500	10345
10347	10502	10501	10346
10348	10503	10502	10347
10349	10504	10503	10348
10350	10505	10504	10349
10351	10506	10505	10350
10352	10507	10506	10351
10353	10508	10507	10352
10354	10509	10508	10353
10355	10510	10509	10354
10356	10511	10510	10355
10357	10512	10511	10356
10358	10513	10512	10357
10359	10514	10513	10358
10360	10515	10514	10359
10361	10516	10515	10360
10362	10517	10516	10361
10363	10518	10517	10362
10364	10519	10518	10363
10365	10520	10519	10364
10366	10521	10520	10365
10367	10522	10521	10366
10368	10523	10522	10367
10369	10524	10523	10368
10370	10525	10524	10369
10371	10526	10525	10370
10372	10527	10526	10371
10373	10528	10527	10372
10374	10529	10528	10373
10375	10530	10529	10374
10376	10531	10530	10375
10377	10532	10531	10376
10378	10533	10532	10377
10379	10534	10533	10378
10380	10535	10534	10379
10381	10536	10535	10380
10382	10537	10536	10381
10383	10538	10537	10382
10384	10539	10538	10383
10385	10386	10541	10540
10386	10387	10542	10541
10387	10388	10543	10542
10388	10389	10544	10543
10389	10390	10545	10544
10390	10391	10546	10545
10391	10392	10547	10546
10392	10393	10548	10547
10393	10394	10549	10548
10394	10395	10550	10549
10395	10396	10551	10550
10396	10397	10552	10551
10397	10398	10553	10552
10398	10399	10554	10553
10399	10400	10555	10554
10400	10401	10556	10555
10401	10402	10557	10556
10402	10403	10558	10557
10403	10404	10559	10558
10404	10405	10560	10559
10405	10406	10561	10560
10406	10407	10562	10561
10407	10408	10563	10562
10408	10409	10564	10563
10409	10410	10565	10564
10410	10411	10566	10565
10411	10412	10567	10566
10412	10413	10568	10567
10413	10414	10569	10568
10414	10415	10570	10569
10415	10416	10571	10570
10416	10417	10572	10571
10417	10418	10573	10572
10418	10419	10574	10573
10419	10420	10575	10574
10420	10421	10576	10575
10421	10422	10577	10576
10422	10423	10578	10577
10423	10424	10579	10578
10424	10425	10580	10579
10425	10426	10581	10580
10426	10427	10582	10581
10427	10428	10583	10582
10428	10429	10584	10583
10429	10430	10585	10584
10430	10431	10586	10585
10431	10432	10587	10586
10432	10433	10588	10587
10433	10434	10589	10588
10434	10435	10590	10589
10435	10436	10591	10590
10436	10437	10592	10591
10437	10438	10593	10592
10438	10439	10594	10593
10439	10440	10595	10594
10440	10441	10596	10595
10441	10442	10597	10596
10442	10443	10598	10597
10443	10444	10599	10598
10444	10445	10600	10599
10445	10446	10601	10600
10446	10447	10602	10601
10447	10448	10603	10602
10448	10449	10604	10603
10449	10450	10605	10604
10450	10451	10606	10605
10451	10452	10607	10606
10452	10453	10608	10607
10453	10454	10609	10608
10454	10455	10610	10609
10455	10456	10611	10610
10456	10457	10612	10611
10457	10458	10613	10612
10458	10459	10614	10613
10459	10460	10615	10614
10460	10461	10616	10615
10461	10462	10617	10616
10462	10463	10618	10617
10463	10464	10619	10618
10464	10465	10620	10619
10465	10466	10621	10620
10466	10467	10622	10621
10467	10468	10623	10622
10468	10469	10624	10623
10469	10626	10625	10624
10470	10627	10626	10469
10471	10628	10627	10470
10472	10629	10628	10471
10473	10630	10629	10472
10474	10631	10630	10473
10475	10632	10631	10474
10476	10633	10632	10475
10477	10634	10633	10476
10478	10635	10634	10477
10479	10636	10635	10478
10480	10637	10636	10479
10481	10638	10637	10480
10482	10639	10638	10481
10483	10640	10639	10482
10484	10641	10640	10483
10485	10642	10641	10484
10486	10643	10642	10485
10487	10644	10643	10486
10488	10645	10644	10487
10489	10646	10645	10488
10490	10647	10646	10489
10491	10648	10647	10490
10492	10649	10648	10491
10493	10650	10649	10492
10494	10651	10650	10493
10495	10652	10651	10494
10496	10653	10652	10495
10497	10654	10653	10496
10498	10655	10654	10497
10499	10656	10655	10498
10500	10657	10656	10499
10501	10658	10657	10500
10502	10659	10658	10501
10503	10660	10659	10502
10504	10661	10660	10503
10505	10662	10661	10504
10506	10663	10662	10505
10507	10664	10663	10506
10508	10665	10664	10507
10509	10666	10665	10508
10510	10667	10666	10509
10511	10668	10667	10510
10512	10669	10668	10511
10513	10670	10669	10512
10514	10671	10670	10513
10515	10672	10671	10514
10516	10673	10672	10515
10517	10674	10673	10516
10518	10675	10674	10517
10519	10676	10675	10518
10520	10677	10676	10519
10521	10678	10677	10520
10522	10679	10678	10521
10523	10680	10679	10522
10524	10681	10680	10523
10525	10682	10681	10524
10526	10683	10682	10525
10527	10684	10683	10526
10528	10685	10684	10527
10529	10686	10685	10528
10530	10687	10686	10529
10531	10688	10687	10530
10532	10689	10688	10531
10533	10690	10689	10532
10534	10691	10690	10533
10535	10692	10691	10534
10536	10693	10692	10535
10537	10694	10693	10536
10538	10695	10694	10537
10539	10696	10695	10538
10540	10541	10698	10697
10541	10542	10699	10698
10542	10543	10700	10699
10543	10544	10701	10700
10544	10545	10702	10701
10545	10546	10703	10702
10546	10547	10704	10703
10547	10548	10705	10704
10548	10549	10706	10705
10549	10550	10707	10706
10550	10551	10708	10707
10551	10552	10709	10708
10552	10553	10710	10709
10553	10554	10711	10710
10554	10555	10712	10711
10555	10556	10713	10712
10556	10557	10714	10713
10557	10558	10715	10714
10558	10559	10716	10715
10559	10560	10717	10716
10560	10561	10718	10717
10561	10562	10719	10718
10562	10563	10720	10719
10563	10564	10721	10720
10564	10565	10722	10721
10565	10566	10723	10722
10566	10567	10724	10723
10567	10568	10725	10724
10568	10569	10726	10725
10569	10570	10727	10726
10570	10571	10728	10727
10571	10572	10729	10728
10572	10573	10730	10729
10573	10574	10731	10730
10574	10575	10732	10731
10575	10576	10733	10732
10576	10577	10734	10733
10577	10578	10735	10734
10578	10579	10736	10735
10579	10580	10737	10736
10580	10581	10738	10737
10581	10582	10739	10738
10582	10583	10740	10739
10583	10584	10741	10740
10584	10585	10742	10741
10585	10586	10743	10742
10586	10587	10744	10743
10587	10588	10745	10744
10588	10589	10746	10745
10589	10590	10747	10746
10590	10591	10748	10747
10591	10592	10749	10748
10592	10593	10750	10749
10593	10594	10751	10750
10594	10595	10752	10751
10595	10596	10753	10752
10596	10597	10754	10753
10597	10598	10755	10754
10598	10599	10756	10755
10599	10600	10757	10756
10600	10601	10758	10757
10601	10602	10759	10758
10602	10603	10760	10759
10603	10604	10761	10760
10604	10605	10762	10761
10605	10606	10763	10762
10606	10607	10764	10763
10607	10608	10765	10764
10608	10609	10766	10765
10609	10610	10767	10766
10610	10611	10768	10767
10611	10612	10769	10768
10612	10613	10770	10769
10613	10614	10771	10770
10614	10615	10772	10771
10615	10616	10773	10772
10616	10617	10774	10773
10617	10618	10775	10774
10618	10619	10776	10775
10619	10620	10777	10776
10620	10621	10778	10777
10621	10622	10779	10778
10622	10623	10780	10779
10623	10624	10781	10780
10624	10625	10782	10781
10625	10784	10783	10782
10626	10785	10784	10625
10627	10786	10785	10626
10628	10787	10786	10627
10629	10788	10787	10628
10630	10789	10788	10629
10631	10790	10789	10630
10632	10791	10790	10631
10633	10792	10791	10632
10634	10793	10792	10633
10635	10794	10793	10634
10636	10795	10794	10635
10637	10796	10795	10636
10638	10797	10796	10637
10639	10798	10797	10638
10640	10799	10798	10639
10641	10800	10799	10640
10642	10801	10800	10641
10643	10802	10801	10642
10644	10803	10802	10643
10645	10804	10803	10644
10646	10805	10804	10645
10647	10806	10805	10646
10648	10807	10806	10647
10649	10808	10807	10648
10650	10809	10808	10649
10651	10810	10809	10650
10652	10811	10810	10651
10653	10812	10811	10652
10654	10813	10812	10653
10655	10814	10813	10654
10656	10815	10814	10655
10657	10816	10815	10656
10658	10817	10816	10657
10659	10818	10817	10658
10660	10819	10818	10659
10661	10820	10819	10660
10662	10821	10820	10661
10663	10822	10821	10662
10664	10823	10822	10663
10665	10824	10823	10664
10666	10825	10824	10665
10667	10826	10825	10666
10668	10827	10826	10667
10669	10828	10827	10668
10670	10829	10828	10669
10671	10830	10829	10670
10672	10831	10830	10671
10673	10832	10831	10672
10674	10833	10832	10673
10675	10834	10833	10674
10676	10835	10834	10675
10677	10836	10835	10676
10678	10837	10836	10677
10679	10838	10837	10678
10680	10839	10838	10679
10681	10840	10839	10680
10682	10841	10840	10681
10683	10842	10841	10682
10684	10843	10842	10683
10685	10844	10843	10684
10686	10845	10844	10685
10687	10846	10845	10686
10688	10847	10846	10687
10689	10848	10847	10688
10690	10849	10848	10689
10691	10850	10849	10690
10692	10851	10850	10691
10693	10852	10851	10692
10694	10853	10852	10693
10695	10854	10853	10694
10696	10855	10854	10695
10697	10698	10857	10856
10698	10699	10858	10857
10699	10700	10859	10858
10700	10701	10860	10859
10701	10702	10861	10860
10702	10703	10862	10861
10703	10704	10863	10862
10704	10705	10864	10863
10705	10706	10865	10864
10706	10707	10866	10865
10707	10708	10867	10866
10708	10709	10868	10867
10709	10710	10869	10868
10710	10711	10870	10869
10711	10712	10871	10870
10712	10713	10872	10871
10713	10714	10873	10872
10714	10715	10874	10873
10715	10716	10875	10874
10716	10717	10876	10875
10717	10718	10877	10876
10718	10719	10878	10877
10719	10720	10879	10878
10720	10721	10880	10879
10721	10722	10881	10880
10722	10723	10882	10881
10723	10724	10883	10882
10724	10725	10884	10883
10725	10726	10885	10884
10726	10727	10886	10885
10727	10728	10887	10886
10728	10729	10888	10887
10729	10730	10889	10888
10730	10731	10890	10889
10731	10732	10891	10890
10732	10733	10892	10891
10733	10734	10893	10892
10734	10735	10894	10893
10735	10736	10895	10894
10736	10737	10896	10895
10737	10738	10897	10896
10738	10739	10898	10897
10739	10740	10899	10898
10740	10741	10900	10899
10741	10742	10901	10900
10742	10743	10902	10901
10743	10744	10903	10902
10744	10745	10904	10903
10745	10746	10905	10904
10746	10747	10906	10905
10747	10748	10907	10906
10748	10749	10908	10907
10749	10750	10909	10908
10750	10751	10910	10909
10751	10752	10911	10910
10752	10753	10912	10911
10753	10754	10913	10912
10754	10755	10914	10913
10755	10756	10915	10914
10756	10757	10916	10915
10757	10758	10917	10916
10758	10759	10918	10917
10759	10760	10919	10918
10760	10761	10920	10919
10761	10762	10921	10920
10762	10763	10922	10921
10763	10764	10923	10922
10764	10765	10924	10923
10765	10766	10925	10924
10766	10767	10926	10925
10767	10768	10927	10926
10768	10769	10928	10927
10769	10770	10929	10928
10770	10771	10930	10929
10771	10772	10931	10930
10772	10773	10932	10931
10773	10774	10933	10932
10774	10775	10934	10933
10775	10776	10935	10934
10776	10777	10936	10935
10777	10778	10937	10936
10778	10779	10938	10937
10779	10780	10939	10938
10780	10781	10940	10939
10781	10782	10941	10940
10782	10783	10942	10941
10783	10944	10943	10942
10784	10945	10944	10783
10785	10946	10945	10784
10786	10947	10946	10785
10787	10948	10947	10786
10788	10949	10948	10787
10789	10950	10949	10788
10790	10951	10950	10789
10791	10952	10951	10790
10792	10953	10952	10791
10793	10954	10953	10792
10794	10955	10954	10793
10795	10956	10955	10794
10796	10957	10956	10795
10797	10958	10957	10796
10798	10959	10958	10797
10799	10960	10959	10798
10800	10961	10960	10799
10801	10962	10961	10800
10802	10963	10962	10801
10803	10964	10963	10802
10804	10965	10964	10803
10805	10966	10965	10804
10806	10967	10966	10805
10807	10968	10967	10806
10808	10969	10968	10807
10809	10970	10969	10808
10810	10971	10970	10809
10811	10972	10971	10810
10812	10973	10972	10811
10813	10974	10973	10812
10814	10975	10974	10813
10815	10976	10975	10814
10816	10977	10976	10815
10817	10978	10977	10816
10818	10979	10978	10817
10819	10980	10979	10818
10820	10981	10980	10819
10821	10982	10981	10820
10822	10983	10982	10821
10823	10984	10983	10822
10824	10985	10984	10823
10825	10986	10985	10824
10826	10987	10986	10825
10827	10988	10987	10826
10828	10989	10988	10827
10829	10990	10989	10828
10830	10991	10990	10829
10831	10992	10991	10830
10832	10993	10992	10831
10833	10994	10993	10832
10834	10995	10994	10833
10835	10996	10995	10834
10836	10997	10996	10835
10837	10998	10997	10836
10838	10999	10998	10837
10839	11000	10999	10838
10840	11001	11000	10839
10841	11002	11001	10840
10842	11003	11002	10841
10843	11004	11003	10842
10844	11005	11004	10843
10845	11006	11005	10844
10846	11007	11006	10845
10847	11008	11007	10846
10848	11009	11008	10847
10849	11010	11009	10848
10850	11011	11010	10849
10851	11012	11011	10850
10852	11013	11012	10851
10853	11014	11013	10852
10854	11015	11014	10853
10855	11016	11015	10854
10856	10857	11018	11017
10857	10858	11019	11018
10858	10859	11020	11019
10859	10860	11021	11020
10860	10861	11022	11021
10861	10862	11023	11022
10862	10863	11024	11023
10863	10864	11025	11024
10864	10865	11026	11025
10865	10866	11027	11026
10866	10867	11028	11027
10867	10868	11029	11028
10868	10869	11030	11029
10869	10870	11031	11030
10870	10871	11032	11031
10871	10872	11033	11032
10872	10873	11034	11033
10873	10874	11035	11034
10874	10875	11036	11035
10875	10876	11037	11036
10876	10877	11038	11037
10877	10878	11039	11038
10878	10879	11040	11039
10879	10880	11041	11040
10880	10881	11042	11041
10881	10882	11043	11042
10882	10883	11044	11043
10883	10884	11045	11044
10884	10885	11046	11045
10885	10886	11047	11046
10886	10887	11048	11047
10887	10888	11049	11048
10888	10889	11050	11049
10889	10890	11051	11050
10890	10891	11052	11051
10891	10892	11053	11052
10892	10893	11054	11053
10893	10894	11055	11054
10894	10895	11056	11055
10895	10896	11057	11056
10896	10897	11058	11057
10897	10898	11059	11058
10898	10899	11060	11059
10899	10900	11061	11060
10900	10901	11062	11061
10901	10902	11063	11062
10902	10903	11064	11063
10903	10904	11065	11064
10904	10905	11066	11065
10905	10906	11067	11066
10906	10907	11068	11067
10907	10908	11069	11068
10908	10909	11070	11069
10909	10910	11071	11070
10910	10911	11072	11071
10911	10912	11073	11072
10912	10913	11074	11073
10913	10914	11075	11074
10914	10915	11076	11075
10915	10916	11077	11076
10916	10917	11078	11077
10917	10918	11079	11078
10918	10919	11080	11079
10919	10920	11081	11080
10920	10921	11082	11081
10921	10922	11083	11082
10922	10923	11084	11083
10923	10924	11085	11084
10924	10925	11086	11085
10925	10926	11087	11086
10926	10927	11088	11087
10927	10928	11089	11088
10928	10929	11090	11089
10929	10930	11091	11090
10930	10931	11092	11091
10931	10932	11093	11092
10932	10933	11094	11093
10933	10934	11095	11094
10934	10935	11096	11095
10935	10936	11097	11096
10936	10937	11098	11097
10937	10938	11099	11098
10938	10939	11100	11099
10939	10940	11101	11100
10940	10941	11102	11101
10941	10942	11103	11102
10942	10943	11104	11103
10943	11106	11105	11104
10944	11107	11106	10943
10945	11108	11107	10944
10946	11109	11108	10945
10947	11110	11109	10946
10948	11111	11110	10947
10949	11112	11111	10948
10950	11113	11112	10949
10951	11114	11113	10950
10952	11115	11114	10951
10953	11116	11115	10952
10954	11117	11116	10953
10955	11118	11117	10954
10956	11119	11118	10955
10957	11120	11119	10956
10958	11121	11120	10957
10959	11122	11121	10958
10960	11123	11122	10959
10961	11124	11123	10960
10962	11125	11124	10961
10963	11126	11125	10962
10964	11127	11126	10963
10965	11128	11127	10964
10966	11129	11128	10965
10967	11130	11129	10966
10968	11131	11130	10967
10969	11132	11131	10968
10970	11133	11132	10969
10971	11134	11133	10970
10972	11135	11134	10971
10973	11136	11135	10972
10974	11137	11136	10973
10975	11138	11137	10974
10976	11139	11138	10975
10977	11140	11139	10976
10978	11141	11140	10977
10979	11142	11141	10978
10980	11143	11142	10979
10981	11144	11143	10980
10982	11145	11144	10981
10983	11146	11145	10982
10984	11147	11146	10983
10985	11148	11147	10984
10986	11149	11148	10985
10987	11150	11149	10986
10988	11151	11150	10987
10989	11152	11151	10988
10990	11153	11152	10989
10991	11154	11153	10990
10992	11155	11154	10991
10993	11156	11155	10992
10994	11157	11156	10993
10995	11158	11157	10994
10996	11159	11158	10995
10997	11160	11159	10996
10998	11161	11160	10997
10999	11162	11161	10998
11000	11163	11162	10999
11001	11164	11163	11000
11002	11165	11164	11001
11003	11166	11165	11002
11004	11167	11166	11003
11005	11168	11167	11004
11006	11169	11168	11005
11007	11170	11169	11006
11008	11171	11170	11007
11009	11172	11171	11008
11010	11173	11172	11009
11011	11174	11173	11010
11012	11175	11174	11011
11013	11176	11175	11012
11014	11177	11176	11013
11015	11178	11177	11014
11016	11179	11178	11015
11017	11018	11181	11180
11018	11019	11182	11181
11019	11020	11183	11182
11020	11021	11184	11183
11021	11022	11185	11184
11022	11023	11186	11185
11023	11024	11187	11186
11024	11025	11188	11187
11025	11026	11189	11188
11026	11027	11190	11189
11027	11028	11191	11190
11028	11029	11192	11191
11029	11030	11193	11192
11030	11031	11194	11193
11031	11032	11195	11194
11032	11033	11196	11195
11033	11034	11197	11196
11034	11035	11198	11197
11035	11036	11199	11198
11036	11037	11200	11199
11037	11038	11201	11200
11038	11039	11202	11201
11039	11040	11203	11202
11040	11041	11204	11203
11041	11042	11205	11204
11042	11043	11206	11205
11043	11044	11207	11206
11044	11045	11208	11207
11045	11046	11209	11208
11046	11047	11210	11209
11047	11048	11211	11210
11048	11049	11212	11211
11049	11050	11213	11212
11050	11051	11214	11213
11051	11052	11215	11214
11052	11053	11216	11215
11053	11054	11217	11216
11054	11055	11218	11217
11055	11056	11219	11218
11056	11057	11220	11219
11057	11058	11221	11220
11058	11059	11222	11221
11059	11060	11223	11222
11060	11061	11224	11223
11061	11062	11225	11224
11062	11063	11226	11225
11063	11064	11227	11226
11064	11065	11228	11227
11065	11066	11229	11228
11066	11067	11230	11229
11067	11068	11231	11230
11068	11069	11232	11231
11069	11070	11233	11232
11070	11071	11234	11233
11071	11072	11235	11234
11072	11073	11236	11235
11073	11074	11237	11236
11074	11075	11238	11237
11075	11076	11239	11238
11076	11077	11240	11239
11077	11078	11241	11240
11078	11079	11242	11241
11079	11080	11243	11242
11080	11081	11244	11243
11081	11082	11245	11244
11082	11083	11246	11245
11083	11084	11247	11246
11084	11085	11248	11247
11085	11086	11249	11248
11086	11087	11250	11249
11087	11088	11251	11250
11088	11089	11252	11251
11089	11090	11253	11252
11090	11091	11254	11253
11091	11092	11255	11254
11092	11093	11256	11255
11093	11094	11257	11256
11094	11095	11258	11257
11095	11096	11259	11258
11096	11097	11260	11259
11097	11098	11261	11260
11098	11099	11262	11261
11099	11100	11263	11262
11100	11101	11264	11263
11101	11102	11265	11264
11102	11103	11266	11265
11103	11104	11267	11266
11104	11105	11268	11267
11105	11270	11269	11268
11106	11271	11270	11105
11107	11272	11271	11106
11108	11273	11272	11107
11109	11274	11273	11108
11110	11275	11274	11109
11111	11276	11275	11110
11112	11277	11276	11111
11113	11278	11277	11112
11114	11279	11278	11113
11115	11280	11279	11114
11116	11281	11280	11115
11117	11282	11281	11116
11118	11283	11282	11117
11119	11284	11283	11118
11120	11285	11284	11119
11121	11286	11285	11120
11122	11287	11286	11121
11123	11288	11287	11122
11124	11289	11288	11123
11125	11290	11289	11124
11126	11291	11290	11125
11127	11292	11291	11126
11128	11293	11292	11127
11129	11294	11293	11128
11130	11295	11294	11129
11131	11296	11295	11130
11132	11297	11296	11131
11133	11298	11297	11132
11134	11299	11298	11133
11135	11300	11299	11134
11136	11301	11300	11135
11137	11302	11301	11136
11138	11303	11302	11137
11139	11304	11303	11138
11140	11305	11304	11139
11141	11306	11305	11140
11142	11307	11306	11141
11143	11308	11307	11142
11144	11309	11308	11143
11145	11310	11309	11144
11146	11311	11310	11145
11147	11312	11311	11146
11148	11313	11312	11147
11149	11314	11313	11148
11150	11315	11314	11149
11151	11316	11315	11150
11152	11317	11316	11151
11153	11318	11317	11152
11154	11319	11318	11153
11155	11320	11319	11154
11156	11321	11320	11155
11157	11322	11321	11156
11158	11323	11322	11157
11159	11324	11323	11158
11160	11325	11324	11159
11161	11326	11325	11160
11162	11327	11326	11161
11163	11328	11327	11162
11164	11329	11328	11163
11165	11330	11329	11164
11166	11331	11330	11165
11167	11332	11331	11166
11168	11333	11332	11167
11169	11334	11333	11168
11170	11335	11334	11169
11171	11336	11335	11170
11172	11337	11336	11171
11173	11338	11337	11172
11174	11339	11338	11173
11175	11340	11339	11174
11176	11341	11340	11175
11177	11342	11341	11176
11178	11343	11342	11177
11179	11344	11343	11178
11180	11181	11346	11345
11181	11182	11347	11346
11182	11183	11348	11347
11183	11184	11349	11348
11184	11185	11350	11349
11185	11186	11351	11350
11186	11187	11352	11351
11187	11188	11353	11352
11188	11189	11354	11353
11189	11190	11355	11354
11190	11191	11356	11355
11191	11192	11357	11356
11192	11193	11358	11357
11193	11194	11359	11358
11194	11195	11360	11359
11195	11196	11361	11360
11196	11197	11362	11361
11197	11198	11363	11362
11198	11199	11364	11363
11199	11200	11365	11364
11200	11201	11366	11365
11201	11202	11367	11366
11202	11203	11368	11367
11203	11204	11369	11368
11204	11205	11370	11369
11205	11206	11371	11370
11206	11207	11372	11371
11207	11208	11373	11372
11208	11209	11374	11373
11209	11210	11375	11374
11210	11211	11376	11375
11211	11212	11377	11376
11212	11213	11378	11377
11213	11214	11379	11378
11214	11215	11380	11379
11215	11216	11381	11380
11216	11217	11382	11381
11217	11218	11383	11382
11218	11219	11384	11383
11219	11220	11385	11384
11220	11221	11386	11385
11221	11222	11387	11386
11222	11223	11388	11387
11223	11224	11389	11388
11224	11225	11390	11389
11225	11226	11391	11390
11226	11227	11392	11391
11227	11228	11393	11392
11228	11229	11394	11393
11229	11230	11395	11394
11230	11231	11396	11395
11231	11232	11397	11396
11232	11233	11398	11397
11233	11234	11399	11398
11234	11235	11400	11399
11235	11236	11401	11400
11236	11237	11402	11401
11237	11238	11403	11402
11238	11239	11404	11403
11239	11240	11405	11404
11240	11241	11406	11405
11241	11242	11407	11406
11242	11243	11408	11407
11243	11244	11409	11408
11244	11245	11410	11409
11245	11246	11411	11410
11246	11247	11412	11411
11247	11248	11413	11412
11248	11249	11414	11413
11249	11250	11415	11414
11250	11251	11416	11415
11251	11252	11417	11416
11252	11253	11418	11417
11253	11254	11419	11418
11254	11255	11420	11419
11255	11256	11421	11420
11256	11257	11422	11421
11257	11258	11423	11422
11258	11259	11424	11423
11259	11260	11425	11424
11260	11261	11426	11425
11261	11262	11427	11426
11262	11263	11428	11427
11263	11264	11429	11428
11264	11265	11430	11429
11265	11266	11431	11430
11266	11267	11432	11431
11267	11268	11433	11432
11268	11269	11434	11433
11269	11436	11435	11434
11270	11437	11436	11269
11271	11438	11437	11270
11272	11439	11438	11271
11273	11440	11439	11272
11274	11441	11440	11273
11275	11442	11441	11274
11276	11443	11442	11275
11277	11444	11443	11276
11278	11445	11444	11277
11279	11446	11445	11278
11280	11447	11446	11279
11281	11448	11447	11280
11282	11449	11448	11281
11283	11450	11449	11282
11284	11451	11450	11283
11285	11452	11451	11284
11286	11453	11452	11285
11287	11454	11453	11286
11288	11455	11454	11287
11289	11456	11455	11288
11290	11457	11456	11289
11291	11458	11457	11290
11292	11459	11458	11291
11293	11460	11459	11292
11294	11461	11460	11293
11295	11462	11461	11294
11296	11463	11462	11295
11297	11464	11463	11296
11298	11465	11464	11297
11299	11466	11465	11298
11300	11467	11466	11299
11301	11468	11467	11300
11302	11469	11468	11301
11303	11470	11469	11302
11304	11471	11470	11303
11305	11472	11471	11304
11306	11473	11472	11305
11307	11474	11473	11306
11308	11475	11474	11307
11309	11476	11475	11308
11310	11477	11476	11309
11311	11478	11477	11310
11312	11479	11478	11311
11313	11480	11479	11312
11314	11481	11480	11313
11315	11482	11481	11314
11316	11483	11482	11315
11317	11484	11483	11316
11318	11485	11484	11317
11319	11486	11485	11318
11320	11487	11486	11319
11321	11488	11487	11320
11322	11489	11488	11321
11323	11490	11489	11322
11324	11491	11490	11323
11325	11492	11491	11324
11326	11493	11492	11325
11327	11494	11493	11326
11328	11495	11494	11327
11329	11496	11495	11328
11330	11497	11496	11329
11331	11498	11497	11330
11332	11499	11498	11331
11333	11500	11499	11332
11334	11501	11500	11333
11335	11502	11501	11334
11336	11503	11502	11335
11337	11504	11503	11336
11338	11505	11504	11337
11339	11506	11505	11338
11340	11507	11506	11339
11341	11508	11507	11340
11342	11509	11508	11341
11343	11510	11509	11342
11344	11511	11510	11343
11345	11346	11513	11512
11346	11347	11514	11513
11347	11348	11515	11514
11348	11349	11516	11515
11349	11350	11517	11516
11350	11351	11518	11517
11351	11352	11519	11518
11352	11353	11520	11519
11353	11354	11521	11520
11354	11355	11522	11521
11355	11356	11523	11522
11356	11357	11524	11523
11357	11358	11525	11524
11358	11359	11526	11525
11359	11360	11527	11526
11360	11361	11528	11527
11361	11362	11529	11528
11362	11363	11530	11529
11363	11364	11531	11530
11364	11365	11532	11531
11365	11366	11533	11532
11366	11367	11534	11533
11367	11368	11535	11534
11368	11369	11536	11535
11369	11370	11537	11536
11370	11371	11538	11537
11371	11372	11539	11538
11372	11373	11540	11539
11373	11374	11541	11540
11374	11375	11542	11541
11375	11376	11543	11542
11376	11377	11544	11543
11377	11378	11545	11544
11378	11379	11546	11545
11379	11380	11547	11546
11380	11381	11548	11547
11381	11382	11549	11548
11382	11383	11550	11549
11383	11384	11551	11550
11384	11385	11552	11551
11385	11386	11553	11552
11386	11387	11554	11553
11387	11388	11555	11554
11388	11389	11556	11555
11389	11390	11557	11556
11390	11391	11558	11557
11391	11392	11559	11558
11392	11393	11560	11559
11393	11394	11561	11560
11394	11395	11562	11561
11395	11396	11563	11562
11396	11397	11564	11563
11397	11398	11565	11564
11398	11399	11566	11565
11399	11400	11567	11566
11400	11401	11568	11567
11401	11402	11569	11568
11402	11403	11570	11569
11403	11404	11571	11570
11404	11405	11572	11571
11405	11406	11573	11572
11406	11407	11574	11573
11407	11408	11575	11574
11408	11409	11576	11575
11409	11410	11577	11576
11410	11411	11578	11577
11411	11412	11579	11578
11412	11413	11580	11579
11413	11414	11581	11580
11414	11415	11582	11581
11415	11416	11583	11582
11416	11417	11584	11583
11417	11418	11585	11584
11418	11419	11586	11585
11419	11420	11587	11586
11420	11421	11588	11587
11421	11422	11589	11588
11422	11423	11590	11589
11423	11424	11591	11590
11424	11425	11592	11591
11425	11426	11593	11592
11426	11427	11594	11593
11427	11428	11595	11594
11428	11429	11596	11595
11429	11430	11597	11596
11430	11431	11598	11597
11431	11432	11599	11598
11432	11433	11600	11599
11433	11434	11601	11600
11434	11435	11602	11601
11435	11604	11603	11602
11436	11605	11604	11435
11437	11606	11605	11436
11438	11607	11606	11437
11439	11608	11607	11438
11440	11609	11608	11439
11441	11610	11609	11440
11442	11611	11610	11441
11443	11612	11611	11442
11444	11613	11612	11443
11445	11614	11613	11444
11446	11615	11614	11445
11447	11616	11615	11446
11448	11617	11616	11447
11449	11618	11617	11448
11450	11619	11618	11449
11451	11620	11619	11450
11452	11621	11620	11451
11453	11622	11621	11452
11454	11623	11622	11453
11455	11624	11623	11454
11456	11625	11624	11455
11457	11626	11625	11456
11458	11627	11626	11457
11459	11628	11627	11458
11460	11629	11628	11459
11461	11630	11629	11460
11462	11631	11630	11461
11463	11632	11631	11462
11464	11633	11632	11463
11465	11634	11633	11464
11466	11635	11634	11465
11467	11636	11635	11466
11468	11637	11636	11467
11469	11638	11637	11468
11470	11639	11638	11469
11471	11640	11639	11470
11472	11641	11640	11471
11473	11642	11641	11472
11474	11643	11642	11473
11475	11644	11643	11474
11476	11645	11644	11475
11477	11646	11645	11476
11478	11647	11646	11477
11479	11648	11647	11478
11480	11649	11648	11479
11481	11650	11649	11480
11482	11651	11650	11481
11483	11652	11651	11482
11484	11653	11652	11483
11485	11654	11653	11484
11486	11655	11654	11485
11487	11656	11655	11486
11488	11657	11656	11487
11489	11658	11657	11488
11490	11659	11658	11489
11491	11660	11659	11490
11492	11661	11660	11491
11493	11662	11661	11492
11494	11663	11662	11493
11495	11664	11663	11494
11496	11665	11664	11495
11497	11666	11665	11496
11498	11667	11666	11497
11499	11668	11667	11498
11500	11669	11668	11499
11501	11670	11669	11500
11502	11671	11670	11501
11503	11672	11671	11502
11504	11673	11672	11503
11505	11674	11673	11504
11506	11675	11674	11505
11507	11676	11675	11506
11508	11677	11676	11507
11509	11678	11677	11508
11510	11679	11678	11509
11511	11680	11679	11510
11512	11513	11682	11681
11513	11514	11683	11682
11514	11515	11684	11683
11515	11516	11685	11684
11516	11517	11686	11685
11517	11518	11687	11686
11518	11519	11688	11687
11519	11520	11689	11688
11520	11521	11690	11689
11521	11522	11691	11690
11522	11523	11692	11691
11523	11524	11693	11692
11524	11525	11694	11693
11525	11526	11695	11694
11526	11527	11696	11695
11527	11528	11697	11696
11528	11529	11698	11697
11529	11530	11699	11698
11530	11531	11700	11699
11531	11532	11701	11700
11532	11533	11702	11701
11533	11534	11703	11702
11534	11535	11704	11703
11535	11536	11705	11704
11536	11537	11706	11705
11537	11538	11707	11706
11538	11539	11708	11707
11539	11540	11709	11708
11540	11541	11710	11709
11541	11542	11711	11710
11542	11543	11712	11711
11543	11544	11713	11712
11544	11545	11714	11713
11545	11546	11715	11714
11546	11547	11716	11715
11547	11548	11717	11716
11548	11549	11718	11717
11549	11550	11719	11718
11550	11551	11720	11719
11551	11552	11721	11720
11552	11553	11722	11721
11553	11554	11723	11722
11554	11555	11724	11723
11555	11556	11725	11724
11556	11557	11726	11725
11557	11558	11727	11726
11558	11559	11728	11727
11559	11560	11729	11728
11560	11561	11730	11729
11561	11562	11731	11730
11562	11563	11732	11731
11563	11564	11733	11732
11564	11565	11734	11733
11565	11566	11735	11734
11566	11567	11736	11735
11567	11568	11737	11736
11568	11569	11738	11737
11569	11570	11739	11738
11570	11571	11740	11739
11571	11572	11741	11740
11572	11573	11742	11741
11573	11574	11743	11742
11574	11575	11744	11743
11575	11576	11745	11744
11576	11577	11746	11745
11577	11578	11747	11746
11578	11579	11748	11747
11579	11580	11749	11748
11580	11581	11750	11749
11581	11582	11751	11750
11582	11583	11752	11751
11583	11584	11753	11752
11584	11585	11754	11753
11585	11586	11755	11754
11586	11587	11756	11755
11587	11588	11757	11756
11588	11589	11758	11757
11589	11590	11759	11758
11590	11591	11760	11759
11591	11592	11761	11760
11592	11593	11762	11761
11593	11594	11763	11762
11594	11595	11764	11763
11595	11596	11765	11764
11596	11597	11766	11765
11597	11598	11767	11766
11598	11599	11768	11767
11599	11600	11769	11768
11600	11601	11770	11769
11601	11602	11771	11770
11602	11603	11772	11771
11603	11774	11773	11772
11604	11775	11774	11603
11605	11776	11775	11604
11606	11777	11776	11605
11607	11778	11777	11606
11608	11779	11778	11607
11609	11780	11779	11608
11610	11781	11780	11609
11611	11782	11781	11610
11612	11783	11782	11611
11613	11784	11783	11612
11614	11785	11784	11613
11615	11786	11785	11614
11616	11787	11786	11615
11617	11788	11787	11616
11618	11789	11788	11617
11619	11790	11789	11618
11620	11791	11790	11619
11621	11792	11791	11620
11622	11793	11792	11621
11623	11794	11793	11622
11624	11795	11794	11623
11625	11796	11795	11624
11626	11797	11796	11625
11627	11798	11797	11626
11628	11799	11798	11627
11629	11800	11799	11628
11630	11801	11800	11629
11631	11802	11801	11630
11632	11803	11802	11631
11633	11804	11803	11632
11634	11805	11804	11633
11635	11806	11805	11634
11636	11807	11806	11635
11637	11808	11807	11636
11638	11809	11808	11637
11639	11810	11809	11638
11640	11811	11810	11639
11641	11812	11811	11640
11642	11813	11812	11641
11643	11814	11813	11642
11644	11815	11814	11643
11645	11816	11815	11644
11646	11817	11816	11645
11647	11818	11817	11646
11648	11819	11818	11647
11649	11820	11819	11648
11650	11821	11820	11649
11651	11822	11821	11650
11652	11823	11822	11651
11653	11824	11823	11652
11654	11825	11824	11653
11655	11826	11825	11654
11656	11827	11826	11655
11657	11828	11827	11656
11658	11829	11828	11657
11659	11830	11829	11658
11660	11831	11830	11659
11661	11832	11831	11660
11662	11833	11832	11661
11663	11834	11833	11662
11664	11835	11834	11663
11665	11836	11835	11664
11666	11837	11836	11665
11667	11838	11837	11666
11668	11839	11838	11667
11669	11840	11839	11668
11670	11841	11840	11669
11671	11842	11841	11670
11672	11843	11842	11671
11673	11844	11843	11672
11674	11845	11844	11673
11675	11846	11845	11674
11676	11847	11846	11675
11677	11848	11847	11676
11678	11849	11848	11677
11679	11850	11849	11678
11680	11851	11850	11679
11681	11682	11853	11852
11682	11683	11854	11853
11683	11684	11855	11854
11684	11685	11856	11855
11685	11686	11857	11856
11686	11687	11858	11857
11687	11688	11859	11858
11688	11689	11860	11859
11689	11690	11861	11860
11690	11691	11862	11861
11691	11692	11863	11862
11692	11693	11864	11863
11693	11694	11865	11864
11694	11695	11866	11865
11695	11696	11867	11866
11696	11697	11868	11867
11697	11698	11869	11868
11698	11699	11870	11869
11699	11700	11871	11870
11700	11701	11872	11871
11701	11702	11873	11872
11702	11703	11874	11873
11703	11704	11875	11874
11704	11705	11876	11875
11705	11706	11877	11876
11706	11707	11878	11877
11707	11708	11879	11878
11708	11709	11880	11879
11709	11710	11881	11880
11710	11711	11882	11881
11711	11712	11883	11882
11712	11713	11884	11883
11713	11714	11885	11884
11714	11715	11886	11885
11715	11716	11887	11886
11716	11717	11888	11887
11717	11718	11889	11888
11718	11719	11890	11889
11719	11720	11891	11890
11720	11721	11892	11891
11721	11722	11893	11892
11722	11723	11894	11893
11723	11724	11895	11894
11724	11725	11896	11895
11725	11726	11897	11896
11726	11727	11898	11897
11727	11728	11899	11898
11728	11729	11900	11899
11729	11730	11901	11900
11730	11731	11902	11901
11731	11732	11903	11902
11732	11733	11904	11903
11733	11734	11905	11904
11734	11735	11906	11905
11735	11736	11907	11906
11736	11737	11908	11907
11737	11738	11909	11908
11738	11739	11910	11909
11739	11740	11911	11910
11740	11741	11912	11911
11741	11742	11913	11912
11742	11743	11914	11913
11743	11744	11915	11914
11744	11745	11916	11915
11745	11746	11917	11916
11746	11747	11918	11917
11747	11748	11919	11918
11748	11749	11920	11919
11749	11750	11921	11920
11750	11751	11922	11921
11751	11752	11923	11922
11752	11753	11924	11923
11753	11754	11925	11924
11754	11755	11926	11925
11755	11756	11927	11926
11756	11757	11928	11927
11757	11758	11929	11928
11758	11759	11930	11929
11759	11760	11931	11930
11760	11761	11932	11931
11761	11762	11933	11932
11762	11763	11934	11933
11763	11764	11935	11934
11764	11765	11936	11935
11765	11766	11937	11936
11766	11767	11938	11937
11767	11768	11939	11938
11768	11769	11940	11939
11769	11770	11941	11940
11770	11771	11942	11941
11771	11772	11943	11942
11772	11773	11944	11943
11773	11946	11945	11944
11774	11947	11946	11773
11775	11948	11947	11774
11776	11949	11948	11775
11777	11950	11949	11776
11778	11951	11950	11777
11779	11952	11951	11778
11780	11953	11952	11779
11781	11954	11953	11780
11782	11955	11954	11781
11783	11956	11955	11782
11784	11957	11956	11783
11785	11958	11957	11784
11786	11959	11958	11785
11787	11960	11959	11786
11788	11961	11960	11787
11789	11962	11961	11788
11790	11963	11962	11789
11791	11964	11963	11790
11792	11965	11964	11791
11793	11966	11965	11792
11794	11967	11966	11793
11795	11968	11967	11794
11796	11969	11968	11795
11797	11970	11969	11796
11798	11971	11970	11797
11799	11972	11971	11798
11800	11973	11972	11799
11801	11974	11973	11800
11802	11975	11974	11801
11803	11976	11975	11802
11804	11977	11976	11803
11805	11978	11977	11804
11806	11979	11978	11805
11807	11980	11979	11806
11808	11981	11980	11807
11809	11982	11981	11808
11810	11983	11982	11809
11811	11984	11983	11810
11812	11985	11984	11811
11813	11986	11985	11812
11814	11987	11986	11813
11815	11988	11987	11814
11816	11989	11988	11815
11817	11990	11989	11816
11818	11991	11990	11817
11819	11992	11991	11818
11820	11993	11992	11819
11821	11994	11993	11820
11822	11995	11994	11821
11823	11996	11995	11822
11824	11997	11996	11823
11825	11998	11997	11824
11826	11999	11998	11825
11827	12000	11999	11826
11828	12001	12000	11827
11829	12002	12001	11828
11830	12003	12002	11829
11831	12004	12003	11830
11832	12005	12004	11831
11833	12006	12005	11832
11834	12007	12006	11833
11835	12008	12007	11834
11836	12009	12008	11835
11837	12010	12009	11836
11838	12011	12010	11837
11839	12012	12011	11838
11840	12013	12012	11839
11841	12014	12013	11840
11842	12015	12014	11841
11843	12016	12015	11842
11844	12017	12016	11843
11845	12018	12017	11844
11846	12019	12018	11845
11847	12020	12019	11846
11848	12021	12020	11847
11849	12022	12021	11848
11850	12023	12022	11849
11851	12024	12023	11850
11852	11853	12026	12025
11853	11854	12027	12026
11854	11855	12028	12027
11855	11856	12029	12028
11856	11857	12030	12029
11857	11858	12031	12030
11858	11859	12032	12031
11859	11860	12033	12032
11860	11861	12034	12033
11861	11862	12035	12034
11862	11863	12036	12035
11863	11864	12037	12036
11864	11865	12038	12037
11865	11866	12039	12038
11866	11867	12040	12039
11867	11868	12041	12040
11868	11869	12042	12041
11869	11870	12043	12042
11870	11871	12044	12043
11871	11872	12045	12044
11872	11873	12046	12045
11873	11874	12047	12046
11874	11875	12048	12047
11875	11876	12049	12048
11876	11877	12050	12049
11877	11878	12051	12050
11878	11879	12052	12051
11879	11880	12053	12052
11880	11881	12054	12053
11881	11882	12055	12054
11882	11883	12056	12055
11883	11884	12057	12056
11884	11885	12058	12057
11885	11886	12059	12058
11886	11887	12060	12059
11887	11888	12061	12060
11888	11889	12062	12061
11889	11890	12063	12062
11890	11891	12064	12063
11891	11892	12065	12064
11892	11893	12066	12065
11893	11894	12067	12066
11894	11895	12068	12067
11895	11896	12069	12068
11896	11897	12070	12069
11897	11898	12071	12070
11898	11899	12072	12071
11899	11900	12073	12072
11900	11901	12074	12073
11901	11902	12075	12074
11902	11903	12076	12075
11903	11904	12077	12076
11904	11905	12078	12077
11905	11906	12079	12078
11906	11907	12080	12079
11907	11908	12081	12080
11908	11909	12082	12081
11909	11910	12083	12082
11910	11911	12084	12083
11911	11912	12085	12084
11912	11913	12086	12085
11913	11914	12087	12086
11914	11915	12088	12087
11915	11916	12089	12088
11916	11917	12090	12089
11917	11918	12091	12090
11918	11919	12092	12091
11919	11920	12093	12092
11920	11921	12094	12093
11921	11922	12095	12094
11922	11923	12096	12095
11923	11924	12097	12096
11924	11925	12098	12097
11925	11926	12099	12098
11926	11927	12100	12099
11927	11928	12101	12100
11928	11929	12102	12101
11929	11930	12103	12102
11930	11931	12104	12103
11931	11932	12105	12104
11932	11933	12106	12105
11933	11934	12107	12106
11934	11935	12108	12107
11935	11936	12109	12108
11936	11937	12110	12109
11937	11938	12111	12110
11938	11939	12112	12111
11939	11940	12113	12112
11940	11941	12114	12113
11941	11942	12115	12114
11942	11943	12116	12115
11943	11944	12117	12116
11944	11945	12118	12117
11945	12120	12119	12118
11946	12121	12120	11945
11947	12122	12121	11946
11948	12123	12122	11947
11949	12124	12123	11948
11950	12125	12124	11949
11951	12126	12125	11950
11952	12127	12126	11951
11953	12128	12127	11952
11954	12129	12128	11953
11955	12130	12129	11954
11956	12131	12130	11955
11957	12132	12131	11956
11958	12133	12132	11957
11959	12134	12133	11958
11960	12135	12134	11959
11961	12136	12135	11960
11962	12137	12136	11961
11963	12138	12137	11962
11964	12139	12138	11963
11965	12140	12139	11964
11966	12141	12140	11965
11967	12142	12141	11966
11968	12143	12142	11967
11969	12144	12143	11968
11970	12145	12144	11969
11971	12146	12145	11970
11972	12147	12146	11971
11973	12148	12147	11972
11974	12149	12148	11973
11975	12150	12149	11974
11976	12151	12150	11975
11977	12152	12151	11976
11978	12153	12152	11977
11979	12154	12153	11978
11980	12155	12154	11979
11981	12156	12155	11980
11982	12157	12156	11981
11983	12158	12157	11982
11984	12159	12158	11983
11985	12160	12159	11984
11986	12161	12160	11985
11987	12162	12161	11986
11988	12163	12162	11987
11989	12164	12163	11988
11990	12165	12164	11989
11991	12166	12165	11990
11992	12167	12166	11991
11993	12168	12167	11992
11994	12169	12168	11993
11995	12170	12169	11994
11996	12171	12170	11995
11997	12172	12171	11996
11998	12173	12172	11997
11999	12174	12173	11998
12000	12175	12174	11999
12001	12176	12175	12000
12002	12177	12176	12001
12003	12178	12177	12002
12004	12179	12178	12003
12005	12180	12179	12004
12006	12181	12180	12005
12007	12182	12181	12006
12008	12183	12182	12007
12009	12184	12183	12008
12010	12185	12184	12009
12011	12186	12185	12010
12012	12187	12186	12011
12013	12188	12187	12012
12014	12189	12188	12013
12015	12190	12189	12014
12016	12191	12190	12015
12017	12192	12191	12016
12018	12193	12192	12017
12019	12194	12193	12018
12020	12195	12194	12019
12021	12196	12195	12020
12022	12197	12196	12021
12023	12198	12197	12022
12024	12199	12198	12023
12025	12026	12201	12200
12026	12027	12202	12201
12027	12028	12203	12202
12028	12029	12204	12203
12029	12030	12205	12204
12030	12031	12206	12205
12031	12032	12207	12206
12032	12033	12208	12207
12033	12034	12209	12208
12034	12035	12210	12209
12035	12036	12211	12210
12036	12037	12212	12211
12037	12038	12213	12212
12038	12039	12214	12213
12039	12040	12215	12214
12040	12041	12216	12215
12041	12042	12217	12216
12042	12043	12218	12217
12043	12044	12219	12218
12044	12045	12220	12219
12045	12046	12221	12220
12046	12047	12222	12221
12047	12048	12223	12222
12048	12049	12224	12223
12049	12050	12225	12224
12050	12051	12226	12225
12051	12052	12227	12226
12052	12053	12228	12227
12053	12054	12229	12228
12054	12055	12230	12229
12055	12056	12231	12230
12056	12057	12232	12231
12057	12058	12233	12232
12058	12059	12234	12233
12059	12060	12235	12234
12060	12061	12236	12235
12061	12062	12237	12236
12062	12063	12238	12237
12063	12064	12239	12238
12064	12065	12240	12239
12065	12066	12241	12240
12066	12067	12242	12241
12067	12068	12243	12242
12068	12069	12244	12243
12069	12070	12245	12244
12070	12071	12246	12245
12071	12072	12247	12246
12072	12073	12248	12247
12073	12074	12249	12248
12074	12075	12250	12249
12075	12076	12251	12250
12076	12077	12252	12251
12077	12078	12253	12252
12078	12079	12254	12253
12079	12080	12255	12254
12080	12081	12256	12255
12081	12082	12257	12256
12082	12083	12258	12257
12083	12084	12259	12258
12084	12085	12260	12259
12085	12086	12261	12260
12086	12087	12262	12261
12087	12088	12263	12262
12088	12089	12264	12263
12089	12090	12265	12264
12090	12091	12266	12265
12091	12092	12267	12266
12092	12093	12268	12267
12093	12094	12269	12268
12094	12095	12270	12269
12095	12096	12271	12270
12096	12097	12272	12271
12097	12098	12273	12272
12098	12099	12274	12273
12099	12100	12275	12274
12100	12101	12276	12275
12101	12102	12277	12276
12102	12103	12278	12277
12103	12104	12279	12278
12104	12105	12280	12279
12105	12106	12281	12280
12106	12107	12282	12281
12107	12108	12283	12282
12108	12109	12284	12283
12109	12110	12285	12284
12110	12111	12286	12285
12111	12112	12287	12286
12112	12113	12288	12287
12113	12114	12289	12288
12114	12115	12290	12289
12115	12116	12291	12290
12116	12117	12292	12291
12117	12118	12293	12292
12118	12119	12294	12293
12119	12296	12295	12294
12120	12297	12296	12119
12121	12298	12297	12120
12122	12299	12298	12121
12123	12300	12299	12122
12124	12301	12300	12123
12125	12302	12301	12124
12126	12303	12302	12125
12127	12304	12303	12126
12128	12305	12304	12127
12129	12306	12305	12128
12130	12307	12306	12129
12131	12308	12307	12130
12132	12309	12308	12131
12133	12310	12309	12132
12134	12311	12310	12133
12135	12312	12311	12134
12136	12313	12312	12135
12137	12314	12313	12136
12138	12315	12314	12137
12139	12316	12315	12138
12140	12317	12316	12139
12141	12318	12317	12140
12142	12319	12318	12141
12143	12320	12319	12142
12144	12321	12320	12143
12145	12322	12321	12144
12146	12323	12322	12145
12147	12324	12323	12146
12148	12325	12324	12147
12149	12326	12325	12148
12150	12327	12326	12149
12151	12328	12327	12150
12152	12329	12328	12151
12153	12330	12329	12152
12154	12331	12330	12153
12155	12332	12331	12154
12156	12333	12332	12155
12157	12334	12333	12156
12158	12335	12334	12157
12159	12336	12335	12158
12160	12337	12336	12159
12161	12338	12337	12160
12162	12339	12338	12161
12163	12340	12339	12162
12164	12341	12340	12163
12165	12342	12341	12164
12166	12343	12342	12165
12167	12344	12343	12166
12168	12345	12344	12167
12169	12346	12345	12168
12170	12347	12346	12169
12171	12348	12347	12170
12172	12349	12348	12171
12173	12350	12349	12172
12174	12351	12350	12173
12175	12352	12351	12174
12176	12353	12352	12175
12177	12354	12353	12176
12178	12355	12354	12177
12179	12356	12355	12178
12180	12357	12356	12179
12181	12358	12357	12180
12182	12359	12358	12181
12183	12360	12359	12182
12184	12361	12360	12183
12185	12362	12361	12184
12186	12363	12362	12185
12187	12364	12363	12186
12188	12365	12364	12187
12189	12366	12365	12188
12190	12367	12366	12189
12191	12368	12367	12190
12192	12369	12368	12191
12193	12370	12369	12192
12194	12371	12370	12193
12195	12372	12371	12194
12196	12373	12372	12195
12197	12374	12373	12196
12198	12375	12374	12197
12199	12376	12375	12198
12200	12201	12378	12377
12201	12202	12379	12378
12202	12203	12380	12379
12203	12204	12381	12380
12204	12205	12382	12381
12205	12206	12383	12382
12206	12207	12384	12383
12207	12208	12385	12384
12208	12209	12386	12385
12209	12210	12387	12386
12210	12211	12388	12387
12211	12212	12389	12388
12212	12213	12390	12389
12213	12214	12391	12390
12214	12215	12392	12391
12215	12216	12393	12392
12216	12217	12394	12393
12217	12218	12395	12394
12218	12219	12396	12395
12219	12220	12397	12396
12220	12221	12398	12397
12221	12222	12399	12398
12222	12223	12400	12399
12223	12224	12401	12400
12224	12225	12402	12401
12225	12226	12403	12402
12226	12227	12404	12403
12227	12228	12405	12404
12228	12229	12406	12405
12229	12230	12407	12406
12230	12231	12408	12407
12231	12232	12409	12408
12232	12233	12410	12409
12233	12234	12411	12410
12234	12235	12412	12411
12235	12236	12413	12412
12236	12237	12414	12413
12237	12238	12415	12414
12238	12239	12416	12415
12239	12240	12417	12416
12240	12241	12418	12417
12241	12242	12419	12418
12242	12243	12420	12419
12243	12244	12421	12420
12244	12245	12422	12421
12245	12246	12423	12422
12246	12247	12424	12423
12247	12248	12425	12424
12248	12249	12426	12425
12249	12250	12427	12426
12250	12251	12428	12427
12251	12252	12429	12428
12252	12253	12430	12429
12253	12254	12431	12430
12254	12255	12432	12431
12255	12256	12433	12432
12256	12257	12434	12433
12257	12258	12435	12434
12258	12259	12436	12435
12259	12260	12437	12436
12260	12261	12438	12437
12261	12262	12439	12438
12262	12263	12440	12439
12263	12264	12441	12440
12264	12265	12442	12441
12265	12266	12443	12442
12266	12267	12444	12443
12267	12268	12445	12444
12268	12269	12446	12445
12269	12270	12447	12446
12270	12271	12448	12447
12271	12272	12449	12448
12272	12273	12450	12449
12273	12274	12451	12450
12274	12275	12452	12451
12275	12276	12453	12452
12276	12277	12454	12453
12277	12278	12455	12454
12278	12279	12456	12455
12279	12280	12457	12456
12280	12281	12458	12457
12281	12282	12459	12458
12282	12283	12460	12459
12283	12284	12461	12460
12284	12285	12462	12461
12285	12286	12463	12462
12286	12287	12464	12463
12287	12288	12465	12464
12288	12289	12466	12465
12289	12290	12467	12466
12290	12291	12468	12467
12291	12292	12469	12468
12292	12293	12470	12469
12293	12294	12471	12470
12294	12295	12472	12471
12295	12474	12473	12472
12296	12475	12474	12295
12297	12476	12475	12296
12298	12477	12476	12297
12299	12478	12477	12298
12300	12479	12478	12299
12301	12480	12479	12300
12302	12481	12480	12301
12303	12482	12481	12302
12304	12483	12482	12303
12305	12484	12483	12304
12306	12485	12484	12305
12307	12486	12485	12306
12308	12487	12486	12307
12309	12488	12487	12308
12310	12489	12488	12309
12311	12490	12489	12310
12312	12491	12490	12311
12313	12492	12491	12312
12314	12493	12492	12313
12315	12494	12493	12314
12316	12495	12494	12315
12317	12496	12495	12316
12318	12497	12496	12317
12319	12498	12497	12318
12320	12499	12498	12319
12321	12500	12499	12320
12322	12501	12500	12321
12323	12502	12501	12322
12324	12503	12502	12323
12325	12504	12503	12324
12326	12505	12504	12325
12327	12506	12505	12326
12328	12507	12506	12327
12329	12508	12507	12328
12330	12509	12508	12329
12331	12510	12509	12330
12332	12511	12510	12331
12333	12512	12511	12332
12334	12513	12512	12333
12335	12514	12513	12334
12336	12515	12514	12335
12337	12516	12515	12336
12338	12517	12516	12337
12339	12518	12517	12338
12340	12519	12518	12339
12341	12520	12519	12340
12342	12521	12520	12341
12343	12522	12521	12342
12344	12523	12522	12343
12345	12524	12523	12344
12346	12525	12524	12345
12347	12526	12525	12346
12348	12527	12526	12347
12349	12528	12527	12348
12350	12529	12528	12349
12351	12530	12529	12350
12352	12531	12530	12351
12353	12532	12531	12352
12354	12533	12532	12353
12355	12534	12533	12354
12356	12535	12534	12355
12357	12536	12535	12356
12358	12537	12536	12357
12359	12538	12537	12358
12360	12539	12538	12359
12361	12540	12539	12360
12362	12541	12540	12361
12363	12542	12541	12362
12364	12543	12542	12363
12365	12544	12543	12364
12366	12545	12544	12365
12367	12546	12545	12366
12368	12547	12546	12367
12369	12548	12547	12368
12370	12549	12548	12369
12371	12550	12549	12370
12372	12551	12550	12371
12373	12552	12551	12372
12374	12553	12552	12373
12375	12554	12553	12374
12376	12555	12554	12375
12377	12378	12557	12556
12378	12379	12558	12557
12379	12380	12559	12558
12380	12381	12560	12559
12381	12382	12561	12560
12382	12383	12562	12561
12383	12384	12563	12562
12384	12385	12564	12563
12385	12386	12565	12564
12386	12387	12566	12565
12387	12388	12567	12566
12388	12389	12568	12567
12389	12390	12569	12568
12390	12391	12570	12569
12391	12392	12571	12570
12392	12393	12572	12571
12393	12394	12573	12572
12394	12395	12574	12573
12395	12396	12575	12574
12396	12397	12576	12575
12397	12398	12577	12576
12398	12399	12578	12577
12399	12400	12579	12578
12400	12401	12580	12579
12401	12402	12581	12580
12402	12403	12582	12581
12403	12404	12583	12582
12404	12405	12584	12583
12405	12406	12585	12584
12406	12407	12586	12585
12407	12408	12587	12586
12408	12409	12588	12587
12409	12410	12589	12588
12410	12411	12590	12589
12411	12412	12591	12590
12412	12413	12592	12591
12413	12414	12593	12592
12414	12415	12594	12593
12415	12416	12595	12594
12416	12417	12596	12595
12417	12418	12597	12596
12418	12419	12598	12597
12419	12420	12599	12598
12420	12421	12600	12599
12421	12422	12601	12600
12422	12423	12602	12601
12423	12424	12603	12602
12424	12425	12604	12603
12425	12426	12605	12604
12426	12427	12606	12605
12427	12428	12607	12606
12428	12429	12608	12607
12429	12430	12609	12608
12430	12431	12610	12609
12431	12432	12611	12610
12432	12433	12612	12611
12433	12434	12613	12612
12434	12435	12614	12613
12435	12436	12615	12614
12436	12437	12616	12615
12437	12438	12617	12616
12438	12439	12618	12617
12439	12440	12619	12618
12440	12441	12620	12619
12441	12442	12621	12620
12442	12443	12622	12621
12443	12444	12623	12622
12444	12445	12624	12623
12445	12446	12625	12624
12446	12447	12626	12625
12447	12448	12627	12626
12448	12449	12628	12627
12449	12450	12629	12628
12450	12451	12630	12629
12451	12452	12631	12630
12452	12453	12632	12631
12453	12454	12633	12632
12454	12455	12634	12633
12455	12456	12635	12634
12456	12457	12636	12635
12457	12458	12637	12636
12458	12459	12638	12637
12459	12460	12639	12638
12460	12461	12640	12639
12461	12462	12641	12640
12462	12463	12642	12641
12463	12464	12643	12642
12464	12465	12644	12643
12465	12466	12645	12644
12466	12467	12646	12645
12467	12468	12647	12646
12468	12469	12648	12647
12469	12470	12649	12648
12470	12471	12650	12649
12471	12472	12651	12650
12472	12473	12652	12651
12473	12654	12653	12652
12474	12655	12654	12473
12475	12656	12655	12474
12476	12657	12656	12475
12477	12658	12657	12476
12478	12659	12658	12477
12479	12660	12659	12478
12480	12661	12660	12479
12481	12662	12661	12480
12482	12663	12662	12481
12483	12664	12663	12482
12484	12665	12664	12483
12485	12666	12665	12484
12486	12667	12666	12485
12487	12668	12667	12486
12488	12669	12668	12487
12489	12670	12669	12488
12490	12671	12670	12489
12491	12672	12671	12490
12492	12673	12672	12491
12493	12674	12673	12492
12494	12675	12674	12493
12495	12676	12675	12494
12496	12677	12676	12495
12497	12678	12677	12496
12498	12679	12678	12497
12499	12680	12679	12498
12500	12681	12680	12499
12501	12682	12681	12500
12502	12683	12682	12501
12503	12684	12683	12502
12504	12685	12684	12503
12505	12686	12685	12504
12506	12687	12686	12505
12507	12688	12687	12506
12508	12689	12688	12507
12509	12690	12689	12508
12510	12691	12690	12509
12511	12692	12691	12510
12512	12693	12692	12511
12513	12694	12693	12512
12514	12695	12694	12513
12515	12696	12695	12514
12516	12697	12696	12515
12517	12698	12697	12516
12518	12699	12698	12517
12519	12700	12699	12518
12520	12701	12700	12519
12521	12702	12701	12520
12522	12703	12702	12521
12523	12704	12703	12522
12524	12705	12704	12523
12525	12706	12705	12524
12526	12707	12706	12525
12527	12708	12707	12526
12528	12709	12708	12527
12529	12710	12709	12528
12530	12711	12710	12529
12531	12712	12711	12530
12532	12713	12712	12531
12533	12714	12713	12532
12534	12715	12714	12533
12535	12716	12715	12534
12536	12717	12716	12535
12537	12718	12717	12536
12538	12719	12718	12537
12539	12720	12719	12538
12540	12721	12720	12539
12541	12722	12721	12540
12542	12723	12722	12541
12543	12724	12723	12542
12544	12725	12724	12543
12545	12726	12725	12544
12546	12727	12726	12545
12547	12728	12727	12546
12548	12729	12728	12547
12549	12730	12729	12548
12550	12731	12730	12549
12551	12732	12731	12550
12552	12733	12732	12551
12553	12734	12733	12552
12554	12735	12734	12553
12555	12736	12735	12554
12556	12557	12738	12737
12557	12558	12739	12738
12558	12559	12740	12739
12559	12560	12741	12740
12560	12561	12742	12741
12561	12562	12743	12742
12562	12563	12744	12743
12563	12564	12745	12744
12564	12565	12746	12745
12565	12566	12747	12746
12566	12567	12748	12747
12567	12568	12749	12748
12568	12569	12750	12749
12569	12570	12751	12750
12570	12571	12752	12751
12571	12572	12753	12752
12572	12573	12754	12753
12573	12574	12755	12754
12574	12575	12756	12755
12575	12576	12757	12756
12576	12577	12758	12757
12577	12578	12759	12758
12578	12579	12760	12759
12579	12580	12761	12760
12580	12581	12762	12761
12581	12582	12763	12762
12582	12583	12764	12763
12583	12584	12765	12764
12584	12585	12766	12765
12585	12586	12767	12766
12586	12587	12768	12767
12587	12588	12769	12768
12588	12589	12770	12769
12589	12590	12771	12770
12590	12591	12772	12771
12591	12592	12773	12772
12592	12593	12774	12773
12593	12594	12775	12774
12594	12595	12776	12775
12595	12596	12777	12776
12596	12597	12778	12777
12597	12598	12779	12778
12598	12599	12780	12779
12599	12600	12781	12780
12600	12601	12782	12781
12601	12602	12783	12782
12602	12603	12784	12783
12603	12604	12785	12784
12604	12605	12786	12785
12605	12606	12787	12786
12606	12607	12788	12787
12607	12608	12789	12788
12608	12609	12790	12789
12609	12610	12791	12790
12610	12611	12792	12791
12611	12612	12793	12792
12612	12613	12794	12793
12613	12614	12795	12794
12614	12615	12796	12795
12615	12616	12797	12796
12616	12617	12798	12797
12617	12618	12799	12798
12618	12619	12800	12799
12619	12620	12801	12800
12620	12621	12802	12801
12621	12622	12803	12802
12622	12623	12804	12803
12623	12624	12805	12804
12624	12625	12806	12805
12625	12626	12807	12806
12626	12627	12808	12807
12627	12628	12809	12808
12628	12629	12810	12809
12629	12630	12811	12810
12630	12631	12812	12811
12631	12632	12813	12812
12632	12633	12814	12813
12633	12634	12815	12814
12634	12635	12816	12815
12635	12636	12817	12816
12636	12637	12818	12817
12637	12638	12819	12818
12638	12639	12820	12819
12639	12640	12821	12820
12640	12641	12822	12821
12641	12642	12823	12822
12642	12643	12824	12823
12643	12644	12825	12824
12644	12645	12826	12825
12645	12646	12827	12826
12646	12647	12828	12827
12647	12648	12829	12828
12648	12649	12830	12829
12649	12650	12831	12830
12650	12651	12832	12831
12651	12652	12833	12832
12652	12653	12834	12833
12653	12836	12835	12834
12654	12837	12836	12653
12655	12838	12837	12654
12656	12839	12838	12655
12657	12840	12839	12656
12658	12841	12840	12657
12659	12842	12841	12658
12660	12843	12842	12659
12661	12844	12843	12660
12662	12845	12844	12661
12663	12846	12845	12662
12664	12847	12846	12663
12665	12848	12847	12664
12666	12849	12848	12665
12667	12850	12849	12666
12668	12851	12850	12667
12669	12852	12851	12668
12670	12853	12852	12669
12671	12854	12853	12670
12672	12855	12854	12671
12673	12856	12855	12672
12674	12857	12856	12673
12675	12858	12857	12674
12676	12859	12858	12675
12677	12860	12859	12676
12678	12861	12860	12677
12679	12862	12861	12678
12680	12863	12862	12679
12681	12864	12863	12680
12682	12865	12864	12681
12683	12866	12865	12682
12684	12867	12866	12683
12685	12868	12867	12684
12686	12869	12868	12685
12687	12870	12869	12686
12688	12871	12870	12687
12689	12872	12871	12688
12690	12873	12872	12689
12691	12874	12873	12690
12692	12875	12874	12691
12693	12876	12875	12692
12694	12877	12876	12693
12695	12878	12877	12694
12696	12879	12878	12695
12697	12880	12879	12696
12698	12881	12880	12697
12699	12882	12881	12698
12700	12883	12882	12699
12701	12884	12883	12700
12702	12885	12884	12701
12703	12886	12885	12702
12704	12887	12886	12703
12705	12888	12887	12704
12706	12889	12888	12705
12707	12890	12889	12706
12708	12891	12890	12707
12709	12892	12891	12708
12710	12893	12892	12709
12711	12894	12893	12710
12712	12895	12894	12711
12713	12896	12895	12712
12714	12897	12896	12713
12715	12898	12897	12714
12716	12899	12898	12715
12717	12900	12899	12716
12718	12901	12900	12717
12719	12902	12901	12718
12720	12903	12902	12719
12721	12904	12903	12720
12722	12905	12904	12721
12723	12906	12905	12722
12724	12907	12906	12723
12725	12908	12907	12724
12726	12909	12908	12725
12727	12910	12909	12726
12728	12911	12910	12727
12729	12912	12911	12728
12730	12913	12912	12729
12731	12914	12913	12730
12732	12915	12914	12731
12733	12916	12915	12732
12734	12917	12916	12733
12735	12918	12917	12734
12736	12919	12918	12735
12737	12738	12921	12920
12738	12739	12922	12921
12739	12740	12923	12922
12740	12741	12924	12923
12741	12742	12925	12924
12742	12743	12926	12925
12743	12744	12927	12926
12744	12745	12928	12927
12745	12746	12929	12928
12746	12747	12930	12929
12747	12748	12931	12930
12748	12749	12932	12931
12749	12750	12933	12932
12750	12751	12934	12933
12751	12752	12935	12934
12752	12753	12936	12935
12753	12754	12937	12936
12754	12755	12938	12937
12755	12756	12939	12938
12756	12757	12940	12939
12757	12758	12941	12940
12758	12759	12942	12941
12759	12760	12943	12942
12760	12761	12944	12943
12761	12762	12945	12944
12762	12763	12946	12945
12763	12764	12947	12946
12764	12765	12948	12947
12765	12766	12949	12948
12766	12767	12950	12949
12767	12768	12951	12950
12768	12769	12952	12951
12769	12770	12953	12952
12770	12771	12954	12953
12771	12772	12955	12954
12772	12773	12956	12955
12773	12774	12957	12956
12774	12775	12958	12957
12775	12776	12959	12958
12776	12777	12960	12959
12777	12778	12961	12960
12778	12779	12962	12961
12779	12780	12963	12962
12780	12781	12964	12963
12781	12782	12965	12964
12782	12783	12966	12965
12783	12784	12967	12966
12784	12785	12968	12967
12785	12786	12969	12968
12786	12787	12970	12969
12787	12788	12971	12970
12788	12789	12972	12971
12789	12790	12973	12972
12790	12791	12974	12973
12791	12792	12975	12974
12792	12793	12976	12975
12793	12794	12977	12976
12794	12795	12978	12977
12795	12796	12979	12978
12796	12797	12980	12979
12797	12798	12981	12980
12798	12799	12982	12981
12799	12800	12983	12982
12800	12801	12984	12983
12801	12802	12985	12984
12802	12803	12986	12985
12803	12804	12987	12986
12804	12805	12988	12987
12805	12806	12989	12988
12806	12807	12990	12989
12807	12808	12991	12990
12808	12809	12992	12991
12809	12810	12993	12992
12810	12811	12994	12993
12811	12812	12995	12994
12812	12813	12996	12995
12813	12814	12997	12996
12814	12815	12998	12997
12815	12816	12999	12998
12816	12817	13000	12999
12817	12818	13001	13000
12818	12819	13002	13001
12819	12820	13003	13002
12820	12821	13004	13003
12821	12822	13005	13004
12822	12823	13006	13005
12823	12824	13007	13006
12824	12825	13008	13007
12825	12826	13009	13008
12826	12827	13010	13009
12827	12828	13011	13010
12828	12829	13012	13011
12829	12830	13013	13012
12830	12831	13014	13013
12831	12832	13015	13014
12832	12833	13016	13015
12833	12834	13017	13016
12834	12835	13018	13017
12835	13020	13019	13018
12836	13021	13020	12835
12837	13022	13021	12836
12838	13023	13022	12837
12839	13024	13023	12838
12840	13025	13024	12839
12841	13026	13025	12840
12842	13027	13026	12841
12843	13028	13027	12842
12844	13029	13028	12843
12845	13030	13029	12844
12846	13031	13030	12845
12847	13032	13031	12846
12848	13033	13032	12847
12849	13034	13033	12848
12850	13035	13034	12849
12851	13036	13035	12850
12852	13037	13036	12851
12853	13038	13037	12852
12854	13039	13038	12853
12855	13040	13039	12854
12856	13041	13040	12855
12857	13042	13041	12856
12858	13043	13042	12857
12859	13044	13043	12858
12860	13045	13044	12859
12861	13046	13045	12860
12862	13047	13046	12861
12863	13048	13047	12862
12864	13049	13048	12863
12865	13050	13049	12864
12866	13051	13050	12865
12867	13052	13051	12866
12868	13053	13052	12867
12869	13054	13053	12868
12870	13055	13054	12869
12871	13056	13055	12870
12872	13057	13056	12871
12873	13058	13057	12872
12874	13059	13058	12873
12875	13060	13059	12874
12876	13061	13060	12875
12877	13062	13061	12876
12878	13063	13062	12877
12879	13064	13063	12878
12880	13065	13064	12879
12881	13066	13065	12880
12882	13067	13066	12881
12883	13068	13067	12882
12884	13069	13068	12883
12885	13070	13069	12884
12886	13071	13070	12885
12887	13072	13071	12886
12888	13073	13072	12887
12889	13074	13073	12888
12890	13075	13074	12889
12891	13076	13075	12890
12892	13077	13076	12891
12893	13078	13077	12892
12894	13079	13078	12893
12895	13080	13079	12894
12896	13081	13080	12895
12897	13082	13081	12896
12898	13083	13082	12897
12899	13084	13083	12898
12900	13085	13084	12899
12901	13086	13085	12900
12902	13087	13086	12901
12903	13088	13087	12902
12904	13089	13088	12903
12905	13090	13089	12904
12906	13091	13090	12905
12907	13092	13091	12906
12908	13093	13092	12907
12909	13094	13093	12908
12910	13095	13094	12909
12911	13096	13095	12910
12912	13097	13096	12911
12913	13098	13097	12912
12914	13099	13098	12913
12915	13100	13099	12914
12916	13101	13100	12915
12917	13102	13101	12916
12918	13103	13102	12917
12919	13104	13103	12918
12920	12921	13106	13105
12921	12922	13107	13106
12922	12923	13108	13107
12923	12924	13109	13108
12924	12925	13110	13109
12925	12926	13111	13110
12926	12927	13112	13111
12927	12928	13113	13112
12928	12929	13114	13113
12929	12930	13115	13114
12930	12931	13116	13115
12931	12932	13117	13116
12932	12933	13118	13117
12933	12934	13119	13118
12934	12935	13120	13119
12935	12936	13121	13120
12936	12937	13122	13121
12937	12938	13123	13122
12938	12939	13124	13123
12939	12940	13125	13124
12940	12941	13126	13125
12941	12942	13127	13126
12942	12943	13128	13127
12943	12944	13129	13128
12944	12945	13130	13129
12945	12946	13131	13130
12946	12947	13132	13131
12947	12948	13133	13132
12948	12949	13134	13133
12949	12950	13135	13134
12950	12951	13136	13135
12951	12952	13137	13136
12952	12953	13138	13137
12953	12954	13139	13138
12954	12955	13140	13139
12955	12956	13141	13140
12956	12957	13142	13141
12957	12958	13143	13142
12958	12959	13144	13143
12959	12960	13145	13144
12960	12961	13146	13145
12961	12962	13147	13146
12962	12963	13148	13147
12963	12964	13149	13148
12964	12965	13150	13149
12965	12966	13151	13150
12966	12967	13152	13151
12967	12968	13153	13152
12968	12969	13154	13153
12969	12970	13155	13154
12970	12971	13156	13155
12971	12972	13157	13156
12972	12973	13158	13157
12973	12974	13159	13158
12974	12975	13160	13159
12975	12976	13161	13160
12976	12977	13162	13161
12977	12978	13163	13162
12978	12979	13164	13163
12979	12980	13165	13164
12980	12981	13166	13165
12981	12982	13167	13166
12982	12983	13168	13167
12983	12984	13169	13168
12984	12985	13170	13169
12985	12986	13171	13170
12986	12987	13172	13171
12987	12988	13173	13172
12988	12989	13174	13173
12989	12990	13175	13174
12990	12991	13176	13175
12991	12992	13177	13176
12992	12993	13178	13177
12993	12994	13179	13178
12994	12995	13180	13179
12995	12996	13181	13180
12996	12997	13182	13181
12997	12998	13183	13182
12998	12999	13184	13183
12999	13000	13185	13184
13000	13001	13186	13185
13001	13002	13187	13186
13002	13003	13188	13187
13003	13004	13189	13188
13004	13005	13190	13189
13005	13006	13191	13190
13006	13007	13192	13191
13007	13008	13193	13192
13008	13009	13194	13193
13009	13010	13195	13194
13010	13011	13196	13195
13011	13012	13197	13196
13012	13013	13198	13197
13013	13014	13199	13198
13014	13015	13200	13199
13015	13016	13201	13200
13016	13017	13202	13201
13017	13018	13203	13202
13018	13019	13204	13203
13019	13206	13205	13204
13020	13207	13206	13019
13021	13208	13207	13020
13022	13209	13208	13021
13023	13210	13209	13022
13024	13211	13210	13023
13025	13212	13211	13024
13026	13213	13212	13025
13027	13214	13213	13026
13028	13215	13214	13027
13029	13216	13215	13028
13030	13217	13216	13029
13031	13218	13217	13030
13032	13219	13218	13031
13033	13220	13219	13032
13034	13221	13220	13033
13035	13222	13221	13034
13036	13223	13222	13035
13037	13224	13223	13036
13038	13225	13224	13037
13039	13226	13225	13038
13040	13227	13226	13039
13041	13228	13227	13040
13042	13229	13228	13041
13043	13230	13229	13042
13044	13231	13230	13043
13045	13232	13231	13044
13046	13233	13232	13045
13047	13234	13233	13046
13048	13235	13234	13047
13049	13236	13235	13048
13050	13237	13236	13049
13051	13238	13237	13050
13052	13239	13238	13051
13053	13240	13239	13052
13054	13241	13240	13053
13055	13242	13241	13054
13056	13243	13242	13055
13057	13244	13243	13056
13058	13245	13244	13057
13059	13246	13245	13058
13060	13247	13246	13059
13061	13248	13247	13060
13062	13249	13248	13061
13063	13250	13249	13062
13064	13251	13250	13063
13065	13252	13251	13064
13066	13253	13252	13065
13067	13254	13253	13066
13068	13255	13254	13067
13069	13256	13255	13068
13070	13257	13256	13069
13071	13258	13257	13070
13072	13259	13258	13071
13073	13260	13259	13072
13074	13261	13260	13073
13075	13262	13261	13074
13076	13263	13262	13075
13077	13264	13263	13076
13078	13265	13264	13077
13079	13266	13265	13078
13080	13267	13266	13079
13081	13268	13267	13080
13082	13269	13268	13081
13083	13270	13269	13082
13084	13271	13270	13083
13085	13272	13271	13084
13086	13273	13272	13085
13087	13274	13273	13086
13088	13275	13274	13087
13089	13276	13275	13088
13090	13277	13276	13089
13091	13278	13277	13090
13092	13279	13278	13091
13093	13280	13279	13092
13094	13281	13280	13093
13095	13282	13281	13094
13096	13283	13282	13095
13097	13284	13283	13096
13098	13285	13284	13097
13099	13286	13285	13098
13100	13287	13286	13099
13101	13288	13287	13100
13102	13289	13288	13101
13103	13290	13289	13102
13104	13291	13290	13103
13105	13106	13293	13292
13106	13107	13294	13293
13107	13108	13295	13294
13108	13109	13296	13295
13109	13110	13297	13296
13110	13111	13298	13297
13111	13112	13299	13298
13112	13113	13300	13299
13113	13114	13301	13300
13114	13115	13302	13301
13115	13116	13303	13302
13116	13117	13304	13303
13117	13118	13305	13304
13118	13119	13306	13305
13119	13120	13307	13306
13120	13121	13308	13307
13121	13122	13309	13308
13122	13123	13310	13309
13123	13124	13311	13310
13124	13125	13312	13311
13125	13126	13313	13312
13126	13127	13314	13313
13127	13128	13315	13314
13128	13129	13316	13315
13129	13130	13317	13316
13130	13131	13318	13317
13131	13132	13319	13318
13132	13133	13320	13319
13133	13134	13321	13320
13134	13135	13322	13321
13135	13136	13323	13322
13136	13137	13324	13323
13137	13138	13325	13324
13138	13139	13326	13325
13139	13140	13327	13326
13140	13141	13328	13327
13141	13142	13329	13328
13142	13143	13330	13329
13143	13144	13331	13330
13144	13145	13332	13331
13145	13146	13333	13332
13146	13147	13334	13333
13147	13148	13335	13334
13148	13149	13336	13335
13149	13150	13337	13336
13150	13151	13338	13337
13151	13152	13339	13338
13152	13153	13340	13339
13153	13154	13341	13340
13154	13155	13342	13341
13155	13156	13343	13342
13156	13157	13344	13343
13157	13158	13345	13344
13158	13159	13346	13345
13159	13160	13347	13346
13160	13161	13348	13347
13161	13162	13349	13348
13162	13163	13350	13349
13163	13164	13351	13350
13164	13165	13352	13351
13165	13166	13353	13352
13166	13167	13354	13353
13167	13168	13355	13354
13168	13169	13356	13355
13169	13170	13357	13356
13170	13171	13358	13357
13171	13172	13359	13358
13172	13173	13360	13359
13173	13174	13361	13360
13174	13175	13362	13361
13175	13176	13363	13362
13176	13177	13364	13363
13177	13178	13365	13364
13178	13179	13366	13365
13179	13180	13367	13366
13180	13181	13368	13367
13181	13182	13369	13368
13182	13183	13370	13369
13183	13184	13371	13370
13184	13185	13372	13371
13185	13186	13373	13372
13186	13187	13374	13373
13187	13188	13375	13374
13188	13189	13376	13375
13189	13190	13377	13376
13190	13191	13378	13377
13191	13192	13379	13378
13192	13193	13380	13379
13193	13194	13381	13380
13194	13195	13382	13381
13195	13196	13383	13382
13196	13197	13384	13383
13197	13198	13385	13384
13198	13199	13386	13385
13199	13200	13387	13386
13200	13201	13388	13387
13201	13202	13389	13388
13202	13203	13390	13389
13203	13204	13391	13390
13204	13205	13392	13391
13205	13394	13393	13392
13206	13395	13394	13205
13207	13396	13395	13206
13208	13397	13396	13207
13209	13398	13397	13208
13210	13399	13398	13209
13211	13400	13399	13210
13212	13401	13400	13211
13213	13402	13401	13212
13214	13403	13402	13213
13215	13404	13403	13214
13216	13405	13404	13215
13217	13406	13405	13216
13218	13407	13406	13217
13219	13408	13407	13218
13220	13409	13408	13219
13221	13410	13409	13220
13222	13411	13410	13221
13223	13412	13411	13222
13224	13413	13412	13223
13225	13414	13413	13224
13226	13415	13414	13225
13227	13416	13415	13226
13228	13417	13416	13227
13229	13418	13417	13228
13230	13419	13418	13229
13231	13420	13419	13230
13232	13421	13420	13231
13233	13422	13421	13232
13234	13423	13422	13233
13235	13424	13423	13234
13236	13425	13424	13235
13237	13426	13425	13236
13238	13427	13426	13237
13239	13428	13427	13238
13240	13429	13428	13239
13241	13430	13429	13240
13242	13431	13430	13241
13243	13432	13431	13242
13244	13433	13432	13243
13245	13434	13433	13244
13246	13435	13434	13245
13247	13436	13435	13246
13248	13437	13436	13247
13249	13438	13437	13248
13250	13439	13438	13249
13251	13440	13439	13250
13252	13441	13440	13251
13253	13442	13441	13252
13254	13443	13442	13253
13255	13444	13443	13254
13256	13445	13444	13255
13257	13446	13445	13256
13258	13447	13446	13257
13259	13448	13447	13258
13260	13449	13448	13259
13261	13450	13449	13260
13262	13451	13450	13261
13263	13452	13451	13262
13264	13453	13452	13263
13265	13454	13453	13264
13266	13455	13454	13265
13267	13456	13455	13266
13268	13457	13456	13267
13269	13458	13457	13268
13270	13459	13458	13269
13271	13460	13459	13270
13272	13461	13460	13271
13273	13462	13461	13272
13274	13463	13462	13273
13275	13464	13463	13274
13276	13465	13464	13275
13277	13466	13465	13276
13278	13467	13466	13277
13279	13468	13467	13278
13280	13469	13468	13279
13281	13470	13469	13280
13282	13471	13470	13281
13283	13472	13471	13282
13284	13473	13472	13283
13285	13474	13473	13284
13286	13475	13474	13285
13287	13476	13475	13286
13288	13477	13476	13287
13289	13478	13477	13288
13290	13479	13478	13289
13291	13480	13479	13290
13292	13293	13482	13481
13293	13294	13483	13482
13294	13295	13484	13483
13295	13296	13485	13484
13296	13297	13486	13485
13297	13298	13487	13486
13298	13299	13488	13487
13299	13300	13489	13488
13300	13301	13490	13489
13301	13302	13491	13490
13302	13303	13492	13491
13303	13304	13493	13492
13304	13305	13494	13493
13305	13306	13495	13494
13306	13307	13496	13495
13307	13308	13497	13496
13308	13309	13498	13497
13309	13310	13499	13498
13310	13311	13500	13499
13311	13312	13501	13500
13312	13313	13502	13501
13313	13314	13503	13502
13314	13315	13504	13503
13315	13316	13505	13504
13316	13317	13506	13505
13317	13318	13507	13506
13318	13319	13508	13507
13319	13320	13509	13508
13320	13321	13510	13509
13321	13322	13511	13510
13322	13323	13512	13511
13323	13324	13513	13512
13324	13325	13514	13513
13325	13326	13515	13514
13326	13327	13516	13515
13327	13328	13517	13516
13328	13329	13518	13517
13329	13330	13519	13518
13330	13331	13520	13519
13331	13332	13521	13520
13332	13333	13522	13521
13333	13334	13523	13522
13334	13335	13524	13523
13335	13336	13525	13524
13336	13337	13526	13525
13337	13338	13527	13526
13338	13339	13528	13527
13339	13340	13529	13528
13340	13341	13530	13529
13341	13342	13531	13530
13342	13343	13532	13531
13343	13344	13533	13532
13344	13345	13534	13533
13345	13346	13535	13534
13346	13347	13536	13535
13347	13348	13537	13536
13348	13349	13538	13537
13349	13350	13539	13538
13350	13351	13540	13539
13351	13352	13541	13540
13352	13353	13542	13541
13353	13354	13543	13542
13354	13355	13544	13543
13355	13356	13545	13544
13356	13357	13546	13545
13357	13358	13547	13546
13358	13359	13548	13547
13359	13360	13549	13548
13360	13361	13550	13549
13361	13362	13551	13550
13362	13363	13552	13551
13363	13364	13553	13552
13364	13365	13554	13553
13365	13366	13555	13554
13366	13367	13556	13555
13367	13368	13557	13556
13368	13369	13558	13557
13369	13370	13559	13558
13370	13371	13560	13559
13371	13372	13561	13560
13372	13373	13562	13561
13373	13374	13563	13562
13374	13375	13564	13563
13375	13376	13565	13564
13376	13377	13566	13565
13377	13378	13567	13566
13378	13379	13568	13567
13379	13380	13569	13568
13380	13381	13570	13569
13381	13382	13571	13570
13382	13383	13572	13571
13383	13384	13573	13572
13384	13385	13574	13573
13385	13386	13575	13574
13386	13387	13576	13575
13387	13388	13577	13576
13388	13389	13578	13577
13389	13390	13579	13578
13390	13391	13580	13579
13391	13392	13581	13580
13392	13393	13582	13581
13393	13584	13583	13582
13394	13585	13584	13393
13395	13586	13585	13394
13396	13587	13586	13395
13397	13588	13587	13396
13398	13589	13588	13397
13399	13590	13589	13398
13400	13591	13590	13399
13401	13592	13591	13400
13402	13593	13592	13401
13403	13594	13593	13402
13404	13595	13594	13403
13405	13596	13595	13404
13406	13597	13596	13405
13407	13598	13597	13406
13408	13599	13598	13407
13409	13600	13599	13408
13410	13601	13600	13409
13411	13602	13601	13410
13412	13603	13602	13411
13413	13604	13603	13412
13414	13605	13604	13413
13415	13606	13605	13414
13416	13607	13606	13415
13417	13608	13607	13416
13418	13609	13608	13417
13419	13610	13609	13418
13420	13611	13610	13419
13421	13612	13611	13420
13422	13613	13612	13421
13423	13614	13613	13422
13424	13615	13614	13423
13425	13616	13615	13424
13426	13617	13616	13425
13427	13618	13617	13426
13428	13619	13618	13427
13429	13620	13619	13428
13430	13621	13620	13429
13431	13622	13621	13430
13432	13623	13622	13431
13433	13624	13623	13432
13434	13625	13624	13433
13435	13626	13625	13434
13436	13627	13626	13435
13437	13628	13627	13436
13438	13629	13628	13437
13439	13630	13629	13438
13440	13631	13630	13439
13441	13632	13631	13440
13442	13633	13632	13441
13443	13634	13633	13442
13444	13635	13634	13443
13445	13636	13635	13444
13446	13637	13636	13445
13447	13638	13637	13446
13448	13639	13638	13447
13449	13640	13639	13448
13450	13641	13640	13449
13451	13642	13641	13450
13452	13643	13642	13451
13453	13644	13643	13452
13454	13645	13644	13453
13455	13646	13645	13454
13456	13647	13646	13455
13457	13648	13647	13456
13458	13649	13648	13457
13459	13650	13649	13458
13460	13651	13650	13459
13461	13652	13651	13460
13462	13653	13652	13461
13463	13654	13653	13462
13464	13655	13654	13463
13465	13656	13655	13464
13466	13657	13656	13465
13467	13658	13657	13466
13468	13659	13658	13467
13469	13660	13659	13468
13470	13661	13660	13469
13471	13662	13661	13470
13472	13663	13662	13471
13473	13664	13663	13472
13474	13665	13664	13473
13475	13666	13665	13474
13476	13667	13666	13475
13477	13668	13667	13476
13478	13669	13668	13477
13479	13670	13669	13478
13480	13671	13670	13479
13481	13482	13673	13672
13482	13483	13674	13673
13483	13484	13675	13674
13484	13485	13676	13675
13485	13486	13677	13676
13486	13487	13678	13677
13487	13488	13679	13678
13488	13489	13680	13679
13489	13490	13681	13680
13490	13491	13682	13681
13491	13492	13683	13682
13492	13493	13684	13683
13493	13494	13685	13684
13494	13495	13686	13685
13495	13496	13687	13686
13496	13497	13688	13687
13497	13498	13689	13688
13498	13499	13690	13689
13499	13500	13691	13690
13500	13501	13692	13691
13501	13502	13693	13692
13502	13503	13694	13693
13503	13504	13695	13694
13504	13505	13696	13695
13505	13506	13697	13696
13506	13507	13698	13697
13507	13508	13699	13698
13508	13509	13700	13699
13509	13510	13701	13700
13510	13511	13702	13701
13511	13512	13703	13702
13512	13513	13704	13703
13513	13514	13705	13704
13514	13515	13706	13705
13515	13516	13707	13706
13516	13517	13708	13707
13517	13518	13709	13708
13518	13519	13710	13709
13519	13520	13711	13710
13520	13521	13712	13711
13521	13522	13713	13712
13522	13523	13714	13713
13523	13524	13715	13714
13524	13525	13716	13715
13525	13526	13717	13716
13526	13527	13718	13717
13527	13528	13719	13718
13528	13529	13720	13719
13529	13530	13721	13720
13530	13531	13722	13721
13531	13532	13723	13722
13532	13533	13724	13723
13533	13534	13725	13724
13534	13535	13726	13725
13535	13536	13727	13726
13536	13537	13728	13727
13537	13538	13729	13728
13538	13539	13730	13729
13539	13540	13731	13730
13540	13541	13732	13731
13541	13542	13733	13732
13542	13543	13734	13733
13543	13544	13735	13734
13544	13545	13736	13735
13545	13546	13737	13736
13546	13547	13738	13737
13547	13548	13739	13738
13548	13549	13740	13739
13549	13550	13741	13740
13550	13551	13742	13741
13551	13552	13743	13742
13552	13553	13744	13743
13553	13554	13745	13744
13554	13555	13746	13745
13555	13556	13747	13746
13556	13557	13748	13747
13557	13558	13749	13748
13558	13559	13750	13749
13559	13560	13751	13750
13560	13561	13752	13751
13561	13562	13753	13752
13562	13563	13754	13753
13563	13564	13755	13754
13564	13565	13756	13755
13565	13566	13757	13756
13566	13567	13758	13757
13567	13568	13759	13758
13568	13569	13760	13759
13569	13570	13761	13760
13570	13571	13762	13761
13571	13572	13763	13762
13572	13573	13764	13763
13573	13574	13765	13764
13574	13575	13766	13765
13575	13576	13767	13766
13576	13577	13768	13767
13577	13578	13769	13768
13578	13579	13770	13769
13579	13580	13771	13770
13580	13581	13772	13771
13581	13582	13773	13772
13582	13583	13774	13773
13583	13776	13775	13774
13584	13777	13776	13583
13585	13778	13777	13584
13586	13779	13778	13585
13587	13780	13779	13586
13588	13781	13780	13587
13589	13782	13781	13588
13590	13783	13782	13589
13591	13784	13783	13590
13592	13785	13784	13591
13593	13786	13785	13592
13594	13787	13786	13593
13595	13788	13787	13594
13596	13789	13788	13595
13597	13790	13789	13596
13598	13791	13790	13597
13599	13792	13791	13598
13600	13793	13792	13599
13601	13794	13793	13600
13602	13795	13794	13601
13603	13796	13795	13602
13604	13797	13796	13603
13605	13798	13797	13604
13606	13799	13798	13605
13607	13800	13799	13606
13608	13801	13800	13607
13609	13802	13801	13608
13610	13803	13802	13609
13611	13804	13803	13610
13612	13805	13804	13611
13613	13806	13805	13612
13614	13807	13806	13613
13615	13808	13807	13614
13616	13809	13808	13615
13617	13810	13809	13616
13618	13811	13810	13617
13619	13812	13811	13618
13620	13813	13812	13619
13621	13814	13813	13620
13622	13815	13814	13621
13623	13816	13815	13622
13624	13817	13816	13623
13625	13818	13817	13624
13626	13819	13818	13625
13627	13820	13819	13626
13628	13821	13820	13627
13629	13822	13821	13628
13630	13823	13822	13629
13631	13824	13823	13630
13632	13825	13824	13631
13633	13826	13825	13632
13634	13827	13826	13633
13635	13828	13827	13634
13636	13829	13828	13635
13637	13830	13829	13636
13638	13831	13830	13637
13639	13832	13831	13638
13640	13833	13832	13639
13641	13834	13833	13640
13642	13835	13834	13641
13643	13836	13835	13642
13644	13837	13836	13643
13645	13838	13837	13644
13646	13839	13838	13645
13647	13840	13839	13646
13648	13841	13840	13647
13649	13842	13841	13648
13650	13843	13842	13649
13651	13844	13843	13650
13652	13845	13844	13651
13653	13846	13845	13652
13654	13847	13846	13653
13655	13848	13847	13654
13656	13849	13848	13655
13657	13850	13849	13656
13658	13851	13850	13657
13659	13852	13851	13658
13660	13853	13852	13659
13661	13854	13853	13660
13662	13855	13854	13661
13663	13856	13855	13662
13664	13857	13856	13663
13665	13858	13857	13664
13666	13859	13858	13665
13667	13860	13859	13666
13668	13861	13860	13667
13669	13862	13861	13668
13670	13863	13862	13669
13671	13864	13863	13670
13672	13673	13866	13865
13673	13674	13867	13866
13674	13675	13868	13867
13675	13676	13869	13868
13676	13677	13870	13869
13677	13678	13871	13870
13678	13679	13872	13871
13679	13680	13873	13872
13680	13681	13874	13873
13681	13682	13875	13874
13682	13683	13876	13875
13683	13684	13877	13876
13684	13685	13878	13877
13685	13686	13879	13878
13686	13687	13880	13879
13687	13688	13881	13880
13688	13689	13882	13881
13689	13690	13883	13882
13690	13691	13884	13883
13691	13692	13885	13884
13692	13693	13886	13885
13693	13694	13887	13886
13694	13695	13888	13887
13695	13696	13889	13888
13696	13697	13890	13889
13697	13698	13891	13890
13698	13699	13892	13891
13699	13700	13893	13892
13700	13701	13894	13893
13701	13702	13895	13894
13702	13703	13896	13895
13703	13704	13897	13896
13704	13705	13898	13897
13705	13706	13899	13898
13706	13707	13900	13899
13707	13708	13901	13900
13708	13709	13902	13901
13709	13710	13903	13902
13710	13711	13904	13903
13711	13712	13905	13904
13712	13713	13906	13905
13713	13714	13907	13906
13714	13715	13908	13907
13715	13716	13909	13908
13716	13717	13910	13909
13717	13718	13911	13910
13718	13719	13912	13911
13719	13720	13913	13912
13720	13721	13914	13913
13721	13722	13915	13914
13722	13723	13916	13915
13723	13724	13917	13916
13724	13725	13918	13917
13725	13726	13919	13918
13726	13727	13920	13919
13727	13728	13921	13920
13728	13729	13922	13921
13729	13730	13923	13922
13730	13731	13924	13923
13731	13732	13925	13924
13732	13733	13926	13925
13733	13734	13927	13926
13734	13735	13928	13927
13735	13736	13929	13928
13736	13737	13930	13929
13737	13738	13931	13930
13738	13739	13932	13931
13739	13740	13933	13932
13740	13741	13934	13933
13741	13742	13935	13934
13742	13743	13936	13935
13743	13744	13937	13936
13744	13745	13938	13937
13745	13746	13939	13938
13746	13747	13940	13939
13747	13748	13941	13940
13748	13749	13942	13941
13749	13750	13943	13942
13750	13751	13944	13943
13751	13752	13945	13944
13752	13753	13946	13945
13753	13754	13947	13946
13754	13755	13948	13947
13755	13756	13949	13948
13756	13757	13950	13949
13757	13758	13951	13950
13758	13759	13952	13951
13759	13760	13953	13952
13760	13761	13954	13953
13761	13762	13955	13954
13762	13763	13956	13955
13763	13764	13957	13956
13764	13765	13958	13957
13765	13766	13959	13958
13766	13767	13960	13959
13767	13768	13961	13960
13768	13769	13962	13961
13769	13770	13963	13962
13770	13771	13964	13963
13771	13772	13965	13964
13772	13773	13966	13965
13773	13774	13967	13966
13774	13775	13968	13967
13775	13970	13969	13968
13776	13971	13970	13775
13777	13972	13971	13776
13778	13973	13972	13777
13779	13974	13973	13778
13780	13975	13974	13779
13781	13976	13975	13780
13782	13977	13976	13781
13783	13978	13977	13782
13784	13979	13978	13783
13785	13980	13979	13784
13786	13981	13980	13785
13787	13982	13981	13786
13788	13983	13982	13787
13789	13984	13983	13788
13790	13985	13984	13789
13791	13986	13985	13790
13792	13987	13986	13791
13793	13988	13987	13792
13794	13989	13988	13793
13795	13990	13989	13794
13796	13991	13990	13795
13797	13992	13991	13796
13798	13993	13992	13797
13799	13994	13993	13798
13800	13995	13994	13799
13801	13996	13995	13800
13802	13997	13996	13801
13803	13998	13997	13802
13804	13999	13998	13803
13805	14000	13999	13804
13806	14001	14000	13805
13807	14002	14001	13806
13808	14003	14002	13807
13809	14004	14003	13808
13810	14005	14004	13809
13811	14006	14005	13810
13812	14007	14006	13811
13813	14008	14007	13812
13814	14009	14008	13813
13815	14010	14009	13814
13816	14011	14010	13815
13817	14012	14011	13816
13818	14013	14012	13817
13819	14014	14013	13818
13820	14015	14014	13819
13821	14016	14015	13820
13822	14017	14016	13821
13823	14018	14017	13822
13824	14019	14018	13823
13825	14020	14019	13824
13826	14021	14020	13825
13827	14022	14021	13826
13828	14023	14022	13827
13829	14024	14023	13828
13830	14025	14024	13829
13831	14026	14025	13830
13832	14027	14026	13831
13833	14028	14027	13832
13834	14029	14028	13833
13835	14030	14029	13834
13836	14031	14030	13835
13837	14032	14031	13836
13838	14033	14032	13837
13839	14034	14033	13838
13840	14035	14034	13839
13841	14036	14035	13840
13842	14037	14036	13841
13843	14038	14037	13842
13844	14039	14038	13843
13845	14040	14039	13844
13846	14041	14040	13845
13847	14042	14041	13846
13848	14043	14042	13847
13849	14044	14043	13848
13850	14045	14044	13849
13851	14046	14045	13850
13852	14047	14046	13851
13853	14048	14047	13852
13854	14049	14048	13853
13855	14050	14049	13854
13856	14051	14050	13855
13857	14052	14051	13856
13858	14053	14052	13857
13859	14054	14053	13858
13860	14055	14054	13859
13861	14056	14055	13860
13862	14057	14056	13861
13863	14058	14057	13862
13864	14059	14058	13863
13865	13866	14061	14060
13866	13867	14062	14061
13867	13868	14063	14062
13868	13869	14064	14063
13869	13870	14065	14064
13870	13871	14066	14065
13871	13872	14067	14066
13872	13873	14068	14067
13873	13874	14069	14068
13874	13875	14070	14069
13875	13876	14071	14070
13876	13877	14072	14071
13877	13878	14073	14072
13878	13879	14074	14073
13879	13880	14075	14074
13880	13881	14076	14075
13881	13882	14077	14076
13882	13883	14078	14077
13883	13884	14079	14078
13884	13885	14080	14079
13885	13886	14081	14080
13886	13887	14082	14081
13887	13888	14083	14082
13888	13889	14084	14083
13889	13890	14085	14084
13890	13891	14086	14085
13891	13892	14087	14086
13892	13893	14088	14087
13893	13894	14089	14088
13894	13895	14090	14089
13895	13896	14091	14090
13896	13897	14092	14091
13897	13898	14093	14092
13898	13899	14094	14093
13899	13900	14095	14094
13900	13901	14096	14095
13901	13902	14097	14096
13902	13903	14098	14097
13903	13904	14099	14098
13904	13905	14100	14099
13905	13906	14101	14100
13906	13907	14102	14101
13907	13908	14103	14102
13908	13909	14104	14103
13909	13910	14105	14104
13910	13911	14106	14105
13911	13912	14107	14106
13912	13913	14108	14107
13913	13914	14109	14108
13914	13915	14110	14109
13915	13916	14111	14110
13916	13917	14112	14111
13917	13918	14113	14112
13918	13919	14114	14113
13919	13920	14115	14114
13920	13921	14116	14115
13921	13922	14117	14116
13922	13923	14118	14117
13923	13924	14119	14118
13924	13925	14120	14119
13925	13926	14121	14120
13926	13927	14122	14121
13927	13928	14123	14122
13928	13929	14124	14123
13929	13930	14125	14124
13930	13931	14126	14125
13931	13932	14127	14126
13932	13933	14128	14127
13933	13934	14129	14128
13934	13935	14130	14129
13935	13936	14131	14130
13936	13937	14132	14131
13937	13938	14133	14132
13938	13939	14134	14133
13939	13940	14135	14134
13940	13941	14136	14135
13941	13942	14137	14136
13942	13943	14138	14137
13943	13944	14139	14138
13944	13945	14140	14139
13945	13946	14141	14140
13946	13947	14142	14141
13947	13948	14143	14142
13948	13949	14144	14143
13949	13950	14145	14144
13950	13951	14146	14145
13951	13952	14147	14146
13952	13953	14148	14147
13953	13954	14149	14148
13954	13955	14150	14149
13955	13956	14151	14150
13956	13957	14152	14151
13957	13958	14153	14152
13958	13959	14154	14153
13959	13960	14155	14154
13960	13961	14156	14155
13961	13962	14157	14156
13962	13963	14158	14157
13963	13964	14159	14158
13964	13965	14160	14159
13965	13966	14161	14160
13966	13967	14162	14161
13967	13968	14163	14162
13968	13969	14164	14163
13969	14166	14165	14164
13970	14167	14166	13969
13971	14168	14167	13970
13972	14169	14168	13971
13973	14170	14169	13972
13974	14171	14170	13973
13975	14172	14171	13974
13976	14173	14172	13975
13977	14174	14173	13976
13978	14175	14174	13977
13979	14176	14175	13978
13980	14177	14176	13979
13981	14178	14177	13980
13982	14179	14178	13981
13983	14180	14179	13982
13984	14181	14180	13983
13985	14182	14181	13984
13986	14183	14182	13985
13987	14184	14183	13986
13988	14185	14184	13987
13989	14186	14185	13988
13990	14187	14186	13989
13991	14188	14187	13990
13992	14189	14188	13991
13993	14190	14189	13992
13994	14191	14190	13993
13995	14192	14191	13994
13996	14193	14192	13995
13997	14194	14193	13996
13998	14195	14194	13997
13999	14196	14195	13998
14000	14197	14196	13999
14001	14198	14197	14000
14002	14199	14198	14001
14003	14200	14199	14002
14004	14201	14200	14003
14005	14202	14201	14004
14006	14203	14202	14005
14007	14204	14203	14006
14008	14205	14204	14007
14009	14206	14205	14008
14010	14207	14206	14009
14011	14208	14207	14010
14012	14209	14208	14011
14013	14210	14209	14012
14014	14211	14210	14013
14015	14212	14211	14014
14016	14213	14212	14015
14017	14214	14213	14016
14018	14215	14214	14017
14019	14216	14215	14018
14020	14217	14216	14019
14021	14218	14217	14020
14022	14219	14218	14021
14023	14220	14219	14022
14024	14221	14220	14023
14025	14222	14221	14024
14026	14223	14222	14025
14027	14224	14223	14026
14028	14225	14224	14027
14029	14226	14225	14028
14030	14227	14226	14029
14031	14228	14227	14030
14032	14229	14228	14031
14033	14230	14229	14032
14034	14231	14230	14033
14035	14232	14231	14034
14036	14233	14232	14035
14037	14234	14233	14036
14038	14235	14234	14037
14039	14236	14235	14038
14040	14237	14236	14039
14041	14238	14237	14040
14042	14239	14238	14041
14043	14240	14239	14042
14044	14241	14240	14043
14045	14242	14241	14044
14046	14243	14242	14045
14047	14244	14243	14046
14048	14245	14244	14047
14049	14246	14245	14048
14050	14247	14246	14049
14051	14248	14247	14050
14052	14249	14248	14051
14053	14250	14249	14052
14054	14251	14250	14053
14055	14252	14251	14054
14056	14253	14252	14055
14057	14254	14253	14056
14058	14255	14254	14057
14059	14256	14255	14058
14060	14061	14258	14257
14061	14062	14259	14258
14062	14063	14260	14259
14063	14064	14261	14260
14064	14065	14262	14261
14065	14066	14263	14262
14066	14067	14264	14263
14067	14068	14265	14264
14068	14069	14266	14265
14069	14070	14267	14266
14070	14071	14268	14267
14071	14072	14269	14268
14072	14073	14270	14269
14073	14074	14271	14270
14074	14075	14272	14271
14075	14076	14273	14272
14076	14077	14274	14273
14077	14078	14275	14274
14078	14079	14276	14275
14079	14080	14277	14276
14080	14081	14278	14277
14081	14082	14279	14278
14082	14083	14280	14279
14083	14084	14281	14280
14084	14085	14282	14281
14085	14086	14283	14282
14086	14087	14284	14283
14087	14088	14285	14284
14088	14089	14286	14285
14089	14090	14287	14286
14090	14091	14288	14287
14091	14092	14289	14288
14092	14093	14290	14289
14093	14094	14291	14290
14094	14095	14292	14291
14095	14096	14293	14292
14096	14097	14294	14293
14097	14098	14295	14294
14098	14099	14296	14295
14099	14100	14297	14296
14100	14101	14298	14297
14101	14102	14299	14298
14102	14103	14300	14299
14103	14104	14301	14300
14104	14105	14302	14301
14105	14106	14303	14302
14106	14107	14304	14303
14107	14108	14305	14304
14108	14109	14306	14305
14109	14110	14307	14306
14110	14111	14308	14307
14111	14112	14309	14308
14112	14113	14310	14309
14113	14114	14311	14310
14114	14115	14312	14311
14115	14116	14313	14312
14116	14117	14314	14313
14117	14118	14315	14314
14118	14119	14316	14315
14119	14120	14317	14316
14120	14121	14318	14317
14121	14122	14319	14318
14122	14123	14320	14319
14123	14124	14321	14320
14124	14125	14322	14321
14125	14126	14323	14322
14126	14127	14324	14323
14127	14128	14325	14324
14128	14129	14326	14325
14129	14130	14327	14326
14130	14131	14328	14327
14131	14132	14329	14328
14132	14133	14330	14329
14133	14134	14331	14330
14134	14135	14332	14331
14135	14136	14333	14332
14136	14137	14334	14333
14137	14138	14335	14334
14138	14139	14336	14335
14139	14140	14337	14336
14140	14141	14338	14337
14141	14142	14339	14338
14142	14143	14340	14339
14143	14144	14341	14340
14144	14145	14342	14341
14145	14146	14343	14342
14146	14147	14344	14343
14147	14148	14345	14344
14148	14149	14346	14345
14149	14150	14347	14346
14150	14151	14348	14347
14151	14152	14349	14348
14152	14153	14350	14349
14153	14154	14351	14350
14154	14155	14352	14351
14155	14156	14353	14352
14156	14157	14354	14353
14157	14158	14355	14354
14158	14159	14356	14355
14159	14160	14357	14356
14160	14161	14358	14357
14161	14162	14359	14358
14162	14163	14360	14359
14163	14164	14361	14360
14164	14165	14362	14361
14165	14364	14363	14362
14166	14365	14364	14165
14167	14366	14365	14166
14168	14367	14366	14167
14169	14368	14367	14168
14170	14369	14368	14169
14171	14370	14369	14170
14172	14371	14370	14171
14173	14372	14371	14172
14174	14373	14372	14173
14175	14374	14373	14174
14176	14375	14374	14175
14177	14376	14375	14176
14178	14377	14376	14177
14179	14378	14377	14178
14180	14379	14378	14179
14181	14380	14379	14180
14182	14381	14380	14181
14183	14382	14381	14182
14184	14383	14382	14183
14185	14384	14383	14184
14186	14385	14384	14185
14187	14386	14385	14186
14188	14387	14386	14187
14189	14388	14387	14188
14190	14389	14388	14189
14191	14390	14389	14190
14192	14391	14390	14191
14193	14392	14391	14192
14194	14393	14392	14193
14195	14394	14393	14194
14196	14395	14394	14195
14197	14396	14395	14196
14198	14397	14396	14197
14199	14398	14397	14198
14200	14399	14398	14199
14201	14400	14399	14200
14202	14401	14400	14201
14203	14402	14401	14202
14204	14403	14402	14203
14205	14404	14403	14204
14206	14405	14404	14205
14207	14406	14405	14206
14208	14407	14406	14207
14209	14408	14407	14208
14210	14409	14408	14209
14211	14410	14409	14210
14212	14411	14410	14211
14213	14412	14411	14212
14214	14413	14412	14213
14215	14414	14413	14214
14216	14415	14414	14215
14217	14416	14415	14216
14218	14417	14416	14217
14219	14418	14417	14218
14220	14419	14418	14219
14221	14420	14419	14220
14222	14421	14420	14221
14223	14422	14421	14222
14224	14423	14422	14223
14225	14424	14423	14224
14226	14425	14424	14225
14227	14426	14425	14226
14228	14427	14426	14227
14229	14428	14427	14228
14230	14429	14428	14229
14231	14430	14429	14230
14232	14431	14430	14231
14233	14432	14431	14232
14234	14433	14432	14233
14235	14434	14433	14234
14236	14435	14434	14235
14237	14436	14435	14236
14238	14437	14436	14237
14239	14438	14437	14238
14240	14439	14438	14239
14241	14440	14439	14240
14242	14441	14440	14241
14243	14442	14441	14242
14244	14443	14442	14243
14245	14444	14443	14244
14246	14445	14444	14245
14247	14446	14445	14246
14248	14447	14446	14247
14249	14448	14447	14248
14250	14449	14448	14249
14251	14450	14449	14250
14252	14451	14450	14251
14253	14452	14451	14252
14254	14453	14452	14253
14255	14454	14453	14254
14256	14455	14454	14255
14257	14258	14457	14456
14258	14259	14458	14457
14259	14260	14459	14458
14260	14261	14460	14459
14261	14262	14461	14460
14262	14263	14462	14461
14263	14264	14463	14462
14264	14265	14464	14463
14265	14266	14465	14464
14266	14267	14466	14465
14267	14268	14467	14466
14268	14269	14468	14467
14269	14270	14469	14468
14270	14271	14470	14469
14271	14272	14471	14470
14272	14273	14472	14471
14273	14274	14473	14472
14274	14275	14474	14473
14275	14276	14475	14474
14276	14277	14476	14475
14277	14278	14477	14476
14278	14279	14478	14477
14279	14280	14479	14478
14280	14281	14480	14479
14281	14282	14481	14480
14282	14283	14482	14481
14283	14284	14483	14482
14284	14285	14484	14483
14285	14286	14485	14484
14286	14287	14486	14485
14287	14288	14487	14486
14288	14289	14488	14487
14289	14290	14489	14488
14290	14291	14490	14489
14291	14292	14491	14490
14292	14293	14492	14491
14293	14294	14493	14492
14294	14295	14494	14493
14295	14296	14495	14494
14296	14297	14496	14495
14297	14298	14497	14496
14298	14299	14498	14497
14299	14300	14499	14498
14300	14301	14500	14499
14301	14302	14501	14500
14302	14303	14502	14501
14303	14304	14503	14502
14304	14305	14504	14503
14305	14306	14505	14504
14306	14307	14506	14505
14307	14308	14507	14506
14308	14309	14508	14507
14309	14310	14509	14508
14310	14311	14510	14509
14311	14312	14511	14510
14312	14313	14512	14511
14313	14314	14513	14512
14314	14315	14514	14513
14315	14316	14515	14514
14316	14317	14516	14515
14317	14318	14517	14516
14318	14319	14518	14517
14319	14320	14519	14518
14320	14321	14520	14519
14321	14322	14521	14520
14322	14323	14522	14521
14323	14324	14523	14522
14324	14325	14524	14523
14325	14326	14525	14524
14326	14327	14526	14525
14327	14328	14527	14526
14328	14329	14528	14527
14329	14330	14529	14528
14330	14331	14530	14529
14331	14332	14531	14530
14332	14333	14532	14531
14333	14334	14533	14532
14334	14335	14534	14533
14335	14336	14535	14534
14336	14337	14536	14535
14337	14338	14537	14536
14338	14339	14538	14537
14339	14340	14539	14538
14340	14341	14540	14539
14341	14342	14541	14540
14342	14343	14542	14541
14343	14344	14543	14542
14344	14345	14544	14543
14345	14346	14545	14544
14346	14347	14546	14545
14347	14348	14547	14546
14348	14349	14548	14547
14349	14350	14549	14548
14350	14351	14550	14549
14351	14352	14551	14550
14352	14353	14552	14551
14353	14354	14553	14552
14354	14355	14554	14553
14355	14356	14555	14554
14356	14357	14556	14555
14357	14358	14557	14556
14358	14359	14558	14557
14359	14360	14559	14558
14360	14361	14560	14559
14361	14362	14561	14560
14362	14363	14562	14561
14363	14564	14563	14562
14364	14565	14564	14363
14365	14566	14565	14364
14366	14567	14566	14365
14367	14568	14567	14366
14368	14569	14568	14367
14369	14570	14569	14368
14370	14571	14570	14369
14371	14572	14571	14370
14372	14573	14572	14371
14373	14574	14573	14372
14374	14575	14574	14373
14375	14576	14575	14374
14376	14577	14576	14375
14377	14578	14577	14376
14378	14579	14578	14377
14379	14580	14579	14378
14380	14581	14580	14379
14381	14582	14581	14380
14382	14583	14582	14381
14383	14584	14583	14382
14384	14585	14584	14383
14385	14586	14585	14384
14386	14587	14586	14385
14387	14588	14587	14386
14388	14589	14588	14387
14389	14590	14589	14388
14390	14591	14590	14389
14391	14592	14591	14390
14392	14593	14592	14391
14393	14594	14593	14392
14394	14595	14594	14393
14395	14596	14595	14394
14396	14597	14596	14395
14397	14598	14597	14396
14398	14599	14598	14397
14399	14600	14599	14398
14400	14601	14600	14399
14401	14602	14601	14400
14402	14603	14602	14401
14403	14604	14603	14402
14404	14605	14604	14403
14405	14606	14605	14404
14406	14607	14606	14405
14407	14608	14607	14406
14408	14609	14608	14407
14409	14610	14609	14408
14410	14611	14610	14409
14411	14612	14611	14410
14412	14613	14612	14411
14413	14614	14613	14412
14414	14615	14614	14413
14415	14616	14615	14414
14416	14617	14616	14415
14417	14618	14617	14416
14418	14619	14618	14417
14419	14620	14619	14418
14420	14621	14620	14419
14421	14622	14621	14420
14422	14623	14622	14421
14423	14624	14623	14422
14424	14625	14624	14423
14425	14626	14625	14424
14426	14627	14626	14425
14427	14628	14627	14426
14428	14629	14628	14427
14429	14630	14629	14428
14430	14631	14630	14429
14431	14632	14631	14430
14432	14633	14632	14431
14433	14634	14633	14432
14434	14635	14634	14433
14435	14636	14635	14434
14436	14637	14636	14435
14437	14638	14637	14436
14438	14639	14638	14437
14439	14640	14639	14438
14440	14641	14640	14439
14441	14642	14641	14440
14442	14643	14642	14441
14443	14644	14643	14442
14444	14645	14644	14443
14445	14646	14645	14444
14446	14647	14646	14445
14447	14648	14647	14446
14448	14649	14648	14447
14449	14650	14649	14448
14450	14651	14650	14449
14451	14652	14651	14450
14452	14653	14652	14451
14453	14654	14653	14452
14454	14655	14654	14453
14455	14656	14655	14454