0.,0.
0.00005,0.
0.0001,0.
0.00015000000000000001,0.
0.0002,0.
0.00025,0.
0.00030000000000000003,0.
0.00035,0.
0.0004,0.
0.00045000000000000004,0.
0.0005,0.
0.00055,0.
0.0006000000000000001,0.
0.0006500000000000001,0.
0.0007,0.
0.00075,0.
0.0008,0.
0.0008500000000000001,0.
0.0009000000000000001,0.
0.00095,0.
0.001,0.
0.0010500000000000002,0.
0.0011,0.
0.00115,0.
0.0012000000000000001,0.
0.00125,0.
0.0013000000000000002,0.
0.00135,0.
0.0014,0.
0.0014500000000000001,0.
0.0015,0.
0.0015500000000000002,0.
0.0016,0.
0.00165,0.
0.0017000000000000001,0.
0.00175,0.
0.0018000000000000002,0.
0.00185,0.
0.0019,0.
0.0019500000000000001,0.
0.002,0.
0.00205,0.
0.0021000000000000003,0.
0.00215,0.
0.0022,0.
0.0022500000000000003,0.
0.0023,0.
0.00235,0.
0.0024000000000000002,0.
0.00245,0.
0.0025,0.
0.00255,0.
0.0026000000000000003,0.
0.00265,0.
0.0027,0.
0.0027500000000000003,0.
0.0028,0.
0.00285,0.
0.0029000000000000002,0.
0.00295,0.
0.003,0.
0.00305,0.
0.0031000000000000003,0.
0.00315,0.
0.0032,0.
0.0032500000000000003,0.
0.0033,0.
0.00335,0.
0.0034000000000000002,0.
0.0034500000000000004,0.
0.0035,0.
0.00355,0.
0.0036000000000000003,0.
0.00365,0.
0.0037,0.
0.0037500000000000003,0.
0.0038,0.
0.00385,0.
0.0039000000000000003,0.
0.00395,0.
0.004,0.
0.00405,0.
0.0041,0.
0.00415,0.
0.004200000000000001,0.
0.00425,0.
0.0043,0.
0.004350000000000001,0.
0.0044,0.
0.00445,0.
0.0045000000000000005,0.
0.00455,0.
0.0046,0.
0.0046500000000000005,0.
0.0047,0.
0.00475,0.
0.0048000000000000004,0.
0.00485,0.
0.0049,0.
0.00495,0.
0.005,0.
0.005050000000000001,0.
0.0051,0.
0.00515,0.
0.005200000000000001,0.
0.00525,0.
0.0053,0.
0.005350000000000001,0.
0.0054,0.
0.00545,0.
0.0055000000000000005,0.
0.00555,0.
0.0056,0.
0.0056500000000000005,0.
0.0057,0.
0.00575,0.
0.0058000000000000005,0.
0.00585,0.
0.0059,0.
0.00595,0.
0.006,0.
0.006050000000000001,0.
0.0061,0.
0.00615,0.
0.006200000000000001,0.
0.00625,0.
0.0063,0.
0.006350000000000001,0.
0.0064,0.
0.00645,0.
0.006500000000000001,0.
0.00655,0.
0.0066,0.
0.0066500000000000005,0.
0.0067,0.
0.00675,0.
0.0068000000000000005,0.
0.00685,0.
0.006900000000000001,0.
0.0069500000000000004,0.
0.007,0.
0.007050000000000001,0.
0.0071,0.
0.00715,0.
0.007200000000000001,0.
0.00725,0.
0.0073,0.
0.007350000000000001,0.
0.0074,0.
0.00745,0.
0.007500000000000001,0.
0.00755,0.
0.0076,0.
0.0076500000000000005,0.
0.0077,0.
0.00775,0.
0.0078000000000000005,0.
0.007850000000000001,0.
0.0079,0.
0.00795,0.
0.008,0.
0.00805,0.
0.0081,0.
0.008150000000000001,0.
0.0082,0.
0.00825,0.
0.0083,0.
0.00835,0.
0.008400000000000001,0.
0.008450000000000001,0.
0.0085,0.
0.00855,0.
0.0086,0.
0.00865,0.
0.008700000000000001,0.
0.00875,0.
0.0088,0.
0.00885,0.
0.0089,0.
0.00895,0.
0.009000000000000001,0.
0.00905,0.
0.0091,0.
0.00915,0.
0.0092,0.
0.009250000000000001,0.
0.009300000000000001,0.
0.00935,0.
0.0094,0.
0.00945,0.
0.0095,0.
0.009550000000000001,0.
0.009600000000000001,0.
0.00965,0.
0.0097,0.
0.00975,0.
0.0098,0.
0.009850000000000001,0.
0.0099,0.
0.00995,0.
0.01,0.
0.01005,0.
0.010100000000000001,0.
0.010150000000000001,0.
0.0102,0.
0.01025,0.
0.0103,0.
0.01035,0.
0.010400000000000001,0.
0.010450000000000001,0.
0.0105,0.
0.01055,0.
0.0106,0.
0.01065,0.
0.010700000000000001,0.
0.010750000000000001,0.
0.0108,0.
0.01085,0.
0.0109,0.
0.01095,0.
0.011000000000000001,0.
0.01105,0.
0.0111,0.
0.01115,0.
0.0112,0.
0.011250000000000001,0.
0.011300000000000001,0.
0.01135,0.
0.0114,0.
0.01145,0.
0.0115,0.
0.011550000000000001,0.
0.011600000000000001,0.
0.01165,0.
0.0117,0.
0.01175,0.
0.0118,0.
0.011850000000000001,0.
0.0119,0.
0.01195,0.
0.012,0.
0.01205,0.
0.012100000000000001,0.
0.012150000000000001,0.
0.0122,0.
0.01225,0.
0.0123,0.
0.01235,0.
0.012400000000000001,0.
0.012450000000000001,0.
0.0125,0.
0.01255,0.
0.0126,0.
0.01265,0.
0.012700000000000001,0.
0.012750000000000001,0.
0.0128,0.
0.01285,0.
0.0129,0.
0.012950000000000001,0.
0.013000000000000001,0.
0.01305,0.
0.0131,0.
0.01315,0.
0.0132,0.
0.013250000000000001,0.
0.013300000000000001,0.
0.01335,0.
0.0134,0.
0.01345,0.
0.0135,0.
0.013550000000000001,0.
0.013600000000000001,0.
0.01365,0.
0.0137,0.
0.01375,0.
0.013800000000000002,0.
0.013850000000000001,0.
0.013900000000000001,0.
0.01395,0.
0.014,0.
0.01405,0.
0.014100000000000001,0.
0.014150000000000001,0.
0.0142,0.
0.01425,0.
0.0143,0.
0.01435,0.
0.014400000000000001,0.
0.014450000000000001,0.
0.0145,0.
0.01455,0.
0.0146,0.
0.014650000000000002,0.
0.014700000000000001,0.
0.014750000000000001,0.
0.0148,0.
0.01485,0.
0.0149,0.
0.014950000000000001,0.
0.015000000000000001,0.
0.015050000000000001,0.
0.0151,0.
0.01515,0.
0.0152,0.
0.015250000000000001,0.
0.015300000000000001,0.
0.01535,0.
0.0154,0.
0.01545,0.
0.0155,0.
0.015550000000000001,0.
0.015600000000000001,0.
0.01565,0.
0.015700000000000002,0.
0.01575,0.
0.0158,0.
0.01585,0.
0.0159,0.
0.015950000000000002,0.
0.016,0.
0.016050000000000002,0.
0.0161,0.
0.01615,0.
0.0162,0.
0.01625,0.
0.016300000000000002,0.
0.01635,0.
0.0164,0.
0.01645,0.
0.0165,0.
0.016550000000000002,0.
0.0166,0.
0.01665,0.
0.0167,0.
0.01675,0.
0.016800000000000002,0.
0.01685,0.
0.016900000000000002,0.
0.01695,0.
0.017,0.
0.01705,0.
0.0171,0.
0.017150000000000002,0.
0.0172,0.
0.01725,0.
0.0173,0.
0.01735,0.
0.017400000000000002,0.
0.01745,0.
0.0175,0.
0.01755,0.
0.0176,0.
0.017650000000000002,0.
0.0177,0.
0.017750000000000002,0.
0.0178,0.
0.01785,0.
0.0179,0.
0.01795,0.
0.018000000000000002,0.
0.01805,0.
0.0181,0.
0.01815,0.
0.0182,0.
0.018250000000000002,0.
0.0183,0.
0.01835,0.
0.0184,0.
0.01845,0.
0.018500000000000003,0.
0.01855,0.
0.018600000000000002,0.
0.01865,0.
0.0187,0.
0.01875,0.
0.0188,0.
0.018850000000000002,0.
0.0189,0.
0.01895,0.
0.019,0.
0.01905,0.
0.019100000000000002,0.
0.01915,0.
0.019200000000000002,0.
0.01925,0.
0.0193,0.
0.019350000000000003,0.
0.0194,0.
0.019450000000000002,0.
0.0195,0.
0.01955,0.
0.0196,0.
0.01965,0.
0.019700000000000002,0.
0.01975,0.
0.0198,0.
0.01985,0.
0.0199,0.
0.019950000000000002,0.
0.02,0.
0.020050000000000002,0.
0.0201,0.
0.02015,0.
0.020200000000000003,0.
0.02025,0.
0.020300000000000002,0.
0.02035,0.
0.0204,0.
0.02045,0.
0.0205,0.
0.020550000000000002,0.
0.0206,0.
0.02065,0.
0.0207,0.
0.02075,0.
0.020800000000000003,0.
0.02085,0.
0.020900000000000002,0.
0.02095,0.
0.021,0.
0.021050000000000003,0.
0.0211,0.
0.021150000000000002,0.
0.0212,0.
0.02125,0.
0.0213,0.
0.02135,0.
0.021400000000000002,0.
0.02145,0.
0.021500000000000002,0.
0.02155,0.
0.0216,0.
0.021650000000000003,0.
0.0217,0.
0.021750000000000002,0.
0.0218,0.
0.02185,0.
0.0219,0.
0.02195,0.
0.022000000000000002,0.
0.02205,0.
0.0221,0.
0.02215,0.
0.0222,0.
0.022250000000000002,0.
0.0223,0.
0.022350000000000002,0.
0.0224,0.
0.,0.00005
0.00005,0.00005
0.0001,0.00005
0.00015000000000000001,0.00005
0.0002,0.00005
0.00025,0.00005
0.00030000000000000003,0.00005
0.00035,0.00005
0.0004,0.00005
0.00045000000000000004,0.00005
0.0005,0.00005
0.00055,0.00005
0.0006000000000000001,0.00005
0.0006500000000000001,0.00005
0.0007,0.00005
0.00075,0.00005
0.0008,0.00005
0.0008500000000000001,0.00005
0.0009000000000000001,0.00005
0.00095,0.00005
0.001,0.00005
0.0010500000000000002,0.00005
0.0011,0.00005
0.00115,0.00005
0.0012000000000000001,0.00005
0.00125,0.00005
0.0013000000000000002,0.00005
0.00135,0.00005
0.0014,0.00005
0.0014500000000000001,0.00005
0.0015,0.00005
0.0015500000000000002,0.00005
0.0016,0.00005
0.00165,0.00005
0.0017000000000000001,0.00005
0.00175,0.00005
0.0018000000000000002,0.00005
0.00185,0.00005
0.0019,0.00005
0.0019500000000000001,0.00005
0.002,0.00005
0.00205,0.00005
0.0021000000000000003,0.00005
0.00215,0.00005
0.0022,0.00005
0.0022500000000000003,0.00005
0.0023,0.00005
0.00235,0.00005
0.0024000000000000002,0.00005
0.00245,0.00005
0.0025,0.00005
0.00255,0.00005
0.0026000000000000003,0.00005
0.00265,0.00005
0.0027,0.00005
0.0027500000000000003,0.00005
0.0028,0.00005
0.00285,0.00005
0.0029000000000000002,0.00005
0.00295,0.00005
0.003,0.00005
0.00305,0.00005
0.0031000000000000003,0.00005
0.00315,0.00005
0.0032,0.00005
0.0032500000000000003,0.00005
0.0033,0.00005
0.00335,0.00005
0.0034000000000000002,0.00005
0.0034500000000000004,0.00005
0.0035,0.00005
0.00355,0.00005
0.0036000000000000003,0.00005
0.00365,0.00005
0.0037,0.00005
0.0037500000000000003,0.00005
0.0038,0.00005
0.00385,0.00005
0.0039000000000000003,0.00005
0.00395,0.00005
0.004,0.00005
0.00405,0.00005
0.0041,0.00005
0.00415,0.00005
0.004200000000000001,0.00005
0.00425,0.00005
0.0043,0.00005
0.004350000000000001,0.00005
0.0044,0.00005
0.00445,0.00005
0.0045000000000000005,0.00005
0.00455,0.00005
0.0046,0.00005
0.0046500000000000005,0.00005
0.0047,0.00005
0.00475,0.00005
0.0048000000000000004,0.00005
0.00485,0.00005
0.0049,0.00005
0.00495,0.00005
0.005,0.00005
0.005050000000000001,0.00005
0.0051,0.00005
0.00515,0.00005
0.005200000000000001,0.00005
0.00525,0.00005
0.0053,0.00005
0.005350000000000001,0.00005
0.0054,0.00005
0.00545,0.00005
0.0055000000000000005,0.00005
0.00555,0.00005
0.0056,0.00005
0.0056500000000000005,0.00005
0.0057,0.00005
0.00575,0.00005
0.0058000000000000005,0.00005
0.00585,0.00005
0.0059,0.00005
0.00595,0.00005
0.006,0.00005
0.006050000000000001,0.00005
0.0061,0.00005
0.00615,0.00005
0.006200000000000001,0.00005
0.00625,0.00005
0.0063,0.00005
0.006350000000000001,0.00005
0.0064,0.00005
0.00645,0.00005
0.006500000000000001,0.00005
0.00655,0.00005
0.0066,0.00005
0.0066500000000000005,0.00005
0.0067,0.00005
0.00675,0.00005
0.0068000000000000005,0.00005
0.00685,0.00005
0.006900000000000001,0.00005
0.0069500000000000004,0.00005
0.007,0.00005
0.007050000000000001,0.00005
0.0071,0.00005
0.00715,0.00005
0.007200000000000001,0.00005
0.00725,0.00005
0.0073,0.00005
0.007350000000000001,0.00005
0.0074,0.00005
0.00745,0.00005
0.007500000000000001,0.00005
0.00755,0.00005
0.0076,0.00005
0.0076500000000000005,0.00005
0.0077,0.00005
0.00775,0.00005
0.0078000000000000005,0.00005
0.007850000000000001,0.00005
0.0079,0.00005
0.00795,0.00005
0.008,0.00005
0.00805,0.00005
0.0081,0.00005
0.008150000000000001,0.00005
0.0082,0.00005
0.00825,0.00005
0.0083,0.00005
0.00835,0.00005
0.008400000000000001,0.00005
0.008450000000000001,0.00005
0.0085,0.00005
0.00855,0.00005
0.0086,0.00005
0.00865,0.00005
0.008700000000000001,0.00005
0.00875,0.00005
0.0088,0.00005
0.00885,0.00005
0.0089,0.00005
0.00895,0.00005
0.009000000000000001,0.00005
0.00905,0.00005
0.0091,0.00005
0.00915,0.00005
0.0092,0.00005
0.009250000000000001,0.00005
0.009300000000000001,0.00005
0.00935,0.00005
0.0094,0.00005
0.00945,0.00005
0.0095,0.00005
0.009550000000000001,0.00005
0.009600000000000001,0.00005
0.00965,0.00005
0.0097,0.00005
0.00975,0.00005
0.0098,0.00005
0.009850000000000001,0.00005
0.0099,0.00005
0.00995,0.00005
0.01,0.00005
0.01005,0.00005
0.010100000000000001,0.00005
0.010150000000000001,0.00005
0.0102,0.00005
0.01025,0.00005
0.0103,0.00005
0.01035,0.00005
0.010400000000000001,0.00005
0.010450000000000001,0.00005
0.0105,0.00005
0.01055,0.00005
0.0106,0.00005
0.01065,0.00005
0.010700000000000001,0.00005
0.010750000000000001,0.00005
0.0108,0.00005
0.01085,0.00005
0.0109,0.00005
0.01095,0.00005
0.011000000000000001,0.00005
0.01105,0.00005
0.0111,0.00005
0.01115,0.00005
0.0112,0.00005
0.011250000000000001,0.00005
0.011300000000000001,0.00005
0.01135,0.00005
0.0114,0.00005
0.01145,0.00005
0.0115,0.00005
0.011550000000000001,0.00005
0.011600000000000001,0.00005
0.01165,0.00005
0.0117,0.00005
0.01175,0.00005
0.0118,0.00005
0.011850000000000001,0.00005
0.0119,0.00005
0.01195,0.00005
0.012,0.00005
0.01205,0.00005
0.012100000000000001,0.00005
0.012150000000000001,0.00005
0.0122,0.00005
0.01225,0.00005
0.0123,0.00005
0.01235,0.00005
0.012400000000000001,0.00005
0.012450000000000001,0.00005
0.0125,0.00005
0.01255,0.00005
0.0126,0.00005
0.01265,0.00005
0.012700000000000001,0.00005
0.012750000000000001,0.00005
0.0128,0.00005
0.01285,0.00005
0.0129,0.00005
0.012950000000000001,0.00005
0.013000000000000001,0.00005
0.01305,0.00005
0.0131,0.00005
0.01315,0.00005
0.0132,0.00005
0.013250000000000001,0.00005
0.013300000000000001,0.00005
0.01335,0.00005
0.0134,0.00005
0.01345,0.00005
0.0135,0.00005
0.013550000000000001,0.00005
0.013600000000000001,0.00005
0.01365,0.00005
0.0137,0.00005
0.01375,0.00005
0.013800000000000002,0.00005
0.013850000000000001,0.00005
0.013900000000000001,0.00005
0.01395,0.00005
0.014,0.00005
0.01405,0.00005
0.014100000000000001,0.00005
0.014150000000000001,0.00005
0.0142,0.00005
0.01425,0.00005
0.0143,0.00005
0.01435,0.00005
0.014400000000000001,0.00005
0.014450000000000001,0.00005
0.0145,0.00005
0.01455,0.00005
0.0146,0.00005
0.014650000000000002,0.00005
0.014700000000000001,0.00005
0.014750000000000001,0.00005
0.0148,0.00005
0.01485,0.00005
0.0149,0.00005
0.014950000000000001,0.00005
0.015000000000000001,0.00005
0.015050000000000001,0.00005
0.0151,0.00005
0.01515,0.00005
0.0152,0.00005
0.015250000000000001,0.00005
0.015300000000000001,0.00005
0.01535,0.00005
0.0154,0.00005
0.01545,0.00005
0.0155,0.00005
0.015550000000000001,0.00005
0.015600000000000001,0.00005
0.01565,0.00005
0.015700000000000002,0.00005
0.01575,0.00005
0.0158,0.00005
0.01585,0.00005
0.0159,0.00005
0.015950000000000002,0.00005
0.016,0.00005
0.016050000000000002,0.00005
0.0161,0.00005
0.01615,0.00005
0.0162,0.00005
0.01625,0.00005
0.016300000000000002,0.00005
0.01635,0.00005
0.0164,0.00005
0.01645,0.00005
0.0165,0.00005
0.016550000000000002,0.00005
0.0166,0.00005
0.01665,0.00005
0.0167,0.00005
0.01675,0.00005
0.016800000000000002,0.00005
0.01685,0.00005
0.016900000000000002,0.00005
0.01695,0.00005
0.017,0.00005
0.01705,0.00005
0.0171,0.00005
0.017150000000000002,0.00005
0.0172,0.00005
0.01725,0.00005
0.0173,0.00005
0.01735,0.00005
0.017400000000000002,0.00005
0.01745,0.00005
0.0175,0.00005
0.01755,0.00005
0.0176,0.00005
0.017650000000000002,0.00005
0.0177,0.00005
0.017750000000000002,0.00005
0.0178,0.00005
0.01785,0.00005
0.0179,0.00005
0.01795,0.00005
0.018000000000000002,0.00005
0.01805,0.00005
0.0181,0.00005
0.01815,0.00005
0.0182,0.00005
0.018250000000000002,0.00005
0.0183,0.00005
0.01835,0.00005
0.0184,0.00005
0.01845,0.00005
0.018500000000000003,0.00005
0.01855,0.00005
0.018600000000000002,0.00005
0.01865,0.00005
0.0187,0.00005
0.01875,0.00005
0.0188,0.00005
0.018850000000000002,0.00005
0.0189,0.00005
0.01895,0.00005
0.019,0.00005
0.01905,0.00005
0.019100000000000002,0.00005
0.01915,0.00005
0.019200000000000002,0.00005
0.01925,0.00005
0.0193,0.00005
0.019350000000000003,0.00005
0.0194,0.00005
0.019450000000000002,0.00005
0.0195,0.00005
0.01955,0.00005
0.0196,0.00005
0.01965,0.00005
0.019700000000000002,0.00005
0.01975,0.00005
0.0198,0.00005
0.01985,0.00005
0.0199,0.00005
0.019950000000000002,0.00005
0.02,0.00005
0.020050000000000002,0.00005
0.0201,0.00005
0.02015,0.00005
0.020200000000000003,0.00005
0.02025,0.00005
0.020300000000000002,0.00005
0.02035,0.00005
0.0204,0.00005
0.02045,0.00005
0.0205,0.00005
0.020550000000000002,0.00005
0.0206,0.00005
0.02065,0.00005
0.0207,0.00005
0.02075,0.00005
0.020800000000000003,0.00005
0.02085,0.00005
0.020900000000000002,0.00005
0.02095,0.00005
0.021,0.00005
0.021050000000000003,0.00005
0.0211,0.00005
0.021150000000000002,0.00005
0.0212,0.00005
0.02125,0.00005
0.0213,0.00005
0.02135,0.00005
0.021400000000000002,0.00005
0.02145,0.00005
0.021500000000000002,0.00005
0.02155,0.00005
0.0216,0.00005
0.021650000000000003,0.00005
0.0217,0.00005
0.021750000000000002,0.00005
0.0218,0.00005
0.02185,0.00005
0.0219,0.00005
0.02195,0.00005
0.022000000000000002,0.00005
0.02205,0.00005
0.0221,0.00005
0.02215,0.00005
0.0222,0.00005
0.022250000000000002,0.00005
0.0223,0.00005
0.022350000000000002,0.00005
0.0224,0.00005
0.02245,0.00005
0.02245,0.
0.,0.0001
0.00005,0.0001
0.0001,0.0001
0.00015000000000000001,0.0001
0.0002,0.0001
0.00025,0.0001
0.00030000000000000003,0.0001
0.00035,0.0001
0.0004,0.0001
0.00045000000000000004,0.0001
0.0005,0.0001
0.00055,0.0001
0.0006000000000000001,0.0001
0.0006500000000000001,0.0001
0.0007,0.0001
0.00075,0.0001
0.0008,0.0001
0.0008500000000000001,0.0001
0.0009000000000000001,0.0001
0.00095,0.0001
0.001,0.0001
0.0010500000000000002,0.0001
0.0011,0.0001
0.00115,0.0001
0.0012000000000000001,0.0001
0.00125,0.0001
0.0013000000000000002,0.0001
0.00135,0.0001
0.0014,0.0001
0.0014500000000000001,0.0001
0.0015,0.0001
0.0015500000000000002,0.0001
0.0016,0.0001
0.00165,0.0001
0.0017000000000000001,0.0001
0.00175,0.0001
0.0018000000000000002,0.0001
0.00185,0.0001
0.0019,0.0001
0.0019500000000000001,0.0001
0.002,0.0001
0.00205,0.0001
0.0021000000000000003,0.0001
0.00215,0.0001
0.0022,0.0001
0.0022500000000000003,0.0001
0.0023,0.0001
0.00235,0.0001
0.0024000000000000002,0.0001
0.00245,0.0001
0.0025,0.0001
0.00255,0.0001
0.0026000000000000003,0.0001
0.00265,0.0001
0.0027,0.0001
0.0027500000000000003,0.0001
0.0028,0.0001
0.00285,0.0001
0.0029000000000000002,0.0001
0.00295,0.0001
0.003,0.0001
0.00305,0.0001
0.0031000000000000003,0.0001
0.00315,0.0001
0.0032,0.0001
0.0032500000000000003,0.0001
0.0033,0.0001
0.00335,0.0001
0.0034000000000000002,0.0001
0.0034500000000000004,0.0001
0.0035,0.0001
0.00355,0.0001
0.0036000000000000003,0.0001
0.00365,0.0001
0.0037,0.0001
0.0037500000000000003,0.0001
0.0038,0.0001
0.00385,0.0001
0.0039000000000000003,0.0001
0.00395,0.0001
0.004,0.0001
0.00405,0.0001
0.0041,0.0001
0.00415,0.0001
0.004200000000000001,0.0001
0.00425,0.0001
0.0043,0.0001
0.004350000000000001,0.0001
0.0044,0.0001
0.00445,0.0001
0.0045000000000000005,0.0001
0.00455,0.0001
0.0046,0.0001
0.0046500000000000005,0.0001
0.0047,0.0001
0.00475,0.0001
0.0048000000000000004,0.0001
0.00485,0.0001
0.0049,0.0001
0.00495,0.0001
0.005,0.0001
0.005050000000000001,0.0001
0.0051,0.0001
0.00515,0.0001
0.005200000000000001,0.0001
0.00525,0.0001
0.0053,0.0001
0.005350000000000001,0.0001
0.0054,0.0001
0.00545,0.0001
0.0055000000000000005,0.0001
0.00555,0.0001
0.0056,0.0001
0.0056500000000000005,0.0001
0.0057,0.0001
0.00575,0.0001
0.0058000000000000005,0.0001
0.00585,0.0001
0.0059,0.0001
0.00595,0.0001
0.006,0.0001
0.006050000000000001,0.0001
0.0061,0.0001
0.00615,0.0001
0.006200000000000001,0.0001
0.00625,0.0001
0.0063,0.0001
0.006350000000000001,0.0001
0.0064,0.0001
0.00645,0.0001
0.006500000000000001,0.0001
0.00655,0.0001
0.0066,0.0001
0.0066500000000000005,0.0001
0.0067,0.0001
0.00675,0.0001
0.0068000000000000005,0.0001
0.00685,0.0001
0.006900000000000001,0.0001
0.0069500000000000004,0.0001
0.007,0.0001
0.007050000000000001,0.0001
0.0071,0.0001
0.00715,0.0001
0.007200000000000001,0.0001
0.00725,0.0001
0.0073,0.0001
0.007350000000000001,0.0001
0.0074,0.0001
0.00745,0.0001
0.007500000000000001,0.0001
0.00755,0.0001
0.0076,0.0001
0.0076500000000000005,0.0001
0.0077,0.0001
0.00775,0.0001
0.0078000000000000005,0.0001
0.007850000000000001,0.0001
0.0079,0.0001
0.00795,0.0001
0.008,0.0001
0.00805,0.0001
0.0081,0.0001
0.008150000000000001,0.0001
0.0082,0.0001
0.00825,0.0001
0.0083,0.0001
0.00835,0.0001
0.008400000000000001,0.0001
0.008450000000000001,0.0001
0.0085,0.0001
0.00855,0.0001
0.0086,0.0001
0.00865,0.0001
0.008700000000000001,0.0001
0.00875,0.0001
0.0088,0.0001
0.00885,0.0001
0.0089,0.0001
0.00895,0.0001
0.009000000000000001,0.0001
0.00905,0.0001
0.0091,0.0001
0.00915,0.0001
0.0092,0.0001
0.009250000000000001,0.0001
0.009300000000000001,0.0001
0.00935,0.0001
0.0094,0.0001
0.00945,0.0001
0.0095,0.0001
0.009550000000000001,0.0001
0.009600000000000001,0.0001
0.00965,0.0001
0.0097,0.0001
0.00975,0.0001
0.0098,0.0001
0.009850000000000001,0.0001
0.0099,0.0001
0.00995,0.0001
0.01,0.0001
0.01005,0.0001
0.010100000000000001,0.0001
0.010150000000000001,0.0001
0.0102,0.0001
0.01025,0.0001
0.0103,0.0001
0.01035,0.0001
0.010400000000000001,0.0001
0.010450000000000001,0.0001
0.0105,0.0001
0.01055,0.0001
0.0106,0.0001
0.01065,0.0001
0.010700000000000001,0.0001
0.010750000000000001,0.0001
0.0108,0.0001
0.01085,0.0001
0.0109,0.0001
0.01095,0.0001
0.011000000000000001,0.0001
0.01105,0.0001
0.0111,0.0001
0.01115,0.0001
0.0112,0.0001
0.011250000000000001,0.0001
0.011300000000000001,0.0001
0.01135,0.0001
0.0114,0.0001
0.01145,0.0001
0.0115,0.0001
0.011550000000000001,0.0001
0.011600000000000001,0.0001
0.01165,0.0001
0.0117,0.0001
0.01175,0.0001
0.0118,0.0001
0.011850000000000001,0.0001
0.0119,0.0001
0.01195,0.0001
0.012,0.0001
0.01205,0.0001
0.012100000000000001,0.0001
0.012150000000000001,0.0001
0.0122,0.0001
0.01225,0.0001
0.0123,0.0001
0.01235,0.0001
0.012400000000000001,0.0001
0.012450000000000001,0.0001
0.0125,0.0001
0.01255,0.0001
0.0126,0.0001
0.01265,0.0001
0.012700000000000001,0.0001
0.012750000000000001,0.0001
0.0128,0.0001
0.01285,0.0001
0.0129,0.0001
0.012950000000000001,0.0001
0.013000000000000001,0.0001
0.01305,0.0001
0.0131,0.0001
0.01315,0.0001
0.0132,0.0001
0.013250000000000001,0.0001
0.013300000000000001,0.0001
0.01335,0.0001
0.0134,0.0001
0.01345,0.0001
0.0135,0.0001
0.013550000000000001,0.0001
0.013600000000000001,0.0001
0.01365,0.0001
0.0137,0.0001
0.01375,0.0001
0.013800000000000002,0.0001
0.013850000000000001,0.0001
0.013900000000000001,0.0001
0.01395,0.0001
0.014,0.0001
0.01405,0.0001
0.014100000000000001,0.0001
0.014150000000000001,0.0001
0.0142,0.0001
0.01425,0.0001
0.0143,0.0001
0.01435,0.0001
0.014400000000000001,0.0001
0.014450000000000001,0.0001
0.0145,0.0001
0.01455,0.0001
0.0146,0.0001
0.014650000000000002,0.0001
0.014700000000000001,0.0001
0.014750000000000001,0.0001
0.0148,0.0001
0.01485,0.0001
0.0149,0.0001
0.014950000000000001,0.0001
0.015000000000000001,0.0001
0.015050000000000001,0.0001
0.0151,0.0001
0.01515,0.0001
0.0152,0.0001
0.015250000000000001,0.0001
0.015300000000000001,0.0001
0.01535,0.0001
0.0154,0.0001
0.01545,0.0001
0.0155,0.0001
0.015550000000000001,0.0001
0.015600000000000001,0.0001
0.01565,0.0001
0.015700000000000002,0.0001
0.01575,0.0001
0.0158,0.0001
0.01585,0.0001
0.0159,0.0001
0.015950000000000002,0.0001
0.016,0.0001
0.016050000000000002,0.0001
0.0161,0.0001
0.01615,0.0001
0.0162,0.0001
0.01625,0.0001
0.016300000000000002,0.0001
0.01635,0.0001
0.0164,0.0001
0.01645,0.0001
0.0165,0.0001
0.016550000000000002,0.0001
0.0166,0.0001
0.01665,0.0001
0.0167,0.0001
0.01675,0.0001
0.016800000000000002,0.0001
0.01685,0.0001
0.016900000000000002,0.0001
0.01695,0.0001
0.017,0.0001
0.01705,0.0001
0.0171,0.0001
0.017150000000000002,0.0001
0.0172,0.0001
0.01725,0.0001
0.0173,0.0001
0.01735,0.0001
0.017400000000000002,0.0001
0.01745,0.0001
0.0175,0.0001
0.01755,0.0001
0.0176,0.0001
0.017650000000000002,0.0001
0.0177,0.0001
0.017750000000000002,0.0001
0.0178,0.0001
0.01785,0.0001
0.0179,0.0001
0.01795,0.0001
0.018000000000000002,0.0001
0.01805,0.0001
0.0181,0.0001
0.01815,0.0001
0.0182,0.0001
0.018250000000000002,0.0001
0.0183,0.0001
0.01835,0.0001
0.0184,0.0001
0.01845,0.0001
0.018500000000000003,0.0001
0.01855,0.0001
0.018600000000000002,0.0001
0.01865,0.0001
0.0187,0.0001
0.01875,0.0001
0.0188,0.0001
0.018850000000000002,0.0001
0.0189,0.0001
0.01895,0.0001
0.019,0.0001
0.01905,0.0001
0.019100000000000002,0.0001
0.01915,0.0001
0.019200000000000002,0.0001
0.01925,0.0001
0.0193,0.0001
0.019350000000000003,0.0001
0.0194,0.0001
0.019450000000000002,0.0001
0.0195,0.0001
0.01955,0.0001
0.0196,0.0001
0.01965,0.0001
0.019700000000000002,0.0001
0.01975,0.0001
0.0198,0.0001
0.01985,0.0001
0.0199,0.0001
0.019950000000000002,0.0001
0.02,0.0001
0.020050000000000002,0.0001
0.0201,0.0001
0.02015,0.0001
0.020200000000000003,0.0001
0.02025,0.0001
0.020300000000000002,0.0001
0.02035,0.0001
0.0204,0.0001
0.02045,0.0001
0.0205,0.0001
0.020550000000000002,0.0001
0.0206,0.0001
0.02065,0.0001
0.0207,0.0001
0.02075,0.0001
0.020800000000000003,0.0001
0.02085,0.0001
0.020900000000000002,0.0001
0.02095,0.0001
0.021,0.0001
0.021050000000000003,0.0001
0.0211,0.0001
0.021150000000000002,0.0001
0.0212,0.0001
0.02125,0.0001
0.0213,0.0001
0.02135,0.0001
0.021400000000000002,0.0001
0.02145,0.0001
0.021500000000000002,0.0001
0.02155,0.0001
0.0216,0.0001
0.021650000000000003,0.0001
0.0217,0.0001
0.021750000000000002,0.0001
0.0218,0.0001
0.02185,0.0001
0.0219,0.0001
0.02195,0.0001
0.022000000000000002,0.0001
0.02205,0.0001
0.0221,0.0001
0.02215,0.0001
0.0222,0.0001
0.022250000000000002,0.0001
0.0223,0.0001
0.022350000000000002,0.0001
0.0224,0.0001
0.02245,0.0001
0.022500000000000003,0.0001
0.022500000000000003,0.00005
0.022500000000000003,0.
0.,0.00015000000000000001
0.00005,0.00015000000000000001
0.0001,0.00015000000000000001
0.00015000000000000001,0.00015000000000000001
0.0002,0.00015000000000000001
0.00025,0.00015000000000000001
0.00030000000000000003,0.00015000000000000001
0.00035,0.00015000000000000001
0.0004,0.00015000000000000001
0.00045000000000000004,0.00015000000000000001
0.0005,0.00015000000000000001
0.00055,0.00015000000000000001
0.0006000000000000001,0.00015000000000000001
0.0006500000000000001,0.00015000000000000001
0.0007,0.00015000000000000001
0.00075,0.00015000000000000001
0.0008,0.00015000000000000001
0.0008500000000000001,0.00015000000000000001
0.0009000000000000001,0.00015000000000000001
0.00095,0.00015000000000000001
0.001,0.00015000000000000001
0.0010500000000000002,0.00015000000000000001
0.0011,0.00015000000000000001
0.00115,0.00015000000000000001
0.0012000000000000001,0.00015000000000000001
0.00125,0.00015000000000000001
0.0013000000000000002,0.00015000000000000001
0.00135,0.00015000000000000001
0.0014,0.00015000000000000001
0.0014500000000000001,0.00015000000000000001
0.0015,0.00015000000000000001
0.0015500000000000002,0.00015000000000000001
0.0016,0.00015000000000000001
0.00165,0.00015000000000000001
0.0017000000000000001,0.00015000000000000001
0.00175,0.00015000000000000001
0.0018000000000000002,0.00015000000000000001
0.00185,0.00015000000000000001
0.0019,0.00015000000000000001
0.0019500000000000001,0.00015000000000000001
0.002,0.00015000000000000001
0.00205,0.00015000000000000001
0.0021000000000000003,0.00015000000000000001
0.00215,0.00015000000000000001
0.0022,0.00015000000000000001
0.0022500000000000003,0.00015000000000000001
0.0023,0.00015000000000000001
0.00235,0.00015000000000000001
0.0024000000000000002,0.00015000000000000001
0.00245,0.00015000000000000001
0.0025,0.00015000000000000001
0.00255,0.00015000000000000001
0.0026000000000000003,0.00015000000000000001
0.00265,0.00015000000000000001
0.0027,0.00015000000000000001
0.0027500000000000003,0.00015000000000000001
0.0028,0.00015000000000000001
0.00285,0.00015000000000000001
0.0029000000000000002,0.00015000000000000001
0.00295,0.00015000000000000001
0.003,0.00015000000000000001
0.00305,0.00015000000000000001
0.0031000000000000003,0.00015000000000000001
0.00315,0.00015000000000000001
0.0032,0.00015000000000000001
0.0032500000000000003,0.00015000000000000001
0.0033,0.00015000000000000001
0.00335,0.00015000000000000001
0.0034000000000000002,0.00015000000000000001
0.0034500000000000004,0.00015000000000000001
0.0035,0.00015000000000000001
0.00355,0.00015000000000000001
0.0036000000000000003,0.00015000000000000001
0.00365,0.00015000000000000001
0.0037,0.00015000000000000001
0.0037500000000000003,0.00015000000000000001
0.0038,0.00015000000000000001
0.00385,0.00015000000000000001
0.0039000000000000003,0.00015000000000000001
0.00395,0.00015000000000000001
0.004,0.00015000000000000001
0.00405,0.00015000000000000001
0.0041,0.00015000000000000001
0.00415,0.00015000000000000001
0.004200000000000001,0.00015000000000000001
0.00425,0.00015000000000000001
0.0043,0.00015000000000000001
0.004350000000000001,0.00015000000000000001
0.0044,0.00015000000000000001
0.00445,0.00015000000000000001
0.0045000000000000005,0.00015000000000000001
0.00455,0.00015000000000000001
0.0046,0.00015000000000000001
0.0046500000000000005,0.00015000000000000001
0.0047,0.00015000000000000001
0.00475,0.00015000000000000001
0.0048000000000000004,0.00015000000000000001
0.00485,0.00015000000000000001
0.0049,0.00015000000000000001
0.00495,0.00015000000000000001
0.005,0.00015000000000000001
0.005050000000000001,0.00015000000000000001
0.0051,0.00015000000000000001
0.00515,0.00015000000000000001
0.005200000000000001,0.00015000000000000001
0.00525,0.00015000000000000001
0.0053,0.00015000000000000001
0.005350000000000001,0.00015000000000000001
0.0054,0.00015000000000000001
0.00545,0.00015000000000000001
0.0055000000000000005,0.00015000000000000001
0.00555,0.00015000000000000001
0.0056,0.00015000000000000001
0.0056500000000000005,0.00015000000000000001
0.0057,0.00015000000000000001
0.00575,0.00015000000000000001
0.0058000000000000005,0.00015000000000000001
0.00585,0.00015000000000000001
0.0059,0.00015000000000000001
0.00595,0.00015000000000000001
0.006,0.00015000000000000001
0.006050000000000001,0.00015000000000000001
0.0061,0.00015000000000000001
0.00615,0.00015000000000000001
0.006200000000000001,0.00015000000000000001
0.00625,0.00015000000000000001
0.0063,0.00015000000000000001
0.006350000000000001,0.00015000000000000001
0.0064,0.00015000000000000001
0.00645,0.00015000000000000001
0.006500000000000001,0.00015000000000000001
0.00655,0.00015000000000000001
0.0066,0.00015000000000000001
0.0066500000000000005,0.00015000000000000001
0.0067,0.00015000000000000001
0.00675,0.00015000000000000001
0.0068000000000000005,0.00015000000000000001
0.00685,0.00015000000000000001
0.006900000000000001,0.00015000000000000001
0.0069500000000000004,0.00015000000000000001
0.007,0.00015000000000000001
0.007050000000000001,0.00015000000000000001
0.0071,0.00015000000000000001
0.00715,0.00015000000000000001
0.007200000000000001,0.00015000000000000001
0.00725,0.00015000000000000001
0.0073,0.00015000000000000001
0.007350000000000001,0.00015000000000000001
0.0074,0.00015000000000000001
0.00745,0.00015000000000000001
0.007500000000000001,0.00015000000000000001
0.00755,0.00015000000000000001
0.0076,0.00015000000000000001
0.0076500000000000005,0.00015000000000000001
0.0077,0.00015000000000000001
0.00775,0.00015000000000000001
0.0078000000000000005,0.00015000000000000001
0.007850000000000001,0.00015000000000000001
0.0079,0.00015000000000000001
0.00795,0.00015000000000000001
0.008,0.00015000000000000001
0.00805,0.00015000000000000001
0.0081,0.00015000000000000001
0.008150000000000001,0.00015000000000000001
0.0082,0.00015000000000000001
0.00825,0.00015000000000000001
0.0083,0.00015000000000000001
0.00835,0.00015000000000000001
0.008400000000000001,0.00015000000000000001
0.008450000000000001,0.00015000000000000001
0.0085,0.00015000000000000001
0.00855,0.00015000000000000001
0.0086,0.00015000000000000001
0.00865,0.00015000000000000001
0.008700000000000001,0.00015000000000000001
0.00875,0.00015000000000000001
0.0088,0.00015000000000000001
0.00885,0.00015000000000000001
0.0089,0.00015000000000000001
0.00895,0.00015000000000000001
0.009000000000000001,0.00015000000000000001
0.00905,0.00015000000000000001
0.0091,0.00015000000000000001
0.00915,0.00015000000000000001
0.0092,0.00015000000000000001
0.009250000000000001,0.00015000000000000001
0.009300000000000001,0.00015000000000000001
0.00935,0.00015000000000000001
0.0094,0.00015000000000000001
0.00945,0.00015000000000000001
0.0095,0.00015000000000000001
0.009550000000000001,0.00015000000000000001
0.009600000000000001,0.00015000000000000001
0.00965,0.00015000000000000001
0.0097,0.00015000000000000001
0.00975,0.00015000000000000001
0.0098,0.00015000000000000001
0.009850000000000001,0.00015000000000000001
0.0099,0.00015000000000000001
0.00995,0.00015000000000000001
0.01,0.00015000000000000001
0.01005,0.00015000000000000001
0.010100000000000001,0.00015000000000000001
0.010150000000000001,0.00015000000000000001
0.0102,0.00015000000000000001
0.01025,0.00015000000000000001
0.0103,0.00015000000000000001
0.01035,0.00015000000000000001
0.010400000000000001,0.00015000000000000001
0.010450000000000001,0.00015000000000000001
0.0105,0.00015000000000000001
0.01055,0.00015000000000000001
0.0106,0.00015000000000000001
0.01065,0.00015000000000000001
0.010700000000000001,0.00015000000000000001
0.010750000000000001,0.00015000000000000001
0.0108,0.00015000000000000001
0.01085,0.00015000000000000001
0.0109,0.00015000000000000001
0.01095,0.00015000000000000001
0.011000000000000001,0.00015000000000000001
0.01105,0.00015000000000000001
0.0111,0.00015000000000000001
0.01115,0.00015000000000000001
0.0112,0.00015000000000000001
0.011250000000000001,0.00015000000000000001
0.011300000000000001,0.00015000000000000001
0.01135,0.00015000000000000001
0.0114,0.00015000000000000001
0.01145,0.00015000000000000001
0.0115,0.00015000000000000001
0.011550000000000001,0.00015000000000000001
0.011600000000000001,0.00015000000000000001
0.01165,0.00015000000000000001
0.0117,0.00015000000000000001
0.01175,0.00015000000000000001
0.0118,0.00015000000000000001
0.011850000000000001,0.00015000000000000001
0.0119,0.00015000000000000001
0.01195,0.00015000000000000001
0.012,0.00015000000000000001
0.01205,0.00015000000000000001
0.012100000000000001,0.00015000000000000001
0.012150000000000001,0.00015000000000000001
0.0122,0.00015000000000000001
0.01225,0.00015000000000000001
0.0123,0.00015000000000000001
0.01235,0.00015000000000000001
0.012400000000000001,0.00015000000000000001
0.012450000000000001,0.00015000000000000001
0.0125,0.00015000000000000001
0.01255,0.00015000000000000001
0.0126,0.00015000000000000001
0.01265,0.00015000000000000001
0.012700000000000001,0.00015000000000000001
0.012750000000000001,0.00015000000000000001
0.0128,0.00015000000000000001
0.01285,0.00015000000000000001
0.0129,0.00015000000000000001
0.012950000000000001,0.00015000000000000001
0.013000000000000001,0.00015000000000000001
0.01305,0.00015000000000000001
0.0131,0.00015000000000000001
0.01315,0.00015000000000000001
0.0132,0.00015000000000000001
0.013250000000000001,0.00015000000000000001
0.013300000000000001,0.00015000000000000001
0.01335,0.00015000000000000001
0.0134,0.00015000000000000001
0.01345,0.00015000000000000001
0.0135,0.00015000000000000001
0.013550000000000001,0.00015000000000000001
0.013600000000000001,0.00015000000000000001
0.01365,0.00015000000000000001
0.0137,0.00015000000000000001
0.01375,0.00015000000000000001
0.013800000000000002,0.00015000000000000001
0.013850000000000001,0.00015000000000000001
0.013900000000000001,0.00015000000000000001
0.01395,0.00015000000000000001
0.014,0.00015000000000000001
0.01405,0.00015000000000000001
0.014100000000000001,0.00015000000000000001
0.014150000000000001,0.00015000000000000001
0.0142,0.00015000000000000001
0.01425,0.00015000000000000001
0.0143,0.00015000000000000001
0.01435,0.00015000000000000001
0.014400000000000001,0.00015000000000000001
0.014450000000000001,0.00015000000000000001
0.0145,0.00015000000000000001
0.01455,0.00015000000000000001
0.0146,0.00015000000000000001
0.014650000000000002,0.00015000000000000001
0.014700000000000001,0.00015000000000000001
0.014750000000000001,0.00015000000000000001
0.0148,0.00015000000000000001
0.01485,0.00015000000000000001
0.0149,0.00015000000000000001
0.014950000000000001,0.00015000000000000001
0.015000000000000001,0.00015000000000000001
0.015050000000000001,0.00015000000000000001
0.0151,0.00015000000000000001
0.01515,0.00015000000000000001
0.0152,0.00015000000000000001
0.015250000000000001,0.00015000000000000001
0.015300000000000001,0.00015000000000000001
0.01535,0.00015000000000000001
0.0154,0.00015000000000000001
0.01545,0.00015000000000000001
0.0155,0.00015000000000000001
0.015550000000000001,0.00015000000000000001
0.015600000000000001,0.00015000000000000001
0.01565,0.00015000000000000001
0.015700000000000002,0.00015000000000000001
0.01575,0.00015000000000000001
0.0158,0.00015000000000000001
0.01585,0.00015000000000000001
0.0159,0.00015000000000000001
0.015950000000000002,0.00015000000000000001
0.016,0.00015000000000000001
0.016050000000000002,0.00015000000000000001
0.0161,0.00015000000000000001
0.01615,0.00015000000000000001
0.0162,0.00015000000000000001
0.01625,0.00015000000000000001
0.016300000000000002,0.00015000000000000001
0.01635,0.00015000000000000001
0.0164,0.00015000000000000001
0.01645,0.00015000000000000001
0.0165,0.00015000000000000001
0.016550000000000002,0.00015000000000000001
0.0166,0.00015000000000000001
0.01665,0.00015000000000000001
0.0167,0.00015000000000000001
0.01675,0.00015000000000000001
0.016800000000000002,0.00015000000000000001
0.01685,0.00015000000000000001
0.016900000000000002,0.00015000000000000001
0.01695,0.00015000000000000001
0.017,0.00015000000000000001
0.01705,0.00015000000000000001
0.0171,0.00015000000000000001
0.017150000000000002,0.00015000000000000001
0.0172,0.00015000000000000001
0.01725,0.00015000000000000001
0.0173,0.00015000000000000001
0.01735,0.00015000000000000001
0.017400000000000002,0.00015000000000000001
0.01745,0.00015000000000000001
0.0175,0.00015000000000000001
0.01755,0.00015000000000000001
0.0176,0.00015000000000000001
0.017650000000000002,0.00015000000000000001
0.0177,0.00015000000000000001
0.017750000000000002,0.00015000000000000001
0.0178,0.00015000000000000001
0.01785,0.00015000000000000001
0.0179,0.00015000000000000001
0.01795,0.00015000000000000001
0.018000000000000002,0.00015000000000000001
0.01805,0.00015000000000000001
0.0181,0.00015000000000000001
0.01815,0.00015000000000000001
0.0182,0.00015000000000000001
0.018250000000000002,0.00015000000000000001
0.0183,0.00015000000000000001
0.01835,0.00015000000000000001
0.0184,0.00015000000000000001
0.01845,0.00015000000000000001
0.018500000000000003,0.00015000000000000001
0.01855,0.00015000000000000001
0.018600000000000002,0.00015000000000000001
0.01865,0.00015000000000000001
0.0187,0.00015000000000000001
0.01875,0.00015000000000000001
0.0188,0.00015000000000000001
0.018850000000000002,0.00015000000000000001
0.0189,0.00015000000000000001
0.01895,0.00015000000000000001
0.019,0.00015000000000000001
0.01905,0.00015000000000000001
0.019100000000000002,0.00015000000000000001
0.01915,0.00015000000000000001
0.019200000000000002,0.00015000000000000001
0.01925,0.00015000000000000001
0.0193,0.00015000000000000001
0.019350000000000003,0.00015000000000000001
0.0194,0.00015000000000000001
0.019450000000000002,0.00015000000000000001
0.0195,0.00015000000000000001
0.01955,0.00015000000000000001
0.0196,0.00015000000000000001
0.01965,0.00015000000000000001
0.019700000000000002,0.00015000000000000001
0.01975,0.00015000000000000001
0.0198,0.00015000000000000001
0.01985,0.00015000000000000001
0.0199,0.00015000000000000001
0.019950000000000002,0.00015000000000000001
0.02,0.00015000000000000001
0.020050000000000002,0.00015000000000000001
0.0201,0.00015000000000000001
0.02015,0.00015000000000000001
0.020200000000000003,0.00015000000000000001
0.02025,0.00015000000000000001
0.020300000000000002,0.00015000000000000001
0.02035,0.00015000000000000001
0.0204,0.00015000000000000001
0.02045,0.00015000000000000001
0.0205,0.00015000000000000001
0.020550000000000002,0.00015000000000000001
0.0206,0.00015000000000000001
0.02065,0.00015000000000000001
0.0207,0.00015000000000000001
0.02075,0.00015000000000000001
0.020800000000000003,0.00015000000000000001
0.02085,0.00015000000000000001
0.020900000000000002,0.00015000000000000001
0.02095,0.00015000000000000001
0.021,0.00015000000000000001
0.021050000000000003,0.00015000000000000001
0.0211,0.00015000000000000001
0.021150000000000002,0.00015000000000000001
0.0212,0.00015000000000000001
0.02125,0.00015000000000000001
0.0213,0.00015000000000000001
0.02135,0.00015000000000000001
0.021400000000000002,0.00015000000000000001
0.02145,0.00015000000000000001
0.021500000000000002,0.00015000000000000001
0.02155,0.00015000000000000001
0.0216,0.00015000000000000001
0.021650000000000003,0.00015000000000000001
0.0217,0.00015000000000000001
0.021750000000000002,0.00015000000000000001
0.0218,0.00015000000000000001
0.02185,0.00015000000000000001
0.0219,0.00015000000000000001
0.02195,0.00015000000000000001
0.022000000000000002,0.00015000000000000001
0.02205,0.00015000000000000001
0.0221,0.00015000000000000001
0.02215,0.00015000000000000001
0.0222,0.00015000000000000001
0.022250000000000002,0.00015000000000000001
0.0223,0.00015000000000000001
0.022350000000000002,0.00015000000000000001
0.0224,0.00015000000000000001
0.02245,0.00015000000000000001
0.022500000000000003,0.00015000000000000001
0.02255,0.00015000000000000001
0.02255,0.0001
0.02255,0.00005
0.02255,0.
0.,0.0002
0.00005,0.0002
0.0001,0.0002
0.00015000000000000001,0.0002
0.0002,0.0002
0.00025,0.0002
0.00030000000000000003,0.0002
0.00035,0.0002
0.0004,0.0002
0.00045000000000000004,0.0002
0.0005,0.0002
0.00055,0.0002
0.0006000000000000001,0.0002
0.0006500000000000001,0.0002
0.0007,0.0002
0.00075,0.0002
0.0008,0.0002
0.0008500000000000001,0.0002
0.0009000000000000001,0.0002
0.00095,0.0002
0.001,0.0002
0.0010500000000000002,0.0002
0.0011,0.0002
0.00115,0.0002
0.0012000000000000001,0.0002
0.00125,0.0002
0.0013000000000000002,0.0002
0.00135,0.0002
0.0014,0.0002
0.0014500000000000001,0.0002
0.0015,0.0002
0.0015500000000000002,0.0002
0.0016,0.0002
0.00165,0.0002
0.0017000000000000001,0.0002
0.00175,0.0002
0.0018000000000000002,0.0002
0.00185,0.0002
0.0019,0.0002
0.0019500000000000001,0.0002
0.002,0.0002
0.00205,0.0002
0.0021000000000000003,0.0002
0.00215,0.0002
0.0022,0.0002
0.0022500000000000003,0.0002
0.0023,0.0002
0.00235,0.0002
0.0024000000000000002,0.0002
0.00245,0.0002
0.0025,0.0002
0.00255,0.0002
0.0026000000000000003,0.0002
0.00265,0.0002
0.0027,0.0002
0.0027500000000000003,0.0002
0.0028,0.0002
0.00285,0.0002
0.0029000000000000002,0.0002
0.00295,0.0002
0.003,0.0002
0.00305,0.0002
0.0031000000000000003,0.0002
0.00315,0.0002
0.0032,0.0002
0.0032500000000000003,0.0002
0.0033,0.0002
0.00335,0.0002
0.0034000000000000002,0.0002
0.0034500000000000004,0.0002
0.0035,0.0002
0.00355,0.0002
0.0036000000000000003,0.0002
0.00365,0.0002
0.0037,0.0002
0.0037500000000000003,0.0002
0.0038,0.0002
0.00385,0.0002
0.0039000000000000003,0.0002
0.00395,0.0002
0.004,0.0002
0.00405,0.0002
0.0041,0.0002
0.00415,0.0002
0.004200000000000001,0.0002
0.00425,0.0002
0.0043,0.0002
0.004350000000000001,0.0002
0.0044,0.0002
0.00445,0.0002
0.0045000000000000005,0.0002
0.00455,0.0002
0.0046,0.0002
0.0046500000000000005,0.0002
0.0047,0.0002
0.00475,0.0002
0.0048000000000000004,0.0002
0.00485,0.0002
0.0049,0.0002
0.00495,0.0002
0.005,0.0002
0.005050000000000001,0.0002
0.0051,0.0002
0.00515,0.0002
0.005200000000000001,0.0002
0.00525,0.0002
0.0053,0.0002
0.005350000000000001,0.0002
0.0054,0.0002
0.00545,0.0002
0.0055000000000000005,0.0002
0.00555,0.0002
0.0056,0.0002
0.0056500000000000005,0.0002
0.0057,0.0002
0.00575,0.0002
0.0058000000000000005,0.0002
0.00585,0.0002
0.0059,0.0002
0.00595,0.0002
0.006,0.0002
0.006050000000000001,0.0002
0.0061,0.0002
0.00615,0.0002
0.006200000000000001,0.0002
0.00625,0.0002
0.0063,0.0002
0.006350000000000001,0.0002
0.0064,0.0002
0.00645,0.0002
0.006500000000000001,0.0002
0.00655,0.0002
0.0066,0.0002
0.0066500000000000005,0.0002
0.0067,0.0002
0.00675,0.0002
0.0068000000000000005,0.0002
0.00685,0.0002
0.006900000000000001,0.0002
0.0069500000000000004,0.0002
0.007,0.0002
0.007050000000000001,0.0002
0.0071,0.0002
0.00715,0.0002
0.007200000000000001,0.0002
0.00725,0.0002
0.0073,0.0002
0.007350000000000001,0.0002
0.0074,0.0002
0.00745,0.0002
0.007500000000000001,0.0002
0.00755,0.0002
0.0076,0.0002
0.0076500000000000005,0.0002
0.0077,0.0002
0.00775,0.0002
0.0078000000000000005,0.0002
0.007850000000000001,0.0002
0.0079,0.0002
0.00795,0.0002
0.008,0.0002
0.00805,0.0002
0.0081,0.0002
0.008150000000000001,0.0002
0.0082,0.0002
0.00825,0.0002
0.0083,0.0002
0.00835,0.0002
0.008400000000000001,0.0002
0.008450000000000001,0.0002
0.0085,0.0002
0.00855,0.0002
0.0086,0.0002
0.00865,0.0002
0.008700000000000001,0.0002
0.00875,0.0002
0.0088,0.0002
0.00885,0.0002
0.0089,0.0002
0.00895,0.0002
0.009000000000000001,0.0002
0.00905,0.0002
0.0091,0.0002
0.00915,0.0002
0.0092,0.0002
0.009250000000000001,0.0002
0.009300000000000001,0.0002
0.00935,0.0002
0.0094,0.0002
0.00945,0.0002
0.0095,0.0002
0.009550000000000001,0.0002
0.009600000000000001,0.0002
0.00965,0.0002
0.0097,0.0002
0.00975,0.0002
0.0098,0.0002
0.009850000000000001,0.0002
0.0099,0.0002
0.00995,0.0002
0.01,0.0002
0.01005,0.0002
0.010100000000000001,0.0002
0.010150000000000001,0.0002
0.0102,0.0002
0.01025,0.0002
0.0103,0.0002
0.01035,0.0002
0.010400000000000001,0.0002
0.010450000000000001,0.0002
0.0105,0.0002
0.01055,0.0002
0.0106,0.0002
0.01065,0.0002
0.010700000000000001,0.0002
0.010750000000000001,0.0002
0.0108,0.0002
0.01085,0.0002
0.0109,0.0002
0.01095,0.0002
0.011000000000000001,0.0002
0.01105,0.0002
0.0111,0.0002
0.01115,0.0002
0.0112,0.0002
0.011250000000000001,0.0002
0.011300000000000001,0.0002
0.01135,0.0002
0.0114,0.0002
0.01145,0.0002
0.0115,0.0002
0.011550000000000001,0.0002
0.011600000000000001,0.0002
0.01165,0.0002
0.0117,0.0002
0.01175,0.0002
0.0118,0.0002
0.011850000000000001,0.0002
0.0119,0.0002
0.01195,0.0002
0.012,0.0002
0.01205,0.0002
0.012100000000000001,0.0002
0.012150000000000001,0.0002
0.0122,0.0002
0.01225,0.0002
0.0123,0.0002
0.01235,0.0002
0.012400000000000001,0.0002
0.012450000000000001,0.0002
0.0125,0.0002
0.01255,0.0002
0.0126,0.0002
0.01265,0.0002
0.012700000000000001,0.0002
0.012750000000000001,0.0002
0.0128,0.0002
0.01285,0.0002
0.0129,0.0002
0.012950000000000001,0.0002
0.013000000000000001,0.0002
0.01305,0.0002
0.0131,0.0002
0.01315,0.0002
0.0132,0.0002
0.013250000000000001,0.0002
0.013300000000000001,0.0002
0.01335,0.0002
0.0134,0.0002
0.01345,0.0002
0.0135,0.0002
0.013550000000000001,0.0002
0.013600000000000001,0.0002
0.01365,0.0002
0.0137,0.0002
0.01375,0.0002
0.013800000000000002,0.0002
0.013850000000000001,0.0002
0.013900000000000001,0.0002
0.01395,0.0002
0.014,0.0002
0.01405,0.0002
0.014100000000000001,0.0002
0.014150000000000001,0.0002
0.0142,0.0002
0.01425,0.0002
0.0143,0.0002
0.01435,0.0002
0.014400000000000001,0.0002
0.014450000000000001,0.0002
0.0145,0.0002
0.01455,0.0002
0.0146,0.0002
0.014650000000000002,0.0002
0.014700000000000001,0.0002
0.014750000000000001,0.0002
0.0148,0.0002
0.01485,0.0002
0.0149,0.0002
0.014950000000000001,0.0002
0.015000000000000001,0.0002
0.015050000000000001,0.0002
0.0151,0.0002
0.01515,0.0002
0.0152,0.0002
0.015250000000000001,0.0002
0.015300000000000001,0.0002
0.01535,0.0002
0.0154,0.0002
0.01545,0.0002
0.0155,0.0002
0.015550000000000001,0.0002
0.015600000000000001,0.0002
0.01565,0.0002
0.015700000000000002,0.0002
0.01575,0.0002
0.0158,0.0002
0.01585,0.0002
0.0159,0.0002
0.015950000000000002,0.0002
0.016,0.0002
0.016050000000000002,0.0002
0.0161,0.0002
0.01615,0.0002
0.0162,0.0002
0.01625,0.0002
0.016300000000000002,0.0002
0.01635,0.0002
0.0164,0.0002
0.01645,0.0002
0.0165,0.0002
0.016550000000000002,0.0002
0.0166,0.0002
0.01665,0.0002
0.0167,0.0002
0.01675,0.0002
0.016800000000000002,0.0002
0.01685,0.0002
0.016900000000000002,0.0002
0.01695,0.0002
0.017,0.0002
0.01705,0.0002
0.0171,0.0002
0.017150000000000002,0.0002
0.0172,0.0002
0.01725,0.0002
0.0173,0.0002
0.01735,0.0002
0.017400000000000002,0.0002
0.01745,0.0002
0.0175,0.0002
0.01755,0.0002
0.0176,0.0002
0.017650000000000002,0.0002
0.0177,0.0002
0.017750000000000002,0.0002
0.0178,0.0002
0.01785,0.0002
0.0179,0.0002
0.01795,0.0002
0.018000000000000002,0.0002
0.01805,0.0002
0.0181,0.0002
0.01815,0.0002
0.0182,0.0002
0.018250000000000002,0.0002
0.0183,0.0002
0.01835,0.0002
0.0184,0.0002
0.01845,0.0002
0.018500000000000003,0.0002
0.01855,0.0002
0.018600000000000002,0.0002
0.01865,0.0002
0.0187,0.0002
0.01875,0.0002
0.0188,0.0002
0.018850000000000002,0.0002
0.0189,0.0002
0.01895,0.0002
0.019,0.0002
0.01905,0.0002
0.019100000000000002,0.0002
0.01915,0.0002
0.019200000000000002,0.0002
0.01925,0.0002
0.0193,0.0002
0.019350000000000003,0.0002
0.0194,0.0002
0.019450000000000002,0.0002
0.0195,0.0002
0.01955,0.0002
0.0196,0.0002
0.01965,0.0002
0.019700000000000002,0.0002
0.01975,0.0002
0.0198,0.0002
0.01985,0.0002
0.0199,0.0002
0.019950000000000002,0.0002
0.02,0.0002
0.020050000000000002,0.0002
0.0201,0.0002
0.02015,0.0002
0.020200000000000003,0.0002
0.02025,0.0002
0.020300000000000002,0.0002
0.02035,0.0002
0.0204,0.0002
0.02045,0.0002
0.0205,0.0002
0.020550000000000002,0.0002
0.0206,0.0002
0.02065,0.0002
0.0207,0.0002
0.02075,0.0002
0.020800000000000003,0.0002
0.02085,0.0002
0.020900000000000002,0.0002
0.02095,0.0002
0.021,0.0002
0.021050000000000003,0.0002
0.0211,0.0002
0.021150000000000002,0.0002
0.0212,0.0002
0.02125,0.0002
0.0213,0.0002
0.02135,0.0002
0.021400000000000002,0.0002
0.02145,0.0002
0.021500000000000002,0.0002
0.02155,0.0002
0.0216,0.0002
0.021650000000000003,0.0002
0.0217,0.0002
0.021750000000000002,0.0002
0.0218,0.0002
0.02185,0.0002
0.0219,0.0002
0.02195,0.0002
0.022000000000000002,0.0002
0.02205,0.0002
0.0221,0.0002
0.02215,0.0002
0.0222,0.0002
0.022250000000000002,0.0002
0.0223,0.0002
0.022350000000000002,0.0002
0.0224,0.0002
0.02245,0.0002
0.022500000000000003,0.0002
0.02255,0.0002
0.022600000000000002,0.0002
0.022600000000000002,0.00015000000000000001
0.022600000000000002,0.0001
0.022600000000000002,0.00005
0.022600000000000002,0.
0.,0.00025
0.00005,0.00025
0.0001,0.00025
0.00015000000000000001,0.00025
0.0002,0.00025
0.00025,0.00025
0.00030000000000000003,0.00025
0.00035,0.00025
0.0004,0.00025
0.00045000000000000004,0.00025
0.0005,0.00025
0.00055,0.00025
0.0006000000000000001,0.00025
0.0006500000000000001,0.00025
0.0007,0.00025
0.00075,0.00025
0.0008,0.00025
0.0008500000000000001,0.00025
0.0009000000000000001,0.00025
0.00095,0.00025
0.001,0.00025
0.0010500000000000002,0.00025
0.0011,0.00025
0.00115,0.00025
0.0012000000000000001,0.00025
0.00125,0.00025
0.0013000000000000002,0.00025
0.00135,0.00025
0.0014,0.00025
0.0014500000000000001,0.00025
0.0015,0.00025
0.0015500000000000002,0.00025
0.0016,0.00025
0.00165,0.00025
0.0017000000000000001,0.00025
0.00175,0.00025
0.0018000000000000002,0.00025
0.00185,0.00025
0.0019,0.00025
0.0019500000000000001,0.00025
0.002,0.00025
0.00205,0.00025
0.0021000000000000003,0.00025
0.00215,0.00025
0.0022,0.00025
0.0022500000000000003,0.00025
0.0023,0.00025
0.00235,0.00025
0.0024000000000000002,0.00025
0.00245,0.00025
0.0025,0.00025
0.00255,0.00025
0.0026000000000000003,0.00025
0.00265,0.00025
0.0027,0.00025
0.0027500000000000003,0.00025
0.0028,0.00025
0.00285,0.00025
0.0029000000000000002,0.00025
0.00295,0.00025
0.003,0.00025
0.00305,0.00025
0.0031000000000000003,0.00025
0.00315,0.00025
0.0032,0.00025
0.0032500000000000003,0.00025
0.0033,0.00025
0.00335,0.00025
0.0034000000000000002,0.00025
0.0034500000000000004,0.00025
0.0035,0.00025
0.00355,0.00025
0.0036000000000000003,0.00025
0.00365,0.00025
0.0037,0.00025
0.0037500000000000003,0.00025
0.0038,0.00025
0.00385,0.00025
0.0039000000000000003,0.00025
0.00395,0.00025
0.004,0.00025
0.00405,0.00025
0.0041,0.00025
0.00415,0.00025
0.004200000000000001,0.00025
0.00425,0.00025
0.0043,0.00025
0.004350000000000001,0.00025
0.0044,0.00025
0.00445,0.00025
0.0045000000000000005,0.00025
0.00455,0.00025
0.0046,0.00025
0.0046500000000000005,0.00025
0.0047,0.00025
0.00475,0.00025
0.0048000000000000004,0.00025
0.00485,0.00025
0.0049,0.00025
0.00495,0.00025
0.005,0.00025
0.005050000000000001,0.00025
0.0051,0.00025
0.00515,0.00025
0.005200000000000001,0.00025
0.00525,0.00025
0.0053,0.00025
0.005350000000000001,0.00025
0.0054,0.00025
0.00545,0.00025
0.0055000000000000005,0.00025
0.00555,0.00025
0.0056,0.00025
0.0056500000000000005,0.00025
0.0057,0.00025
0.00575,0.00025
0.0058000000000000005,0.00025
0.00585,0.00025
0.0059,0.00025
0.00595,0.00025
0.006,0.00025
0.006050000000000001,0.00025
0.0061,0.00025
0.00615,0.00025
0.006200000000000001,0.00025
0.00625,0.00025
0.0063,0.00025
0.006350000000000001,0.00025
0.0064,0.00025
0.00645,0.00025
0.006500000000000001,0.00025
0.00655,0.00025
0.0066,0.00025
0.0066500000000000005,0.00025
0.0067,0.00025
0.00675,0.00025
0.0068000000000000005,0.00025
0.00685,0.00025
0.006900000000000001,0.00025
0.0069500000000000004,0.00025
0.007,0.00025
0.007050000000000001,0.00025
0.0071,0.00025
0.00715,0.00025
0.007200000000000001,0.00025
0.00725,0.00025
0.0073,0.00025
0.007350000000000001,0.00025
0.0074,0.00025
0.00745,0.00025
0.007500000000000001,0.00025
0.00755,0.00025
0.0076,0.00025
0.0076500000000000005,0.00025
0.0077,0.00025
0.00775,0.00025
0.0078000000000000005,0.00025
0.007850000000000001,0.00025
0.0079,0.00025
0.00795,0.00025
0.008,0.00025
0.00805,0.00025
0.0081,0.00025
0.008150000000000001,0.00025
0.0082,0.00025
0.00825,0.00025
0.0083,0.00025
0.00835,0.00025
0.008400000000000001,0.00025
0.008450000000000001,0.00025
0.0085,0.00025
0.00855,0.00025
0.0086,0.00025
0.00865,0.00025
0.008700000000000001,0.00025
0.00875,0.00025
0.0088,0.00025
0.00885,0.00025
0.0089,0.00025
0.00895,0.00025
0.009000000000000001,0.00025
0.00905,0.00025
0.0091,0.00025
0.00915,0.00025
0.0092,0.00025
0.009250000000000001,0.00025
0.009300000000000001,0.00025
0.00935,0.00025
0.0094,0.00025
0.00945,0.00025
0.0095,0.00025
0.009550000000000001,0.00025
0.009600000000000001,0.00025
0.00965,0.00025
0.0097,0.00025
0.00975,0.00025
0.0098,0.00025
0.009850000000000001,0.00025
0.0099,0.00025
0.00995,0.00025
0.01,0.00025
0.01005,0.00025
0.010100000000000001,0.00025
0.010150000000000001,0.00025
0.0102,0.00025
0.01025,0.00025
0.0103,0.00025
0.01035,0.00025
0.010400000000000001,0.00025
0.010450000000000001,0.00025
0.0105,0.00025
0.01055,0.00025
0.0106,0.00025
0.01065,0.00025
0.010700000000000001,0.00025
0.010750000000000001,0.00025
0.0108,0.00025
0.01085,0.00025
0.0109,0.00025
0.01095,0.00025
0.011000000000000001,0.00025
0.01105,0.00025
0.0111,0.00025
0.01115,0.00025
0.0112,0.00025
0.011250000000000001,0.00025
0.011300000000000001,0.00025
0.01135,0.00025
0.0114,0.00025
0.01145,0.00025
0.0115,0.00025
0.011550000000000001,0.00025
0.011600000000000001,0.00025
0.01165,0.00025
0.0117,0.00025
0.01175,0.00025
0.0118,0.00025
0.011850000000000001,0.00025
0.0119,0.00025
0.01195,0.00025
0.012,0.00025
0.01205,0.00025
0.012100000000000001,0.00025
0.012150000000000001,0.00025
0.0122,0.00025
0.01225,0.00025
0.0123,0.00025
0.01235,0.00025
0.012400000000000001,0.00025
0.012450000000000001,0.00025
0.0125,0.00025
0.01255,0.00025
0.0126,0.00025
0.01265,0.00025
0.012700000000000001,0.00025
0.012750000000000001,0.00025
0.0128,0.00025
0.01285,0.00025
0.0129,0.00025
0.012950000000000001,0.00025
0.013000000000000001,0.00025
0.01305,0.00025
0.0131,0.00025
0.01315,0.00025
0.0132,0.00025
0.013250000000000001,0.00025
0.013300000000000001,0.00025
0.01335,0.00025
0.0134,0.00025
0.01345,0.00025
0.0135,0.00025
0.013550000000000001,0.00025
0.013600000000000001,0.00025
0.01365,0.00025
0.0137,0.00025
0.01375,0.00025
0.013800000000000002,0.00025
0.013850000000000001,0.00025
0.013900000000000001,0.00025
0.01395,0.00025
0.014,0.00025
0.01405,0.00025
0.014100000000000001,0.00025
0.014150000000000001,0.00025
0.0142,0.00025
0.01425,0.00025
0.0143,0.00025
0.01435,0.00025
0.014400000000000001,0.00025
0.014450000000000001,0.00025
0.0145,0.00025
0.01455,0.00025
0.0146,0.00025
0.014650000000000002,0.00025
0.014700000000000001,0.00025
0.014750000000000001,0.00025
0.0148,0.00025
0.01485,0.00025
0.0149,0.00025
0.014950000000000001,0.00025
0.015000000000000001,0.00025
0.015050000000000001,0.00025
0.0151,0.00025
0.01515,0.00025
0.0152,0.00025
0.015250000000000001,0.00025
0.015300000000000001,0.00025
0.01535,0.00025
0.0154,0.00025
0.01545,0.00025
0.0155,0.00025
0.015550000000000001,0.00025
0.015600000000000001,0.00025
0.01565,0.00025
0.015700000000000002,0.00025
0.01575,0.00025
0.0158,0.00025
0.01585,0.00025
0.0159,0.00025
0.015950000000000002,0.00025
0.016,0.00025
0.016050000000000002,0.00025
0.0161,0.00025
0.01615,0.00025
0.0162,0.00025
0.01625,0.00025
0.016300000000000002,0.00025
0.01635,0.00025
0.0164,0.00025
0.01645,0.00025
0.0165,0.00025
0.016550000000000002,0.00025
0.0166,0.00025
0.01665,0.00025
0.0167,0.00025
0.01675,0.00025
0.016800000000000002,0.00025
0.01685,0.00025
0.016900000000000002,0.00025
0.01695,0.00025
0.017,0.00025
0.01705,0.00025
0.0171,0.00025
0.017150000000000002,0.00025
0.0172,0.00025
0.01725,0.00025
0.0173,0.00025
0.01735,0.00025
0.017400000000000002,0.00025
0.01745,0.00025
0.0175,0.00025
0.01755,0.00025
0.0176,0.00025
0.017650000000000002,0.00025
0.0177,0.00025
0.017750000000000002,0.00025
0.0178,0.00025
0.01785,0.00025
0.0179,0.00025
0.01795,0.00025
0.018000000000000002,0.00025
0.01805,0.00025
0.0181,0.00025
0.01815,0.00025
0.0182,0.00025
0.018250000000000002,0.00025
0.0183,0.00025
0.01835,0.00025
0.0184,0.00025
0.01845,0.00025
0.018500000000000003,0.00025
0.01855,0.00025
0.018600000000000002,0.00025
0.01865,0.00025
0.0187,0.00025
0.01875,0.00025
0.0188,0.00025
0.018850000000000002,0.00025
0.0189,0.00025
0.01895,0.00025
0.019,0.00025
0.01905,0.00025
0.019100000000000002,0.00025
0.01915,0.00025
0.019200000000000002,0.00025
0.01925,0.00025
0.0193,0.00025
0.019350000000000003,0.00025
0.0194,0.00025
0.019450000000000002,0.00025
0.0195,0.00025
0.01955,0.00025
0.0196,0.00025
0.01965,0.00025
0.019700000000000002,0.00025
0.01975,0.00025
0.0198,0.00025
0.01985,0.00025
0.0199,0.00025
0.019950000000000002,0.00025
0.02,0.00025
0.020050000000000002,0.00025
0.0201,0.00025
0.02015,0.00025
0.020200000000000003,0.00025
0.02025,0.00025
0.020300000000000002,0.00025
0.02035,0.00025
0.0204,0.00025
0.02045,0.00025
0.0205,0.00025
0.020550000000000002,0.00025
0.0206,0.00025
0.02065,0.00025
0.0207,0.00025
0.02075,0.00025
0.020800000000000003,0.00025
0.02085,0.00025
0.020900000000000002,0.00025
0.02095,0.00025
0.021,0.00025
0.021050000000000003,0.00025
0.0211,0.00025
0.021150000000000002,0.00025
0.0212,0.00025
0.02125,0.00025
0.0213,0.00025
0.02135,0.00025
0.021400000000000002,0.00025
0.02145,0.00025
0.021500000000000002,0.00025
0.02155,0.00025
0.0216,0.00025
0.021650000000000003,0.00025
0.0217,0.00025
0.021750000000000002,0.00025
0.0218,0.00025
0.02185,0.00025
0.0219,0.00025
0.02195,0.00025
0.022000000000000002,0.00025
0.02205,0.00025
0.0221,0.00025
0.02215,0.00025
0.0222,0.00025
0.022250000000000002,0.00025
0.0223,0.00025
0.022350000000000002,0.00025
0.0224,0.00025
0.02245,0.00025
0.022500000000000003,0.00025
0.02255,0.00025
0.022600000000000002,0.00025
0.02265,0.00025
0.02265,0.0002
0.02265,0.00015000000000000001
0.02265,0.0001
0.02265,0.00005
0.02265,0.
0.,0.00030000000000000003
0.00005,0.00030000000000000003
0.0001,0.00030000000000000003
0.00015000000000000001,0.00030000000000000003
0.0002,0.00030000000000000003
0.00025,0.00030000000000000003
0.00030000000000000003,0.00030000000000000003
0.00035,0.00030000000000000003
0.0004,0.00030000000000000003
0.00045000000000000004,0.00030000000000000003
0.0005,0.00030000000000000003
0.00055,0.00030000000000000003
0.0006000000000000001,0.00030000000000000003
0.0006500000000000001,0.00030000000000000003
0.0007,0.00030000000000000003
0.00075,0.00030000000000000003
0.0008,0.00030000000000000003
0.0008500000000000001,0.00030000000000000003
0.0009000000000000001,0.00030000000000000003
0.00095,0.00030000000000000003
0.001,0.00030000000000000003
0.0010500000000000002,0.00030000000000000003
0.0011,0.00030000000000000003
0.00115,0.00030000000000000003
0.0012000000000000001,0.00030000000000000003
0.00125,0.00030000000000000003
0.0013000000000000002,0.00030000000000000003
0.00135,0.00030000000000000003
0.0014,0.00030000000000000003
0.0014500000000000001,0.00030000000000000003
0.0015,0.00030000000000000003
0.0015500000000000002,0.00030000000000000003
0.0016,0.00030000000000000003
0.00165,0.00030000000000000003
0.0017000000000000001,0.00030000000000000003
0.00175,0.00030000000000000003
0.0018000000000000002,0.00030000000000000003
0.00185,0.00030000000000000003
0.0019,0.00030000000000000003
0.0019500000000000001,0.00030000000000000003
0.002,0.00030000000000000003
0.00205,0.00030000000000000003
0.0021000000000000003,0.00030000000000000003
0.00215,0.00030000000000000003
0.0022,0.00030000000000000003
0.0022500000000000003,0.00030000000000000003
0.0023,0.00030000000000000003
0.00235,0.00030000000000000003
0.0024000000000000002,0.00030000000000000003
0.00245,0.00030000000000000003
0.0025,0.00030000000000000003
0.00255,0.00030000000000000003
0.0026000000000000003,0.00030000000000000003
0.00265,0.00030000000000000003
0.0027,0.00030000000000000003
0.0027500000000000003,0.00030000000000000003
0.0028,0.00030000000000000003
0.00285,0.00030000000000000003
0.0029000000000000002,0.00030000000000000003
0.00295,0.00030000000000000003
0.003,0.00030000000000000003
0.00305,0.00030000000000000003
0.0031000000000000003,0.00030000000000000003
0.00315,0.00030000000000000003
0.0032,0.00030000000000000003
0.0032500000000000003,0.00030000000000000003
0.0033,0.00030000000000000003
0.00335,0.00030000000000000003
0.0034000000000000002,0.00030000000000000003
0.0034500000000000004,0.00030000000000000003
0.0035,0.00030000000000000003
0.00355,0.00030000000000000003
0.0036000000000000003,0.00030000000000000003
0.00365,0.00030000000000000003
0.0037,0.00030000000000000003
0.0037500000000000003,0.00030000000000000003
0.0038,0.00030000000000000003
0.00385,0.00030000000000000003
0.0039000000000000003,0.00030000000000000003
0.00395,0.00030000000000000003
0.004,0.00030000000000000003
0.00405,0.00030000000000000003
0.0041,0.00030000000000000003
0.00415,0.00030000000000000003
0.004200000000000001,0.00030000000000000003
0.00425,0.00030000000000000003
0.0043,0.00030000000000000003
0.004350000000000001,0.00030000000000000003
0.0044,0.00030000000000000003
0.00445,0.00030000000000000003
0.0045000000000000005,0.00030000000000000003
0.00455,0.00030000000000000003
0.0046,0.00030000000000000003
0.0046500000000000005,0.00030000000000000003
0.0047,0.00030000000000000003
0.00475,0.00030000000000000003
0.0048000000000000004,0.00030000000000000003
0.00485,0.00030000000000000003
0.0049,0.00030000000000000003
0.00495,0.00030000000000000003
0.005,0.00030000000000000003
0.005050000000000001,0.00030000000000000003
0.0051,0.00030000000000000003
0.00515,0.00030000000000000003
0.005200000000000001,0.00030000000000000003
0.00525,0.00030000000000000003
0.0053,0.00030000000000000003
0.005350000000000001,0.00030000000000000003
0.0054,0.00030000000000000003
0.00545,0.00030000000000000003
0.0055000000000000005,0.00030000000000000003
0.00555,0.00030000000000000003
0.0056,0.00030000000000000003
0.0056500000000000005,0.00030000000000000003
0.0057,0.00030000000000000003
0.00575,0.00030000000000000003
0.0058000000000000005,0.00030000000000000003
0.00585,0.00030000000000000003
0.0059,0.00030000000000000003
0.00595,0.00030000000000000003
0.006,0.00030000000000000003
0.006050000000000001,0.00030000000000000003
0.0061,0.00030000000000000003
0.00615,0.00030000000000000003
0.006200000000000001,0.00030000000000000003
0.00625,0.00030000000000000003
0.0063,0.00030000000000000003
0.006350000000000001,0.00030000000000000003
0.0064,0.00030000000000000003
0.00645,0.00030000000000000003
0.006500000000000001,0.00030000000000000003
0.00655,0.00030000000000000003
0.0066,0.00030000000000000003
0.0066500000000000005,0.00030000000000000003
0.0067,0.00030000000000000003
0.00675,0.00030000000000000003
0.0068000000000000005,0.00030000000000000003
0.00685,0.00030000000000000003
0.006900000000000001,0.00030000000000000003
0.0069500000000000004,0.00030000000000000003
0.007,0.00030000000000000003
0.007050000000000001,0.00030000000000000003
0.0071,0.00030000000000000003
0.00715,0.00030000000000000003
0.007200000000000001,0.00030000000000000003
0.00725,0.00030000000000000003
0.0073,0.00030000000000000003
0.007350000000000001,0.00030000000000000003
0.0074,0.00030000000000000003
0.00745,0.00030000000000000003
0.007500000000000001,0.00030000000000000003
0.00755,0.00030000000000000003
0.0076,0.00030000000000000003
0.0076500000000000005,0.00030000000000000003
0.0077,0.00030000000000000003
0.00775,0.00030000000000000003
0.0078000000000000005,0.00030000000000000003
0.007850000000000001,0.00030000000000000003
0.0079,0.00030000000000000003
0.00795,0.00030000000000000003
0.008,0.00030000000000000003
0.00805,0.00030000000000000003
0.0081,0.00030000000000000003
0.008150000000000001,0.00030000000000000003
0.0082,0.00030000000000000003
0.00825,0.00030000000000000003
0.0083,0.00030000000000000003
0.00835,0.00030000000000000003
0.008400000000000001,0.00030000000000000003
0.008450000000000001,0.00030000000000000003
0.0085,0.00030000000000000003
0.00855,0.00030000000000000003
0.0086,0.00030000000000000003
0.00865,0.00030000000000000003
0.008700000000000001,0.00030000000000000003
0.00875,0.00030000000000000003
0.0088,0.00030000000000000003
0.00885,0.00030000000000000003
0.0089,0.00030000000000000003
0.00895,0.00030000000000000003
0.009000000000000001,0.00030000000000000003
0.00905,0.00030000000000000003
0.0091,0.00030000000000000003
0.00915,0.00030000000000000003
0.0092,0.00030000000000000003
0.009250000000000001,0.00030000000000000003
0.009300000000000001,0.00030000000000000003
0.00935,0.00030000000000000003
0.0094,0.00030000000000000003
0.00945,0.00030000000000000003
0.0095,0.00030000000000000003
0.009550000000000001,0.00030000000000000003
0.009600000000000001,0.00030000000000000003
0.00965,0.00030000000000000003
0.0097,0.00030000000000000003
0.00975,0.00030000000000000003
0.0098,0.00030000000000000003
0.009850000000000001,0.00030000000000000003
0.0099,0.00030000000000000003
0.00995,0.00030000000000000003
0.01,0.00030000000000000003
0.01005,0.00030000000000000003
0.010100000000000001,0.00030000000000000003
0.010150000000000001,0.00030000000000000003
0.0102,0.00030000000000000003
0.01025,0.00030000000000000003
0.0103,0.00030000000000000003
0.01035,0.00030000000000000003
0.010400000000000001,0.00030000000000000003
0.010450000000000001,0.00030000000000000003
0.0105,0.00030000000000000003
0.01055,0.00030000000000000003
0.0106,0.00030000000000000003
0.01065,0.00030000000000000003
0.010700000000000001,0.00030000000000000003
0.010750000000000001,0.00030000000000000003
0.0108,0.00030000000000000003
0.01085,0.00030000000000000003
0.0109,0.00030000000000000003
0.01095,0.00030000000000000003
0.011000000000000001,0.00030000000000000003
0.01105,0.00030000000000000003
0.0111,0.00030000000000000003
0.01115,0.00030000000000000003
0.0112,0.00030000000000000003
0.011250000000000001,0.00030000000000000003
0.011300000000000001,0.00030000000000000003
0.01135,0.00030000000000000003
0.0114,0.00030000000000000003
0.01145,0.00030000000000000003
0.0115,0.00030000000000000003
0.011550000000000001,0.00030000000000000003
0.011600000000000001,0.00030000000000000003
0.01165,0.00030000000000000003
0.0117,0.00030000000000000003
0.01175,0.00030000000000000003
0.0118,0.00030000000000000003
0.011850000000000001,0.00030000000000000003
0.0119,0.00030000000000000003
0.01195,0.00030000000000000003
0.012,0.00030000000000000003
0.01205,0.00030000000000000003
0.012100000000000001,0.00030000000000000003
0.012150000000000001,0.00030000000000000003
0.0122,0.00030000000000000003
0.01225,0.00030000000000000003
0.0123,0.00030000000000000003
0.01235,0.00030000000000000003
0.012400000000000001,0.00030000000000000003
0.012450000000000001,0.00030000000000000003
0.0125,0.00030000000000000003
0.01255,0.00030000000000000003
0.0126,0.00030000000000000003
0.01265,0.00030000000000000003
0.012700000000000001,0.00030000000000000003
0.012750000000000001,0.00030000000000000003
0.0128,0.00030000000000000003
0.01285,0.00030000000000000003
0.0129,0.00030000000000000003
0.012950000000000001,0.00030000000000000003
0.013000000000000001,0.00030000000000000003
0.01305,0.00030000000000000003
0.0131,0.00030000000000000003
0.01315,0.00030000000000000003
0.0132,0.00030000000000000003
0.013250000000000001,0.00030000000000000003
0.013300000000000001,0.00030000000000000003
0.01335,0.00030000000000000003
0.0134,0.00030000000000000003
0.01345,0.00030000000000000003
0.0135,0.00030000000000000003
0.013550000000000001,0.00030000000000000003
0.013600000000000001,0.00030000000000000003
0.01365,0.00030000000000000003
0.0137,0.00030000000000000003
0.01375,0.00030000000000000003
0.013800000000000002,0.00030000000000000003
0.013850000000000001,0.00030000000000000003
0.013900000000000001,0.00030000000000000003
0.01395,0.00030000000000000003
0.014,0.00030000000000000003
0.01405,0.00030000000000000003
0.014100000000000001,0.00030000000000000003
0.014150000000000001,0.00030000000000000003
0.0142,0.00030000000000000003
0.01425,0.00030000000000000003
0.0143,0.00030000000000000003
0.01435,0.00030000000000000003
0.014400000000000001,0.00030000000000000003
0.014450000000000001,0.00030000000000000003
0.0145,0.00030000000000000003
0.01455,0.00030000000000000003
0.0146,0.00030000000000000003
0.014650000000000002,0.00030000000000000003
0.014700000000000001,0.00030000000000000003
0.014750000000000001,0.00030000000000000003
0.0148,0.00030000000000000003
0.01485,0.00030000000000000003
0.0149,0.00030000000000000003
0.014950000000000001,0.00030000000000000003
0.015000000000000001,0.00030000000000000003
0.015050000000000001,0.00030000000000000003
0.0151,0.00030000000000000003
0.01515,0.00030000000000000003
0.0152,0.00030000000000000003
0.015250000000000001,0.00030000000000000003
0.015300000000000001,0.00030000000000000003
0.01535,0.00030000000000000003
0.0154,0.00030000000000000003
0.01545,0.00030000000000000003
0.0155,0.00030000000000000003
0.015550000000000001,0.00030000000000000003
0.015600000000000001,0.00030000000000000003
0.01565,0.00030000000000000003
0.015700000000000002,0.00030000000000000003
0.01575,0.00030000000000000003
0.0158,0.00030000000000000003
0.01585,0.00030000000000000003
0.0159,0.00030000000000000003
0.015950000000000002,0.00030000000000000003
0.016,0.00030000000000000003
0.016050000000000002,0.00030000000000000003
0.0161,0.00030000000000000003
0.01615,0.00030000000000000003
0.0162,0.00030000000000000003
0.01625,0.00030000000000000003
0.016300000000000002,0.00030000000000000003
0.01635,0.00030000000000000003
0.0164,0.00030000000000000003
0.01645,0.00030000000000000003
0.0165,0.00030000000000000003
0.016550000000000002,0.00030000000000000003
0.0166,0.00030000000000000003
0.01665,0.00030000000000000003
0.0167,0.00030000000000000003
0.01675,0.00030000000000000003
0.016800000000000002,0.00030000000000000003
0.01685,0.00030000000000000003
0.016900000000000002,0.00030000000000000003
0.01695,0.00030000000000000003
0.017,0.00030000000000000003
0.01705,0.00030000000000000003
0.0171,0.00030000000000000003
0.017150000000000002,0.00030000000000000003
0.0172,0.00030000000000000003
0.01725,0.00030000000000000003
0.0173,0.00030000000000000003
0.01735,0.00030000000000000003
0.017400000000000002,0.00030000000000000003
0.01745,0.00030000000000000003
0.0175,0.00030000000000000003
0.01755,0.00030000000000000003
0.0176,0.00030000000000000003
0.017650000000000002,0.00030000000000000003
0.0177,0.00030000000000000003
0.017750000000000002,0.00030000000000000003
0.0178,0.00030000000000000003
0.01785,0.00030000000000000003
0.0179,0.00030000000000000003
0.01795,0.00030000000000000003
0.018000000000000002,0.00030000000000000003
0.01805,0.00030000000000000003
0.0181,0.00030000000000000003
0.01815,0.00030000000000000003
0.0182,0.00030000000000000003
0.018250000000000002,0.00030000000000000003
0.0183,0.00030000000000000003
0.01835,0.00030000000000000003
0.0184,0.00030000000000000003
0.01845,0.00030000000000000003
0.018500000000000003,0.00030000000000000003
0.01855,0.00030000000000000003
0.018600000000000002,0.00030000000000000003
0.01865,0.00030000000000000003
0.0187,0.00030000000000000003
0.01875,0.00030000000000000003
0.0188,0.00030000000000000003
0.018850000000000002,0.00030000000000000003
0.0189,0.00030000000000000003
0.01895,0.00030000000000000003
0.019,0.00030000000000000003
0.01905,0.00030000000000000003
0.019100000000000002,0.00030000000000000003
0.01915,0.00030000000000000003
0.019200000000000002,0.00030000000000000003
0.01925,0.00030000000000000003
0.0193,0.00030000000000000003
0.019350000000000003,0.00030000000000000003
0.0194,0.00030000000000000003
0.019450000000000002,0.00030000000000000003
0.0195,0.00030000000000000003
0.01955,0.00030000000000000003
0.0196,0.00030000000000000003
0.01965,0.00030000000000000003
0.019700000000000002,0.00030000000000000003
0.01975,0.00030000000000000003
0.0198,0.00030000000000000003
0.01985,0.00030000000000000003
0.0199,0.00030000000000000003
0.019950000000000002,0.00030000000000000003
0.02,0.00030000000000000003
0.020050000000000002,0.00030000000000000003
0.0201,0.00030000000000000003
0.02015,0.00030000000000000003
0.020200000000000003,0.00030000000000000003
0.02025,0.00030000000000000003
0.020300000000000002,0.00030000000000000003
0.02035,0.00030000000000000003
0.0204,0.00030000000000000003
0.02045,0.00030000000000000003
0.0205,0.00030000000000000003
0.020550000000000002,0.00030000000000000003
0.0206,0.00030000000000000003
0.02065,0.00030000000000000003
0.0207,0.00030000000000000003
0.02075,0.00030000000000000003
0.020800000000000003,0.00030000000000000003
0.02085,0.00030000000000000003
0.020900000000000002,0.00030000000000000003
0.02095,0.00030000000000000003
0.021,0.00030000000000000003
0.021050000000000003,0.00030000000000000003
0.0211,0.00030000000000000003
0.021150000000000002,0.00030000000000000003
0.0212,0.00030000000000000003
0.02125,0.00030000000000000003
0.0213,0.00030000000000000003
0.02135,0.00030000000000000003
0.021400000000000002,0.00030000000000000003
0.02145,0.00030000000000000003
0.021500000000000002,0.00030000000000000003
0.02155,0.00030000000000000003
0.0216,0.00030000000000000003
0.021650000000000003,0.00030000000000000003
0.0217,0.00030000000000000003
0.021750000000000002,0.00030000000000000003
0.0218,0.00030000000000000003
0.02185,0.00030000000000000003
0.0219,0.00030000000000000003
0.02195,0.00030000000000000003
0.022000000000000002,0.00030000000000000003
0.02205,0.00030000000000000003
0.0221,0.00030000000000000003
0.02215,0.00030000000000000003
0.0222,0.00030000000000000003
0.022250000000000002,0.00030000000000000003
0.0223,0.00030000000000000003
0.022350000000000002,0.00030000000000000003
0.0224,0.00030000000000000003
0.02245,0.00030000000000000003
0.022500000000000003,0.00030000000000000003
0.02255,0.00030000000000000003
0.022600000000000002,0.00030000000000000003
0.02265,0.00030000000000000003
0.0227,0.00030000000000000003
0.0227,0.00025
0.0227,0.0002
0.0227,0.00015000000000000001
0.0227,0.0001
0.0227,0.00005
0.0227,0.
0.,0.00035
0.00005,0.00035
0.00015000000000000001,0.00035
0.0002,0.00035
0.00025,0.00035
0.00035000000000000005,0.00035
0.0004,0.00035
0.00045000000000000004,0.00035
0.00055,0.00035
0.0006000000000000001,0.00035
0.0006500000000000001,0.00035
0.00075,0.00035
0.0008,0.00035
0.0008500000000000001,0.00035
0.0009500000000000001,0.00035
0.001,0.00035
0.00105,0.00035
0.00115,0.00035
0.0012000000000000001,0.00035
0.00125,0.00035
0.00135,0.00035
0.0014,0.00035
0.00145,0.00035
0.00155,0.00035
0.0016,0.00035
0.00165,0.00035
0.00175,0.00035
0.0018000000000000002,0.00035
0.00185,0.00035
0.0019500000000000001,0.00035
0.002,0.00035
0.00205,0.00035
0.00215,0.00035
0.0022,0.00035
0.0022500000000000003,0.00035
0.00235,0.00035
0.0024000000000000002,0.00035
0.0024500000000000004,0.00035
0.00255,0.00035
0.0026000000000000003,0.00035
0.0026500000000000004,0.00035
0.0027500000000000003,0.00035
0.0028,0.00035
0.00285,0.00035
0.00295,0.00035
0.003,0.00035
0.00305,0.00035
0.00315,0.00035
0.0032,0.00035
0.0032500000000000003,0.00035
0.00335,0.00035
0.0034000000000000002,0.00035
0.0034500000000000004,0.00035
0.00355,0.00035
0.0036000000000000003,0.00035
0.0036500000000000005,0.00035
0.0037500000000000003,0.00035
0.0038,0.00035
0.00385,0.00035
0.00395,0.00035
0.004,0.00035
0.00405,0.00035
0.00415,0.00035
0.004200000000000001,0.00035
0.00425,0.00035
0.004350000000000001,0.00035
0.0044,0.00035
0.00445,0.00035
0.00455,0.00035
0.0046,0.00035
0.00465,0.00035
0.00475,0.00035
0.0048000000000000004,0.00035
0.00485,0.00035
0.00495,0.00035
0.005,0.00035
0.00505,0.00035
0.00515,0.00035
0.005200000000000001,0.00035
0.00525,0.00035
0.005350000000000001,0.00035
0.0054,0.00035
0.00545,0.00035
0.00555,0.00035
0.0056,0.00035
0.00565,0.00035
0.00575,0.00035
0.0058000000000000005,0.00035
0.00585,0.00035
0.00595,0.00035
0.006,0.00035
0.00605,0.00035
0.00615,0.00035
0.006200000000000001,0.00035
0.00625,0.00035
0.006350000000000001,0.00035
0.0064,0.00035
0.00645,0.00035
0.00655,0.00035
0.0066,0.00035
0.00665,0.00035
0.00675,0.00035
0.0068000000000000005,0.00035
0.00685,0.00035
0.0069500000000000004,0.00035
0.007,0.00035
0.00705,0.00035
0.00715,0.00035
0.007200000000000001,0.00035
0.00725,0.00035
0.007350000000000001,0.00035
0.0074,0.00035
0.00745,0.00035
0.00755,0.00035
0.0076,0.00035
0.00765,0.00035
0.00775,0.00035
0.0078000000000000005,0.00035
0.007850000000000001,0.00035
0.00795,0.00035
0.008,0.00035
0.00805,0.00035
0.008150000000000001,0.00035
0.0082,0.00035
0.00825,0.00035
0.008350000000000002,0.00035
0.008400000000000001,0.00035
0.008450000000000001,0.00035
0.008550000000000002,0.00035
0.0086,0.00035
0.00865,0.00035
0.00875,0.00035
0.0088,0.00035
0.00885,0.00035
0.008950000000000001,0.00035
0.009000000000000001,0.00035
0.00905,0.00035
0.009150000000000002,0.00035
0.0092,0.00035
0.00925,0.00035
0.00935,0.00035
0.0094,0.00035
0.00945,0.00035
0.009550000000000001,0.00035
0.009600000000000001,0.00035
0.00965,0.00035
0.009750000000000002,0.00035
0.0098,0.00035
0.00985,0.00035
0.00995,0.00035
0.01,0.00035
0.01005,0.00035
0.010150000000000001,0.00035
0.0102,0.00035
0.01025,0.00035
0.010350000000000002,0.00035
0.010400000000000001,0.00035
0.010450000000000001,0.00035
0.010550000000000002,0.00035
0.0106,0.00035
0.01065,0.00035
0.010750000000000001,0.00035
0.0108,0.00035
0.01085,0.00035
0.010950000000000001,0.00035
0.011000000000000001,0.00035
0.01105,0.00035
0.011150000000000002,0.00035
0.0112,0.00035
0.01125,0.00035
0.01135,0.00035
0.0114,0.00035
0.01145,0.00035
0.011550000000000001,0.00035
0.011600000000000001,0.00035
0.01165,0.00035
0.011750000000000002,0.00035
0.0118,0.00035
0.01185,0.00035
0.01195,0.00035
0.012,0.00035
0.01205,0.00035
0.012150000000000001,0.00035
0.0122,0.00035
0.01225,0.00035
0.012350000000000002,0.00035
0.012400000000000001,0.00035
0.012450000000000001,0.00035
0.012550000000000002,0.00035
0.0126,0.00035
0.01265,0.00035
0.012750000000000001,0.00035
0.0128,0.00035
0.01285,0.00035
0.012950000000000001,0.00035
0.013000000000000001,0.00035
0.01305,0.00035
0.013150000000000002,0.00035
0.0132,0.00035
0.01325,0.00035
0.01335,0.00035
0.0134,0.00035
0.01345,0.00035
0.013550000000000001,0.00035
0.013600000000000001,0.00035
0.01365,0.00035
0.013750000000000002,0.00035
0.013800000000000002,0.00035
0.013850000000000001,0.00035
0.013950000000000002,0.00035
0.014,0.00035
0.01405,0.00035
0.014150000000000001,0.00035
0.0142,0.00035
0.01425,0.00035
0.014350000000000002,0.00035
0.014400000000000001,0.00035
0.014450000000000001,0.00035
0.014550000000000002,0.00035
0.0146,0.00035
0.01465,0.00035
0.014750000000000001,0.00035
0.0148,0.00035
0.01485,0.00035
0.014950000000000001,0.00035
0.015000000000000001,0.00035
0.015050000000000001,0.00035
0.015150000000000002,0.00035
0.0152,0.00035
0.01525,0.00035
0.01535,0.00035
0.0154,0.00035
0.01545,0.00035
0.015550000000000001,0.00035
0.015600000000000001,0.00035
0.01565,0.00035
0.01575,0.00035
0.0158,0.00035
0.015850000000000003,0.00035
0.015950000000000002,0.00035
0.016,0.00035
0.016050000000000002,0.00035
0.01615,0.00035
0.0162,0.00035
0.01625,0.00035
0.01635,0.00035
0.0164,0.00035
0.016450000000000003,0.00035
0.016550000000000002,0.00035
0.0166,0.00035
0.01665,0.00035
0.01675,0.00035
0.016800000000000002,0.00035
0.016850000000000004,0.00035
0.016950000000000003,0.00035
0.017,0.00035
0.017050000000000003,0.00035
0.017150000000000002,0.00035
0.0172,0.00035
0.01725,0.00035
0.01735,0.00035
0.017400000000000002,0.00035
0.017450000000000004,0.00035
0.017550000000000003,0.00035
0.0176,0.00035
0.017650000000000002,0.00035
0.017750000000000002,0.00035
0.0178,0.00035
0.01785,0.00035
0.01795,0.00035
0.018000000000000002,0.00035
0.018050000000000004,0.00035
0.018150000000000003,0.00035
0.0182,0.00035
0.018250000000000002,0.00035
0.01835,0.00035
0.0184,0.00035
0.01845,0.00035
0.01855,0.00035
0.018600000000000002,0.00035
0.018650000000000003,0.00035
0.018750000000000003,0.00035
0.0188,0.00035
0.018850000000000002,0.00035
0.01895,0.00035
0.019,0.00035
0.01905,0.00035
0.01915,0.00035
0.019200000000000002,0.00035
0.019250000000000003,0.00035
0.019350000000000003,0.00035
0.0194,0.00035
0.019450000000000002,0.00035
0.01955,0.00035
0.0196,0.00035
0.01965,0.00035
0.01975,0.00035
0.0198,0.00035
0.019850000000000003,0.00035
0.019950000000000002,0.00035
0.02,0.00035
0.020050000000000002,0.00035
0.02015,0.00035
0.020200000000000003,0.00035
0.020250000000000004,0.00035
0.020350000000000004,0.00035
0.0204,0.00035
0.020450000000000003,0.00035
0.020550000000000002,0.00035
0.0206,0.00035
0.02065,0.00035
0.02075,0.00035
0.020800000000000003,0.00035
0.020850000000000004,0.00035
0.020950000000000003,0.00035
0.021,0.00035
0.021050000000000003,0.00035
0.021150000000000002,0.00035
0.0212,0.00035
0.02125,0.00035
0.02135,0.00035
0.021400000000000002,0.00035
0.021450000000000004,0.00035
0.021550000000000003,0.00035
0.0216,0.00035
0.021650000000000003,0.00035
0.021750000000000002,0.00035
0.0218,0.00035
0.02185,0.00035
0.02195,0.00035
0.022000000000000002,0.00035
0.022050000000000004,0.00035
0.022150000000000003,0.00035
0.0222,0.00035
0.022250000000000002,0.00035
0.022350000000000002,0.00035
0.0224,0.00035
0.02245,0.00035
0.02255,0.00035
0.022600000000000002,0.00035
0.022650000000000003,0.00035
0.022750000000000003,0.00025
0.022750000000000003,0.0002
0.022750000000000003,0.00015000000000000001
0.022750000000000003,0.00005
0.022750000000000003,0.
0.,0.0004
0.0001,0.0004
0.0002,0.0004
0.00030000000000000003,0.0004
0.0004,0.0004
0.0005,0.0004
0.0006000000000000001,0.0004
0.0007,0.0004
0.0008,0.0004
0.0009000000000000001,0.0004
0.001,0.0004
0.0011,0.0004
0.0012000000000000001,0.0004
0.0013000000000000002,0.0004
0.0014,0.0004
0.0015,0.0004
0.0016,0.0004
0.0017000000000000001,0.0004
0.0018000000000000002,0.0004
0.0019,0.0004
0.002,0.0004
0.0021000000000000003,0.0004
0.0022,0.0004
0.0023,0.0004
0.0024000000000000002,0.0004
0.0025,0.0004
0.0026000000000000003,0.0004
0.0027,0.0004
0.0028,0.0004
0.0029000000000000002,0.0004
0.003,0.0004
0.0031000000000000003,0.0004
0.0032,0.0004
0.0033,0.0004
0.0034000000000000002,0.0004
0.0035,0.0004
0.0036000000000000003,0.0004
0.0037,0.0004
0.0038,0.0004
0.0039000000000000003,0.0004
0.004,0.0004
0.0041,0.0004
0.004200000000000001,0.0004
0.0043,0.0004
0.0044,0.0004
0.0045000000000000005,0.0004
0.0046,0.0004
0.0047,0.0004
0.0048000000000000004,0.0004
0.0049,0.0004
0.005,0.0004
0.0051,0.0004
0.005200000000000001,0.0004
0.0053,0.0004
0.0054,0.0004
0.0055000000000000005,0.0004
0.0056,0.0004
0.0057,0.0004
0.0058000000000000005,0.0004
0.0059,0.0004
0.006,0.0004
0.0061,0.0004
0.006200000000000001,0.0004
0.0063,0.0004
0.0064,0.0004
0.006500000000000001,0.0004
0.0066,0.0004
0.0067,0.0004
0.0068000000000000005,0.0004
0.006900000000000001,0.0004
0.007,0.0004
0.0071,0.0004
0.007200000000000001,0.0004
0.0073,0.0004
0.0074,0.0004
0.007500000000000001,0.0004
0.0076,0.0004
0.0077,0.0004
0.0078000000000000005,0.0004
0.0079,0.0004
0.008,0.0004
0.0081,0.0004
0.0082,0.0004
0.0083,0.0004
0.008400000000000001,0.0004
0.0085,0.0004
0.0086,0.0004
0.008700000000000001,0.0004
0.0088,0.0004
0.0089,0.0004
0.009000000000000001,0.0004
0.0091,0.0004
0.0092,0.0004
0.009300000000000001,0.0004
0.0094,0.0004
0.0095,0.0004
0.009600000000000001,0.0004
0.0097,0.0004
0.0098,0.0004
0.0099,0.0004
0.01,0.0004
0.010100000000000001,0.0004
0.0102,0.0004
0.0103,0.0004
0.010400000000000001,0.0004
0.0105,0.0004
0.0106,0.0004
0.010700000000000001,0.0004
0.0108,0.0004
0.0109,0.0004
0.011000000000000001,0.0004
0.0111,0.0004
0.0112,0.0004
0.011300000000000001,0.0004
0.0114,0.0004
0.0115,0.0004
0.011600000000000001,0.0004
0.0117,0.0004
0.0118,0.0004
0.0119,0.0004
0.012,0.0004
0.012100000000000001,0.0004
0.0122,0.0004
0.0123,0.0004
0.012400000000000001,0.0004
0.0125,0.0004
0.0126,0.0004
0.012700000000000001,0.0004
0.0128,0.0004
0.0129,0.0004
0.013000000000000001,0.0004
0.0131,0.0004
0.0132,0.0004
0.013300000000000001,0.0004
0.0134,0.0004
0.0135,0.0004
0.013600000000000001,0.0004
0.0137,0.0004
0.013800000000000002,0.0004
0.013900000000000001,0.0004
0.014,0.0004
0.014100000000000001,0.0004
0.0142,0.0004
0.0143,0.0004
0.014400000000000001,0.0004
0.0145,0.0004
0.0146,0.0004
0.014700000000000001,0.0004
0.0148,0.0004
0.0149,0.0004
0.015000000000000001,0.0004
0.0151,0.0004
0.0152,0.0004
0.015300000000000001,0.0004
0.0154,0.0004
0.0155,0.0004
0.015600000000000001,0.0004
0.015700000000000002,0.0004
0.0158,0.0004
0.0159,0.0004
0.016,0.0004
0.0161,0.0004
0.0162,0.0004
0.016300000000000002,0.0004
0.0164,0.0004
0.0165,0.0004
0.0166,0.0004
0.0167,0.0004
0.016800000000000002,0.0004
0.016900000000000002,0.0004
0.017,0.0004
0.0171,0.0004
0.0172,0.0004
0.0173,0.0004
0.017400000000000002,0.0004
0.0175,0.0004
0.0176,0.0004
0.0177,0.0004
0.0178,0.0004
0.0179,0.0004
0.018000000000000002,0.0004
0.0181,0.0004
0.0182,0.0004
0.0183,0.0004
0.0184,0.0004
0.018500000000000003,0.0004
0.018600000000000002,0.0004
0.0187,0.0004
0.0188,0.0004
0.0189,0.0004
0.019,0.0004
0.019100000000000002,0.0004
0.019200000000000002,0.0004
0.0193,0.0004
0.0194,0.0004
0.0195,0.0004
0.0196,0.0004
0.019700000000000002,0.0004
0.0198,0.0004
0.0199,0.0004
0.02,0.0004
0.0201,0.0004
0.020200000000000003,0.0004
0.020300000000000002,0.0004
0.0204,0.0004
0.0205,0.0004
0.0206,0.0004
0.0207,0.0004
0.020800000000000003,0.0004
0.020900000000000002,0.0004
0.021,0.0004
0.0211,0.0004
0.0212,0.0004
0.0213,0.0004
0.021400000000000002,0.0004
0.021500000000000002,0.0004
0.0216,0.0004
0.0217,0.0004
0.0218,0.0004
0.0219,0.0004
0.022000000000000002,0.0004
0.0221,0.0004
0.0222,0.0004
0.0223,0.0004
0.0224,0.0004
0.022500000000000003,0.0004
0.022600000000000002,0.0004
0.0227,0.0004
0.0228,0.0004
0.0228,0.00030000000000000003
0.0228,0.0002
0.0228,0.0001
0.0228,0.
0.,0.0005
0.0001,0.0005
0.00030000000000000003,0.0005
0.0004,0.0005
0.0005,0.0005
0.0007000000000000001,0.0005
0.0008,0.0005
0.0009000000000000001,0.0005
0.0011,0.0005
0.0012000000000000001,0.0005
0.0013000000000000002,0.0005
0.0015,0.0005
0.0016,0.0005
0.0017000000000000001,0.0005
0.0019000000000000002,0.0005
0.002,0.0005
0.0021,0.0005
0.0023,0.0005
0.0024000000000000002,0.0005
0.0025,0.0005
0.0027,0.0005
0.0028,0.0005
0.0029,0.0005
0.0031,0.0005
0.0032,0.0005
0.0033,0.0005
0.0035,0.0005
0.0036000000000000003,0.0005
0.0037,0.0005
0.0039000000000000003,0.0005
0.004,0.0005
0.0041,0.0005
0.0043,0.0005
0.0044,0.0005
0.0045000000000000005,0.0005
0.0047,0.0005
0.0048000000000000004,0.0005
0.004900000000000001,0.0005
0.0051,0.0005
0.005200000000000001,0.0005
0.005300000000000001,0.0005
0.0055000000000000005,0.0005
0.0056,0.0005
0.0057,0.0005
0.0059,0.0005
0.006,0.0005
0.0061,0.0005
0.0063,0.0005
0.0064,0.0005
0.006500000000000001,0.0005
0.0067,0.0005
0.0068000000000000005,0.0005
0.006900000000000001,0.0005
0.0071,0.0005
0.007200000000000001,0.0005
0.007300000000000001,0.0005
0.007500000000000001,0.0005
0.0076,0.0005
0.0077,0.0005
0.0079,0.0005
0.008,0.0005
0.0081,0.0005
0.0083,0.0005
0.008400000000000001,0.0005
0.0085,0.0005
0.008700000000000001,0.0005
0.0088,0.0005
0.0089,0.0005
0.0091,0.0005
0.0092,0.0005
0.0093,0.0005
0.0095,0.0005
0.009600000000000001,0.0005
0.0097,0.0005
0.0099,0.0005
0.01,0.0005
0.0101,0.0005
0.0103,0.0005
0.010400000000000001,0.0005
0.0105,0.0005
0.010700000000000001,0.0005
0.0108,0.0005
0.0109,0.0005
0.0111,0.0005
0.0112,0.0005
0.0113,0.0005
0.0115,0.0005
0.011600000000000001,0.0005
0.0117,0.0005
0.0119,0.0005
0.012,0.0005
0.0121,0.0005
0.0123,0.0005
0.012400000000000001,0.0005
0.0125,0.0005
0.012700000000000001,0.0005
0.0128,0.0005
0.0129,0.0005
0.0131,0.0005
0.0132,0.0005
0.0133,0.0005
0.0135,0.0005
0.013600000000000001,0.0005
0.0137,0.0005
0.013900000000000001,0.0005
0.014,0.0005
0.0141,0.0005
0.0143,0.0005
0.014400000000000001,0.0005
0.0145,0.0005
0.014700000000000001,0.0005
0.0148,0.0005
0.0149,0.0005
0.0151,0.0005
0.0152,0.0005
0.0153,0.0005
0.0155,0.0005
0.015600000000000001,0.0005
0.015700000000000002,0.0005
0.0159,0.0005
0.016,0.0005
0.0161,0.0005
0.016300000000000002,0.0005
0.0164,0.0005
0.0165,0.0005
0.016700000000000003,0.0005
0.016800000000000002,0.0005
0.016900000000000002,0.0005
0.017100000000000004,0.0005
0.0172,0.0005
0.0173,0.0005
0.0175,0.0005
0.0176,0.0005
0.0177,0.0005
0.017900000000000003,0.0005
0.018000000000000002,0.0005
0.0181,0.0005
0.018300000000000004,0.0005
0.0184,0.0005
0.0185,0.0005
0.0187,0.0005
0.0188,0.0005
0.0189,0.0005
0.019100000000000002,0.0005
0.019200000000000002,0.0005
0.0193,0.0005
0.019500000000000003,0.0005
0.0196,0.0005
0.0197,0.0005
0.0199,0.0005
0.02,0.0005
0.0201,0.0005
0.020300000000000002,0.0005
0.0204,0.0005
0.0205,0.0005
0.020700000000000003,0.0005
0.020800000000000003,0.0005
0.020900000000000002,0.0005
0.021100000000000004,0.0005
0.0212,0.0005
0.0213,0.0005
0.021500000000000002,0.0005
0.0216,0.0005
0.0217,0.0005
0.021900000000000003,0.0005
0.022000000000000002,0.0005
0.0221,0.0005
0.022300000000000004,0.0005
0.0224,0.0005
0.0225,0.0005
0.0227,0.0005
0.0228,0.0005
0.0229,0.0005
0.0229,0.0004
0.0229,0.00030000000000000003
0.0229,0.0001
0.0229,0.
0.,0.0006000000000000001
0.0002,0.0006000000000000001
0.0004,0.0006000000000000001
0.0006000000000000001,0.0006000000000000001
0.0008,0.0006000000000000001
0.001,0.0006000000000000001
0.0012000000000000001,0.0006000000000000001
0.0014,0.0006000000000000001
0.0016,0.0006000000000000001
0.0018000000000000002,0.0006000000000000001
0.002,0.0006000000000000001
0.0022,0.0006000000000000001
0.0024000000000000002,0.0006000000000000001
0.0026000000000000003,0.0006000000000000001
0.0028,0.0006000000000000001
0.003,0.0006000000000000001
0.0032,0.0006000000000000001
0.0034000000000000002,0.0006000000000000001
0.0036000000000000003,0.0006000000000000001
0.0038,0.0006000000000000001
0.004,0.0006000000000000001
0.004200000000000001,0.0006000000000000001
0.0044,0.0006000000000000001
0.0046,0.0006000000000000001
0.0048000000000000004,0.0006000000000000001
0.005,0.0006000000000000001
0.005200000000000001,0.0006000000000000001
0.0054,0.0006000000000000001
0.0056,0.0006000000000000001
0.0058000000000000005,0.0006000000000000001
0.006,0.0006000000000000001
0.006200000000000001,0.0006000000000000001
0.0064,0.0006000000000000001
0.0066,0.0006000000000000001
0.0068000000000000005,0.0006000000000000001
0.007,0.0006000000000000001
0.007200000000000001,0.0006000000000000001
0.0074,0.0006000000000000001
0.0076,0.0006000000000000001
0.0078000000000000005,0.0006000000000000001
0.008,0.0006000000000000001
0.0082,0.0006000000000000001
0.008400000000000001,0.0006000000000000001
0.0086,0.0006000000000000001
0.0088,0.0006000000000000001
0.009000000000000001,0.0006000000000000001
0.0092,0.0006000000000000001
0.0094,0.0006000000000000001
0.009600000000000001,0.0006000000000000001
0.0098,0.0006000000000000001
0.01,0.0006000000000000001
0.0102,0.0006000000000000001
0.010400000000000001,0.0006000000000000001
0.0106,0.0006000000000000001
0.0108,0.0006000000000000001
0.011000000000000001,0.0006000000000000001
0.0112,0.0006000000000000001
0.0114,0.0006000000000000001
0.011600000000000001,0.0006000000000000001
0.0118,0.0006000000000000001
0.012,0.0006000000000000001
0.0122,0.0006000000000000001
0.012400000000000001,0.0006000000000000001
0.0126,0.0006000000000000001
0.0128,0.0006000000000000001
0.013000000000000001,0.0006000000000000001
0.0132,0.0006000000000000001
0.0134,0.0006000000000000001
0.013600000000000001,0.0006000000000000001
0.013800000000000002,0.0006000000000000001
0.014,0.0006000000000000001
0.0142,0.0006000000000000001
0.014400000000000001,0.0006000000000000001
0.0146,0.0006000000000000001
0.0148,0.0006000000000000001
0.015000000000000001,0.0006000000000000001
0.0152,0.0006000000000000001
0.0154,0.0006000000000000001
0.015600000000000001,0.0006000000000000001
0.0158,0.0006000000000000001
0.016,0.0006000000000000001
0.0162,0.0006000000000000001
0.0164,0.0006000000000000001
0.0166,0.0006000000000000001
0.016800000000000002,0.0006000000000000001
0.017,0.0006000000000000001
0.0172,0.0006000000000000001
0.017400000000000002,0.0006000000000000001
0.0176,0.0006000000000000001
0.0178,0.0006000000000000001
0.018000000000000002,0.0006000000000000001
0.0182,0.0006000000000000001
0.0184,0.0006000000000000001
0.018600000000000002,0.0006000000000000001
0.0188,0.0006000000000000001
0.019,0.0006000000000000001
0.019200000000000002,0.0006000000000000001
0.0194,0.0006000000000000001
0.0196,0.0006000000000000001
0.0198,0.0006000000000000001
0.02,0.0006000000000000001
0.020200000000000003,0.0006000000000000001
0.0204,0.0006000000000000001
0.0206,0.0006000000000000001
0.020800000000000003,0.0006000000000000001
0.021,0.0006000000000000001
0.0212,0.0006000000000000001
0.021400000000000002,0.0006000000000000001
0.0216,0.0006000000000000001
0.0218,0.0006000000000000001
0.022000000000000002,0.0006000000000000001
0.0222,0.0006000000000000001
0.0224,0.0006000000000000001
0.022600000000000002,0.0006000000000000001
0.0228,0.0006000000000000001
0.023,0.0006000000000000001
0.023,0.0004
0.023,0.0002
0.023,0.
0.,0.0008
0.0002,0.0008
0.0004,0.0008
0.0006000000000000001,0.0008
0.0008,0.0008
0.001,0.0008
0.0012000000000000001,0.0008
0.0014,0.0008
0.0016,0.0008
0.0018000000000000002,0.0008
0.002,0.0008
0.0022,0.0008
0.0024000000000000002,0.0008
0.0026000000000000003,0.0008
0.0028,0.0008
0.003,0.0008
0.0032,0.0008
0.0034000000000000002,0.0008
0.0036000000000000003,0.0008
0.0038,0.0008
0.004,0.0008
0.004200000000000001,0.0008
0.0044,0.0008
0.0046,0.0008
0.0048000000000000004,0.0008
0.005,0.0008
0.005200000000000001,0.0008
0.0054,0.0008
0.0056,0.0008
0.0058000000000000005,0.0008
0.006,0.0008
0.006200000000000001,0.0008
0.0064,0.0008
0.0066,0.0008
0.0068000000000000005,0.0008
0.007,0.0008
0.007200000000000001,0.0008
0.0074,0.0008
0.0076,0.0008
0.0078000000000000005,0.0008
0.008,0.0008
0.0082,0.0008
0.008400000000000001,0.0008
0.0086,0.0008
0.0088,0.0008
0.009000000000000001,0.0008
0.0092,0.0008
0.0094,0.0008
0.009600000000000001,0.0008
0.0098,0.0008
0.01,0.0008
0.0102,0.0008
0.010400000000000001,0.0008
0.0106,0.0008
0.0108,0.0008
0.011000000000000001,0.0008
0.0112,0.0008
0.0114,0.0008
0.011600000000000001,0.0008
0.0118,0.0008
0.012,0.0008
0.0122,0.0008
0.012400000000000001,0.0008
0.0126,0.0008
0.0128,0.0008
0.013000000000000001,0.0008
0.0132,0.0008
0.0134,0.0008
0.013600000000000001,0.0008
0.013800000000000002,0.0008
0.014,0.0008
0.0142,0.0008
0.014400000000000001,0.0008
0.0146,0.0008
0.0148,0.0008
0.015000000000000001,0.0008
0.0152,0.0008
0.0154,0.0008
0.015600000000000001,0.0008
0.0158,0.0008
0.016,0.0008
0.0162,0.0008
0.0164,0.0008
0.0166,0.0008
0.016800000000000002,0.0008
0.017,0.0008
0.0172,0.0008
0.017400000000000002,0.0008
0.0176,0.0008
0.0178,0.0008
0.018000000000000002,0.0008
0.0182,0.0008
0.0184,0.0008
0.018600000000000002,0.0008
0.0188,0.0008
0.019,0.0008
0.019200000000000002,0.0008
0.0194,0.0008
0.0196,0.0008
0.0198,0.0008
0.02,0.0008
0.020200000000000003,0.0008
0.0204,0.0008
0.0206,0.0008
0.020800000000000003,0.0008
0.021,0.0008
0.0212,0.0008
0.021400000000000002,0.0008
0.0216,0.0008
0.0218,0.0008
0.022000000000000002,0.0008
0.0222,0.0008
0.0224,0.0008
0.022600000000000002,0.0008
0.0228,0.0008
0.023,0.0008
0.023200000000000002,0.0008
0.023200000000000002,0.0006000000000000001
0.023200000000000002,0.0004
0.023200000000000002,0.0002
0.023200000000000002,0.
0.,0.001
0.0002,0.001
0.0006000000000000001,0.001
0.0008,0.001
0.001,0.001
0.0014000000000000002,0.001
0.0016,0.001
0.0018000000000000002,0.001
0.0022,0.001
0.0024000000000000002,0.001
0.0026000000000000003,0.001
0.003,0.001
0.0032,0.001
0.0034000000000000002,0.001
0.0038000000000000004,0.001
0.004,0.001
0.0042,0.001
0.0046,0.001
0.0048000000000000004,0.001
0.005,0.001
0.0054,0.001
0.0056,0.001
0.0058,0.001
0.0062,0.001
0.0064,0.001
0.0066,0.001
0.007,0.001
0.007200000000000001,0.001
0.0074,0.001
0.0078000000000000005,0.001
0.008,0.001
0.0082,0.001
0.0086,0.001
0.0088,0.001
0.009000000000000001,0.001
0.0094,0.001
0.009600000000000001,0.001
0.009800000000000001,0.001
0.0102,0.001
0.010400000000000001,0.001
0.010600000000000002,0.001
0.011000000000000001,0.001
0.0112,0.001
0.0114,0.001
0.0118,0.001
0.012,0.001
0.0122,0.001
0.0126,0.001
0.0128,0.001
0.013000000000000001,0.001
0.0134,0.001
0.013600000000000001,0.001
0.013800000000000002,0.001
0.0142,0.001
0.014400000000000001,0.001
0.014600000000000002,0.001
0.015000000000000001,0.001
0.0152,0.001
0.0154,0.001
0.0158,0.001
0.016,0.001
0.0162,0.001
0.0166,0.001
0.016800000000000002,0.001
0.017,0.001
0.017400000000000002,0.001
0.0176,0.001
0.0178,0.001
0.0182,0.001
0.0184,0.001
0.0186,0.001
0.019,0.001
0.019200000000000002,0.001
0.0194,0.001
0.0198,0.001
0.02,0.001
0.0202,0.001
0.0206,0.001
0.020800000000000003,0.001
0.021,0.001
0.021400000000000002,0.001
0.0216,0.001
0.0218,0.001
0.0222,0.001
0.0224,0.001
0.0226,0.001
0.023,0.001
0.023200000000000002,0.001
0.0234,0.001
0.0234,0.0008
0.0234,0.0006000000000000001
0.0234,0.0002
0.0234,0.
0.,0.0012000000000000001
0.0004,0.0012000000000000001
0.0008,0.0012000000000000001
0.0012000000000000001,0.0012000000000000001
0.0016,0.0012000000000000001
0.002,0.0012000000000000001
0.0024000000000000002,0.0012000000000000001
0.0028,0.0012000000000000001
0.0032,0.0012000000000000001
0.0036000000000000003,0.0012000000000000001
0.004,0.0012000000000000001
0.0044,0.0012000000000000001
0.0048000000000000004,0.0012000000000000001
0.005200000000000001,0.0012000000000000001
0.0056,0.0012000000000000001
0.006,0.0012000000000000001
0.0064,0.0012000000000000001
0.0068000000000000005,0.0012000000000000001
0.007200000000000001,0.0012000000000000001
0.0076,0.0012000000000000001
0.008,0.0012000000000000001
0.008400000000000001,0.0012000000000000001
0.0088,0.0012000000000000001
0.0092,0.0012000000000000001
0.009600000000000001,0.0012000000000000001
0.01,0.0012000000000000001
0.010400000000000001,0.0012000000000000001
0.0108,0.0012000000000000001
0.0112,0.0012000000000000001
0.011600000000000001,0.0012000000000000001
0.012,0.0012000000000000001
0.012400000000000001,0.0012000000000000001
0.0128,0.0012000000000000001
0.0132,0.0012000000000000001
0.013600000000000001,0.0012000000000000001
0.014,0.0012000000000000001
0.014400000000000001,0.0012000000000000001
0.0148,0.0012000000000000001
0.0152,0.0012000000000000001
0.015600000000000001,0.0012000000000000001
0.016,0.0012000000000000001
0.0164,0.0012000000000000001
0.016800000000000002,0.0012000000000000001
0.0172,0.0012000000000000001
0.0176,0.0012000000000000001
0.018000000000000002,0.0012000000000000001
0.0184,0.0012000000000000001
0.0188,0.0012000000000000001
0.019200000000000002,0.0012000000000000001
0.0196,0.0012000000000000001
0.02,0.0012000000000000001
0.0204,0.0012000000000000001
0.020800000000000003,0.0012000000000000001
0.0212,0.0012000000000000001
0.0216,0.0012000000000000001
0.022000000000000002,0.0012000000000000001
0.0224,0.0012000000000000001
0.0228,0.0012000000000000001
0.023200000000000002,0.0012000000000000001
0.0236,0.0012000000000000001
0.0236,0.0008
0.0236,0.0004
0.0236,0.
0.,0.0016
0.0004,0.0016
0.0008,0.0016
0.0012000000000000001,0.0016
0.0016,0.0016
0.002,0.0016
0.0024000000000000002,0.0016
0.0028,0.0016
0.0032,0.0016
0.0036000000000000003,0.0016
0.004,0.0016
0.0044,0.0016
0.0048000000000000004,0.0016
0.005200000000000001,0.0016
0.0056,0.0016
0.006,0.0016
0.0064,0.0016
0.0068000000000000005,0.0016
0.007200000000000001,0.0016
0.0076,0.0016
0.008,0.0016
0.008400000000000001,0.0016
0.0088,0.0016
0.0092,0.0016
0.009600000000000001,0.0016
0.01,0.0016
0.010400000000000001,0.0016
0.0108,0.0016
0.0112,0.0016
0.011600000000000001,0.0016
0.012,0.0016
0.012400000000000001,0.0016
0.0128,0.0016
0.0132,0.0016
0.013600000000000001,0.0016
0.014,0.0016
0.014400000000000001,0.0016
0.0148,0.0016
0.0152,0.0016
0.015600000000000001,0.0016
0.016,0.0016
0.0164,0.0016
0.016800000000000002,0.0016
0.0172,0.0016
0.0176,0.0016
0.018000000000000002,0.0016
0.0184,0.0016
0.0188,0.0016
0.019200000000000002,0.0016
0.0196,0.0016
0.02,0.0016
0.0204,0.0016
0.020800000000000003,0.0016
0.0212,0.0016
0.0216,0.0016
0.022000000000000002,0.0016
0.0224,0.0016
0.0228,0.0016
0.023200000000000002,0.0016
0.0236,0.0016
0.024,0.0016
0.024,0.0012000000000000001
0.024,0.0008
0.024,0.0004
0.024,0.
0.,0.002
0.0004,0.002
0.0012000000000000001,0.002
0.0016,0.002
0.002,0.002
0.0028000000000000004,0.002
0.0032,0.002
0.0036000000000000003,0.002
0.0044,0.002
0.0048000000000000004,0.002
0.005200000000000001,0.002
0.006,0.002
0.0064,0.002
0.0068000000000000005,0.002
0.007600000000000001,0.002
0.008,0.002
0.0084,0.002
0.0092,0.002
0.009600000000000001,0.002
0.01,0.002
0.0108,0.002
0.0112,0.002
0.0116,0.002
0.0124,0.002
0.0128,0.002
0.0132,0.002
0.014,0.002
0.014400000000000001,0.002
0.0148,0.002
0.015600000000000001,0.002
0.016,0.002
0.0164,0.002
0.0172,0.002
0.0176,0.002
0.018000000000000002,0.002
0.0188,0.002
0.019200000000000002,0.002
0.019600000000000003,0.002
0.0204,0.002
0.020800000000000003,0.002
0.021200000000000004,0.002
0.022000000000000002,0.002
0.0224,0.002
0.0228,0.002
0.0236,0.002
0.024,0.002
0.0244,0.002
0.0244,0.0016
0.0244,0.0012000000000000001
0.0244,0.0004
0.0244,0.
0.,0.0024000000000000002
0.0008,0.0024000000000000002
0.0016,0.0024000000000000002
0.0024000000000000002,0.0024000000000000002
0.0032,0.0024000000000000002
0.004,0.0024000000000000002
0.0048000000000000004,0.0024000000000000002
0.0056,0.0024000000000000002
0.0064,0.0024000000000000002
0.007200000000000001,0.0024000000000000002
0.008,0.0024000000000000002
0.0088,0.0024000000000000002
0.009600000000000001,0.0024000000000000002
0.010400000000000001,0.0024000000000000002
0.0112,0.0024000000000000002
0.012,0.0024000000000000002
0.0128,0.0024000000000000002
0.013600000000000001,0.0024000000000000002
0.014400000000000001,0.0024000000000000002
0.0152,0.0024000000000000002
0.016,0.0024000000000000002
0.016800000000000002,0.0024000000000000002
0.0176,0.0024000000000000002
0.0184,0.0024000000000000002
0.019200000000000002,0.0024000000000000002
0.02,0.0024000000000000002
0.020800000000000003,0.0024000000000000002
0.0216,0.0024000000000000002
0.0224,0.0024000000000000002
0.023200000000000002,0.0024000000000000002
0.024,0.0024000000000000002
0.024800000000000003,0.0024000000000000002
0.024800000000000003,0.0016
0.024800000000000003,0.0008
0.024800000000000003,0.
0.,0.0032
0.0008,0.0032
0.0016,0.0032
0.0024000000000000002,0.0032
0.0032,0.0032
0.004,0.0032
0.0048000000000000004,0.0032
0.0056,0.0032
0.0064,0.0032
0.007200000000000001,0.0032
0.008,0.0032
0.0088,0.0032
0.009600000000000001,0.0032
0.010400000000000001,0.0032
0.0112,0.0032
0.012,0.0032
0.0128,0.0032
0.013600000000000001,0.0032
0.014400000000000001,0.0032
0.0152,0.0032
0.016,0.0032
0.016800000000000002,0.0032
0.0176,0.0032
0.0184,0.0032
0.019200000000000002,0.0032
0.02,0.0032
0.020800000000000003,0.0032
0.0216,0.0032
0.0224,0.0032
0.023200000000000002,0.0032
0.024,0.0032
0.024800000000000003,0.0032
0.0256,0.0032
0.0256,0.0024000000000000002
0.0256,0.0016
0.0256,0.0008
0.0256,0.
0.,0.004
0.0008,0.004
0.0024000000000000002,0.004
0.0032,0.004
0.004,0.004
0.005600000000000001,0.004
0.0064,0.004
0.007200000000000001,0.004
0.0088,0.004
0.009600000000000001,0.004
0.010400000000000001,0.004
0.012,0.004
0.0128,0.004
0.013600000000000001,0.004
0.015200000000000002,0.004
0.016,0.004
0.0168,0.004
0.0184,0.004
0.019200000000000002,0.004
0.02,0.004
0.0216,0.004
0.0224,0.004
0.0232,0.004
0.0248,0.004
0.0256,0.004
0.0264,0.004
0.0264,0.0032
0.0264,0.0024000000000000002
0.0264,0.0008
0.0264,0.
0.,0.0048000000000000004
0.0016,0.0048000000000000004
0.0032,0.0048000000000000004
0.0048000000000000004,0.0048000000000000004
0.0064,0.0048000000000000004
0.008,0.0048000000000000004
0.009600000000000001,0.0048000000000000004
0.0112,0.0048000000000000004
0.0128,0.0048000000000000004
0.014400000000000001,0.0048000000000000004
0.016,0.0048000000000000004
0.0176,0.0048000000000000004
0.019200000000000002,0.0048000000000000004
0.020800000000000003,0.0048000000000000004
0.0224,0.0048000000000000004
0.024,0.0048000000000000004
0.0256,0.0048000000000000004
0.027200000000000002,0.0048000000000000004
0.027200000000000002,0.0032
0.027200000000000002,0.0016
0.027200000000000002,0.
0.,0.0064
0.0016,0.0064
0.0032,0.0064
0.0048000000000000004,0.0064
0.0064,0.0064
0.008,0.0064
0.009600000000000001,0.0064
0.0112,0.0064
0.0128,0.0064
0.014400000000000001,0.0064
0.016,0.0064
0.0176,0.0064
0.019200000000000002,0.0064
0.020800000000000003,0.0064
0.0224,0.0064
0.024,0.0064
0.0256,0.0064
0.027200000000000002,0.0064
0.028800000000000003,0.0064
0.028800000000000003,0.0048000000000000004
0.028800000000000003,0.0032
0.028800000000000003,0.0016
0.028800000000000003,0.
0.,0.008
0.0016,0.008
0.0032,0.008
0.0048000000000000004,0.008
0.0064,0.008
0.008,0.008
0.009600000000000001,0.008
0.0112,0.008
0.0128,0.008
0.014400000000000001,0.008
0.016,0.008
0.0176,0.008
0.019200000000000002,0.008
0.020800000000000003,0.008
0.0224,0.008
0.024,0.008
0.0256,0.008
0.027200000000000002,0.008
0.028800000000000003,0.008
0.0304,0.008
0.0304,0.0064
0.0304,0.0048000000000000004
0.0304,0.0032
0.0304,0.0016
0.0304,0.
0.,0.009600000000000001
0.0016,0.009600000000000001
0.0032,0.009600000000000001
0.0048000000000000004,0.009600000000000001
0.0064,0.009600000000000001
0.008,0.009600000000000001
0.009600000000000001,0.009600000000000001
0.0112,0.009600000000000001
0.0128,0.009600000000000001
0.014400000000000001,0.009600000000000001
0.016,0.009600000000000001
0.0176,0.009600000000000001
0.019200000000000002,0.009600000000000001
0.020800000000000003,0.009600000000000001
0.0224,0.009600000000000001
0.024,0.009600000000000001
0.0256,0.009600000000000001
0.027200000000000002,0.009600000000000001
0.028800000000000003,0.009600000000000001
0.0304,0.009600000000000001
0.032,0.009600000000000001
0.032,0.008
0.032,0.0064
0.032,0.0048000000000000004
0.032,0.0032
0.032,0.0016
0.032,0.
0.,0.011200000000000002
0.0016,0.011200000000000002
0.0032,0.011200000000000002
0.0048000000000000004,0.011200000000000002
0.0064,0.011200000000000002
0.008,0.011200000000000002
0.009600000000000001,0.011200000000000002
0.0112,0.011200000000000002
0.0128,0.011200000000000002
0.014400000000000001,0.011200000000000002
0.016,0.011200000000000002
0.0176,0.011200000000000002
0.019200000000000002,0.011200000000000002
0.020800000000000003,0.011200000000000002
0.0224,0.011200000000000002
0.024,0.011200000000000002
0.0256,0.011200000000000002
0.027200000000000002,0.011200000000000002
0.028800000000000003,0.011200000000000002
0.0304,0.011200000000000002
0.032,0.011200000000000002
0.033600000000000005,0.011200000000000002
0.033600000000000005,0.009600000000000001
0.033600000000000005,0.008
0.033600000000000005,0.0064
0.033600000000000005,0.0048000000000000004
0.033600000000000005,0.0032
0.033600000000000005,0.0016
0.033600000000000005,0.
0.,0.012800000000000002
0.0016,0.012800000000000002
0.0032,0.012800000000000002
0.0048000000000000004,0.012800000000000002
0.0064,0.012800000000000002
0.008,0.012800000000000002
0.009600000000000001,0.012800000000000002
0.0112,0.012800000000000002
0.0128,0.012800000000000002
0.014400000000000001,0.012800000000000002
0.016,0.012800000000000002
0.0176,0.012800000000000002
0.019200000000000002,0.012800000000000002
0.020800000000000003,0.012800000000000002
0.0224,0.012800000000000002
0.024,0.012800000000000002
0.0256,0.012800000000000002
0.027200000000000002,0.012800000000000002
0.028800000000000003,0.012800000000000002
0.0304,0.012800000000000002
0.032,0.012800000000000002
0.033600000000000005,0.012800000000000002
0.0352,0.012800000000000002
0.0352,0.0112
0.0352,0.009600000000000001
0.0352,0.008
0.0352,0.0064
0.0352,0.0048000000000000004
0.0352,0.0032
0.0352,0.0016
0.0352,0.
0.,0.014400000000000003
0.0016,0.014400000000000003
0.0032,0.014400000000000003
0.0048000000000000004,0.014400000000000003
0.0064,0.014400000000000003
0.008,0.014400000000000003
0.009600000000000001,0.014400000000000003
0.0112,0.014400000000000003
0.0128,0.014400000000000003
0.014400000000000001,0.014400000000000003
0.016,0.014400000000000003
0.0176,0.014400000000000003
0.019200000000000002,0.014400000000000003
0.020800000000000003,0.014400000000000003
0.0224,0.014400000000000003
0.024,0.014400000000000003
0.0256,0.014400000000000003
0.027200000000000002,0.014400000000000003
0.028800000000000003,0.014400000000000003
0.0304,0.014400000000000003
0.032,0.014400000000000003
0.033600000000000005,0.014400000000000003
0.0352,0.014400000000000003
0.0368,0.014400000000000003
0.0368,0.0128
0.0368,0.0112
0.0368,0.009600000000000001
0.0368,0.008
0.0368,0.0064
0.0368,0.0048000000000000004
0.0368,0.0032
0.0368,0.0016
0.0368,0.
0.,0.016000000000000004
0.0016,0.016000000000000004
0.0032,0.016000000000000004
0.0048000000000000004,0.016000000000000004
0.0064,0.016000000000000004
0.008,0.016000000000000004
0.009600000000000001,0.016000000000000004
0.0112,0.016000000000000004
0.0128,0.016000000000000004
0.014400000000000001,0.016000000000000004
0.016,0.016000000000000004
0.0176,0.016000000000000004
0.019200000000000002,0.016000000000000004
0.020800000000000003,0.016000000000000004
0.0224,0.016000000000000004
0.024,0.016000000000000004
0.0256,0.016000000000000004
0.027200000000000002,0.016000000000000004
0.028800000000000003,0.016000000000000004
0.0304,0.016000000000000004
0.032,0.016000000000000004
0.033600000000000005,0.016000000000000004
0.0352,0.016000000000000004
0.0368,0.016000000000000004
0.038400000000000004,0.016000000000000004
0.038400000000000004,0.014400000000000001
0.038400000000000004,0.0128
0.038400000000000004,0.0112
0.038400000000000004,0.009600000000000001
0.038400000000000004,0.008
0.038400000000000004,0.0064
0.038400000000000004,0.0048000000000000004
0.038400000000000004,0.0032
0.038400000000000004,0.0016
0.038400000000000004,0.
0.,0.017600000000000005
0.0016,0.017600000000000005
0.0032,0.017600000000000005
0.0048000000000000004,0.017600000000000005
0.0064,0.017600000000000005
0.008,0.017600000000000005
0.009600000000000001,0.017600000000000005
0.0112,0.017600000000000005
0.0128,0.017600000000000005
0.014400000000000001,0.017600000000000005
0.016,0.017600000000000005
0.0176,0.017600000000000005
0.019200000000000002,0.017600000000000005
0.020800000000000003,0.017600000000000005
0.0224,0.017600000000000005
0.024,0.017600000000000005
0.0256,0.017600000000000005
0.027200000000000002,0.017600000000000005
0.028800000000000003,0.017600000000000005
0.0304,0.017600000000000005
0.032,0.017600000000000005
0.033600000000000005,0.017600000000000005
0.0352,0.017600000000000005
0.0368,0.017600000000000005
0.038400000000000004,0.017600000000000005
0.04,0.017600000000000005
0.04,0.016
0.04,0.014400000000000001
0.04,0.0128
0.04,0.0112
0.04,0.009600000000000001
0.04,0.008
0.04,0.0064
0.04,0.0048000000000000004
0.04,0.0032
0.04,0.0016
0.04,0.
0.,0.019200000000000005
0.0016,0.019200000000000005
0.0032,0.019200000000000005
0.0048000000000000004,0.019200000000000005
0.0064,0.019200000000000005
0.008,0.019200000000000005
0.009600000000000001,0.019200000000000005
0.0112,0.019200000000000005
0.0128,0.019200000000000005
0.014400000000000001,0.019200000000000005
0.016,0.019200000000000005
0.0176,0.019200000000000005
0.019200000000000002,0.019200000000000005
0.020800000000000003,0.019200000000000005
0.0224,0.019200000000000005
0.024,0.019200000000000005
0.0256,0.019200000000000005
0.027200000000000002,0.019200000000000005
0.028800000000000003,0.019200000000000005
0.0304,0.019200000000000005
0.032,0.019200000000000005
0.033600000000000005,0.019200000000000005
0.0352,0.019200000000000005
0.0368,0.019200000000000005
0.038400000000000004,0.019200000000000005
0.04,0.019200000000000005
0.041600000000000005,0.019200000000000005
0.041600000000000005,0.0176
0.041600000000000005,0.016
0.041600000000000005,0.014400000000000001
0.041600000000000005,0.0128
0.041600000000000005,0.0112
0.041600000000000005,0.009600000000000001
0.041600000000000005,0.008
0.041600000000000005,0.0064
0.041600000000000005,0.0048000000000000004
0.041600000000000005,0.0032
0.041600000000000005,0.0016
0.041600000000000005,0.
0.,0.020800000000000006
0.0016,0.020800000000000006
0.0032,0.020800000000000006
0.0048000000000000004,0.020800000000000006
0.0064,0.020800000000000006
0.008,0.020800000000000006
0.009600000000000001,0.020800000000000006
0.0112,0.020800000000000006
0.0128,0.020800000000000006
0.014400000000000001,0.020800000000000006
0.016,0.020800000000000006
0.0176,0.020800000000000006
0.019200000000000002,0.020800000000000006
0.020800000000000003,0.020800000000000006
0.0224,0.020800000000000006
0.024,0.020800000000000006
0.0256,0.020800000000000006
0.027200000000000002,0.020800000000000006
0.028800000000000003,0.020800000000000006
0.0304,0.020800000000000006
0.032,0.020800000000000006
0.033600000000000005,0.020800000000000006
0.0352,0.020800000000000006
0.0368,0.020800000000000006
0.038400000000000004,0.020800000000000006
0.04,0.020800000000000006
0.041600000000000005,0.020800000000000006
0.0432,0.020800000000000006
0.0432,0.019200000000000002
0.0432,0.0176
0.0432,0.016
0.0432,0.014400000000000001
0.0432,0.0128
0.0432,0.0112
0.0432,0.009600000000000001
0.0432,0.008
0.0432,0.0064
0.0432,0.0048000000000000004
0.0432,0.0032
0.0432,0.0016
0.0432,0.
0.,0.022400000000000007
0.0016,0.022400000000000007
0.0032,0.022400000000000007
0.0048000000000000004,0.022400000000000007
0.0064,0.022400000000000007
0.008,0.022400000000000007
0.009600000000000001,0.022400000000000007
0.0112,0.022400000000000007
0.0128,0.022400000000000007
0.014400000000000001,0.022400000000000007
0.016,0.022400000000000007
0.0176,0.022400000000000007
0.019200000000000002,0.022400000000000007
0.020800000000000003,0.022400000000000007
0.0224,0.022400000000000007
0.024,0.022400000000000007
0.0256,0.022400000000000007
0.027200000000000002,0.022400000000000007
0.028800000000000003,0.022400000000000007
0.0304,0.022400000000000007
0.032,0.022400000000000007
0.033600000000000005,0.022400000000000007
0.0352,0.022400000000000007
0.0368,0.022400000000000007
0.038400000000000004,0.022400000000000007
0.04,0.022400000000000007
0.041600000000000005,0.022400000000000007
0.0432,0.022400000000000007
0.0448,0.022400000000000007
0.0448,0.020800000000000003
0.0448,0.019200000000000002
0.0448,0.0176
0.0448,0.016
0.0448,0.014400000000000001
0.0448,0.0128
0.0448,0.0112
0.0448,0.009600000000000001
0.0448,0.008
0.0448,0.0064
0.0448,0.0048000000000000004
0.0448,0.0032
0.0448,0.0016
0.0448,0.
0.,0.024000000000000007
0.0016,0.024000000000000007
0.0032,0.024000000000000007
0.0048000000000000004,0.024000000000000007
0.0064,0.024000000000000007
0.008,0.024000000000000007
0.009600000000000001,0.024000000000000007
0.0112,0.024000000000000007
0.0128,0.024000000000000007
0.014400000000000001,0.024000000000000007
0.016,0.024000000000000007
0.0176,0.024000000000000007
0.019200000000000002,0.024000000000000007
0.020800000000000003,0.024000000000000007
0.0224,0.024000000000000007
0.024,0.024000000000000007
0.0256,0.024000000000000007
0.027200000000000002,0.024000000000000007
0.028800000000000003,0.024000000000000007
0.0304,0.024000000000000007
0.032,0.024000000000000007
0.033600000000000005,0.024000000000000007
0.0352,0.024000000000000007
0.0368,0.024000000000000007
0.038400000000000004,0.024000000000000007
0.04,0.024000000000000007
0.041600000000000005,0.024000000000000007
0.0432,0.024000000000000007
0.0448,0.024000000000000007
0.046400000000000004,0.024000000000000007
0.046400000000000004,0.0224
0.046400000000000004,0.020800000000000003
0.046400000000000004,0.019200000000000002
0.046400000000000004,0.0176
0.046400000000000004,0.016
0.046400000000000004,0.014400000000000001
0.046400000000000004,0.0128
0.046400000000000004,0.0112
0.046400000000000004,0.009600000000000001
0.046400000000000004,0.008
0.046400000000000004,0.0064
0.046400000000000004,0.0048000000000000004
0.046400000000000004,0.0032
0.046400000000000004,0.0016
0.046400000000000004,0.
0.,0.025600000000000008
0.0016,0.025600000000000008
0.0032,0.025600000000000008
0.0048000000000000004,0.025600000000000008
0.0064,0.025600000000000008
0.008,0.025600000000000008
0.009600000000000001,0.025600000000000008
0.0112,0.025600000000000008
0.0128,0.025600000000000008
0.014400000000000001,0.025600000000000008
0.016,0.025600000000000008
0.0176,0.025600000000000008
0.019200000000000002,0.025600000000000008
0.020800000000000003,0.025600000000000008
0.0224,0.025600000000000008
0.024,0.025600000000000008
0.0256,0.025600000000000008
0.027200000000000002,0.025600000000000008
0.028800000000000003,0.025600000000000008
0.0304,0.025600000000000008
0.032,0.025600000000000008
0.033600000000000005,0.025600000000000008
0.0352,0.025600000000000008
0.0368,0.025600000000000008
0.038400000000000004,0.025600000000000008
0.04,0.025600000000000008
0.041600000000000005,0.025600000000000008
0.0432,0.025600000000000008
0.0448,0.025600000000000008
0.046400000000000004,0.025600000000000008
0.048,0.025600000000000008
0.048,0.024
0.048,0.0224
0.048,0.020800000000000003
0.048,0.019200000000000002
0.048,0.0176
0.048,0.016
0.048,0.014400000000000001
0.048,0.0128
0.048,0.0112
0.048,0.009600000000000001
0.048,0.008
0.048,0.0064
0.048,0.0048000000000000004
0.048,0.0032
0.048,0.0016
0.048,0.
0.,0.02720000000000001
0.0016,0.02720000000000001
0.0032,0.02720000000000001
0.0048000000000000004,0.02720000000000001
0.0064,0.02720000000000001
0.008,0.02720000000000001
0.009600000000000001,0.02720000000000001
0.0112,0.02720000000000001
0.0128,0.02720000000000001
0.014400000000000001,0.02720000000000001
0.016,0.02720000000000001
0.0176,0.02720000000000001
0.019200000000000002,0.02720000000000001
0.020800000000000003,0.02720000000000001
0.0224,0.02720000000000001
0.024,0.02720000000000001
0.0256,0.02720000000000001
0.027200000000000002,0.02720000000000001
0.028800000000000003,0.02720000000000001
0.0304,0.02720000000000001
0.032,0.02720000000000001
0.033600000000000005,0.02720000000000001
0.0352,0.02720000000000001
0.0368,0.02720000000000001
0.038400000000000004,0.02720000000000001
0.04,0.02720000000000001
0.041600000000000005,0.02720000000000001
0.0432,0.02720000000000001
0.0448,0.02720000000000001
0.046400000000000004,0.02720000000000001
0.048,0.02720000000000001
0.049600000000000005,0.02720000000000001
0.049600000000000005,0.0256
0.049600000000000005,0.024
0.049600000000000005,0.0224
0.049600000000000005,0.020800000000000003
0.049600000000000005,0.019200000000000002
0.049600000000000005,0.0176
0.049600000000000005,0.016
0.049600000000000005,0.014400000000000001
0.049600000000000005,0.0128
0.049600000000000005,0.0112
0.049600000000000005,0.009600000000000001
0.049600000000000005,0.008
0.049600000000000005,0.0064
0.049600000000000005,0.0048000000000000004
0.049600000000000005,0.0032
0.049600000000000005,0.0016
0.049600000000000005,0.
0.,0.02880000000000001
0.0016,0.02880000000000001
0.0032,0.02880000000000001
0.0048000000000000004,0.02880000000000001
0.0064,0.02880000000000001
0.008,0.02880000000000001
0.009600000000000001,0.02880000000000001
0.0112,0.02880000000000001
0.0128,0.02880000000000001
0.014400000000000001,0.02880000000000001
0.016,0.02880000000000001
0.0176,0.02880000000000001
0.019200000000000002,0.02880000000000001
0.020800000000000003,0.02880000000000001
0.0224,0.02880000000000001
0.024,0.02880000000000001
0.0256,0.02880000000000001
0.027200000000000002,0.02880000000000001
0.028800000000000003,0.02880000000000001
0.0304,0.02880000000000001
0.032,0.02880000000000001
0.033600000000000005,0.02880000000000001
0.0352,0.02880000000000001
0.0368,0.02880000000000001
0.038400000000000004,0.02880000000000001
0.04,0.02880000000000001
0.041600000000000005,0.02880000000000001
0.0432,0.02880000000000001
0.0448,0.02880000000000001
0.046400000000000004,0.02880000000000001
0.048,0.02880000000000001
0.049600000000000005,0.02880000000000001
0.0512,0.02880000000000001
0.0512,0.027200000000000002
0.0512,0.0256
0.0512,0.024
0.0512,0.0224
0.0512,0.020800000000000003
0.0512,0.019200000000000002
0.0512,0.0176
0.0512,0.016
0.0512,0.014400000000000001
0.0512,0.0128
0.0512,0.0112
0.0512,0.009600000000000001
0.0512,0.008
0.0512,0.0064
0.0512,0.0048000000000000004
0.0512,0.0032
0.0512,0.0016
0.0512,0.
0.,0.03040000000000001
0.0016,0.03040000000000001
0.0032,0.03040000000000001
0.0048000000000000004,0.03040000000000001
0.0064,0.03040000000000001
0.008,0.03040000000000001
0.009600000000000001,0.03040000000000001
0.0112,0.03040000000000001
0.0128,0.03040000000000001
0.014400000000000001,0.03040000000000001
0.016,0.03040000000000001
0.0176,0.03040000000000001
0.019200000000000002,0.03040000000000001
0.020800000000000003,0.03040000000000001
0.0224,0.03040000000000001
0.024,0.03040000000000001
0.0256,0.03040000000000001
0.027200000000000002,0.03040000000000001
0.028800000000000003,0.03040000000000001
0.0304,0.03040000000000001
0.032,0.03040000000000001
0.033600000000000005,0.03040000000000001
0.0352,0.03040000000000001
0.0368,0.03040000000000001
0.038400000000000004,0.03040000000000001
0.04,0.03040000000000001
0.041600000000000005,0.03040000000000001
0.0432,0.03040000000000001
0.0448,0.03040000000000001
0.046400000000000004,0.03040000000000001
0.048,0.03040000000000001
0.049600000000000005,0.03040000000000001
0.0512,0.03040000000000001
0.0528,0.03040000000000001
0.0528,0.028800000000000003
0.0528,0.027200000000000002
0.0528,0.0256
0.0528,0.024
0.0528,0.0224
0.0528,0.020800000000000003
0.0528,0.019200000000000002
0.0528,0.0176
0.0528,0.016
0.0528,0.014400000000000001
0.0528,0.0128
0.0528,0.0112
0.0528,0.009600000000000001
0.0528,0.008
0.0528,0.0064
0.0528,0.0048000000000000004
0.0528,0.0032
0.0528,0.0016
0.0528,0.
0.,0.03200000000000001
0.0016,0.03200000000000001
0.0032,0.03200000000000001
0.0048000000000000004,0.03200000000000001
0.0064,0.03200000000000001
0.008,0.03200000000000001
0.009600000000000001,0.03200000000000001
0.0112,0.03200000000000001
0.0128,0.03200000000000001
0.014400000000000001,0.03200000000000001
0.016,0.03200000000000001
0.0176,0.03200000000000001
0.019200000000000002,0.03200000000000001
0.020800000000000003,0.03200000000000001
0.0224,0.03200000000000001
0.024,0.03200000000000001
0.0256,0.03200000000000001
0.027200000000000002,0.03200000000000001
0.028800000000000003,0.03200000000000001
0.0304,0.03200000000000001
0.032,0.03200000000000001
0.033600000000000005,0.03200000000000001
0.0352,0.03200000000000001
0.0368,0.03200000000000001
0.038400000000000004,0.03200000000000001
0.04,0.03200000000000001
0.041600000000000005,0.03200000000000001
0.0432,0.03200000000000001
0.0448,0.03200000000000001
0.046400000000000004,0.03200000000000001
0.048,0.03200000000000001
0.049600000000000005,0.03200000000000001
0.0512,0.03200000000000001
0.0528,0.03200000000000001
0.054400000000000004,0.03200000000000001
0.054400000000000004,0.0304
0.054400000000000004,0.028800000000000003
0.054400000000000004,0.027200000000000002
0.054400000000000004,0.0256
0.054400000000000004,0.024
0.054400000000000004,0.0224
0.054400000000000004,0.020800000000000003
0.054400000000000004,0.019200000000000002
0.054400000000000004,0.0176
0.054400000000000004,0.016
0.054400000000000004,0.014400000000000001
0.054400000000000004,0.0128
0.054400000000000004,0.0112
0.054400000000000004,0.009600000000000001
0.054400000000000004,0.008
0.054400000000000004,0.0064
0.054400000000000004,0.0048000000000000004
0.054400000000000004,0.0032
0.054400000000000004,0.0016
0.054400000000000004,0.
0.,0.033600000000000005
0.0016,0.033600000000000005
0.0032,0.033600000000000005
0.0048000000000000004,0.033600000000000005
0.0064,0.033600000000000005
0.008,0.033600000000000005
0.009600000000000001,0.033600000000000005
0.0112,0.033600000000000005
0.0128,0.033600000000000005
0.014400000000000001,0.033600000000000005
0.016,0.033600000000000005
0.0176,0.033600000000000005
0.019200000000000002,0.033600000000000005
0.020800000000000003,0.033600000000000005
0.0224,0.033600000000000005
0.024,0.033600000000000005
0.0256,0.033600000000000005
0.027200000000000002,0.033600000000000005
0.028800000000000003,0.033600000000000005
0.0304,0.033600000000000005
0.032,0.033600000000000005
0.033600000000000005,0.033600000000000005
0.0352,0.033600000000000005
0.0368,0.033600000000000005
0.038400000000000004,0.033600000000000005
0.04,0.033600000000000005
0.041600000000000005,0.033600000000000005
0.0432,0.033600000000000005
0.0448,0.033600000000000005
0.046400000000000004,0.033600000000000005
0.048,0.033600000000000005
0.049600000000000005,0.033600000000000005
0.0512,0.033600000000000005
0.0528,0.033600000000000005
0.054400000000000004,0.033600000000000005
0.056,0.033600000000000005
0.056,0.032
0.056,0.0304
0.056,0.028800000000000003
0.056,0.027200000000000002
0.056,0.0256
0.056,0.024
0.056,0.0224
0.056,0.020800000000000003
0.056,0.019200000000000002
0.056,0.0176
0.056,0.016
0.056,0.014400000000000001
0.056,0.0128
0.056,0.0112
0.056,0.009600000000000001
0.056,0.008
0.056,0.0064
0.056,0.0048000000000000004
0.056,0.0032
0.056,0.0016
0.056,0.
0.,0.0352
0.0016,0.0352
0.0032,0.0352
0.0048000000000000004,0.0352
0.0064,0.0352
0.008,0.0352
0.009600000000000001,0.0352
0.0112,0.0352
0.0128,0.0352
0.014400000000000001,0.0352
0.016,0.0352
0.0176,0.0352
0.019200000000000002,0.0352
0.020800000000000003,0.0352
0.0224,0.0352
0.024,0.0352
0.0256,0.0352
0.027200000000000002,0.0352
0.028800000000000003,0.0352
0.0304,0.0352
0.032,0.0352
0.033600000000000005,0.0352
0.0352,0.0352
0.0368,0.0352
0.038400000000000004,0.0352
0.04,0.0352
0.041600000000000005,0.0352
0.0432,0.0352
0.0448,0.0352
0.046400000000000004,0.0352
0.048,0.0352
0.049600000000000005,0.0352
0.0512,0.0352
0.0528,0.0352
0.054400000000000004,0.0352
0.056,0.0352
0.057600000000000005,0.0352
0.057600000000000005,0.033600000000000005
0.057600000000000005,0.032
0.057600000000000005,0.0304
0.057600000000000005,0.028800000000000003
0.057600000000000005,0.027200000000000002
0.057600000000000005,0.0256
0.057600000000000005,0.024
0.057600000000000005,0.0224
0.057600000000000005,0.020800000000000003
0.057600000000000005,0.019200000000000002
0.057600000000000005,0.0176
0.057600000000000005,0.016
0.057600000000000005,0.014400000000000001
0.057600000000000005,0.0128
0.057600000000000005,0.0112
0.057600000000000005,0.009600000000000001
0.057600000000000005,0.008
0.057600000000000005,0.0064
0.057600000000000005,0.0048000000000000004
0.057600000000000005,0.0032
0.057600000000000005,0.0016
0.057600000000000005,0.
0.,0.0368
0.0016,0.0368
0.0032,0.0368
0.0048000000000000004,0.0368
0.0064,0.0368
0.008,0.0368
0.009600000000000001,0.0368
0.0112,0.0368
0.0128,0.0368
0.014400000000000001,0.0368
0.016,0.0368
0.0176,0.0368
0.019200000000000002,0.0368
0.020800000000000003,0.0368
0.0224,0.0368
0.024,0.0368
0.0256,0.0368
0.027200000000000002,0.0368
0.028800000000000003,0.0368
0.0304,0.0368
0.032,0.0368
0.033600000000000005,0.0368
0.0352,0.0368
0.0368,0.0368
0.038400000000000004,0.0368
0.04,0.0368
0.041600000000000005,0.0368
0.0432,0.0368
0.0448,0.0368
0.046400000000000004,0.0368
0.048,0.0368
0.049600000000000005,0.0368
0.0512,0.0368
0.0528,0.0368
0.054400000000000004,0.0368
0.056,0.0368
0.057600000000000005,0.0368
0.0592,0.0368
0.0592,0.0352
0.0592,0.033600000000000005
0.0592,0.032
0.0592,0.0304
0.0592,0.028800000000000003
0.0592,0.027200000000000002
0.0592,0.0256
0.0592,0.024
0.0592,0.0224
0.0592,0.020800000000000003
0.0592,0.019200000000000002
0.0592,0.0176
0.0592,0.016
0.0592,0.014400000000000001
0.0592,0.0128
0.0592,0.0112
0.0592,0.009600000000000001
0.0592,0.008
0.0592,0.0064
0.0592,0.0048000000000000004
0.0592,0.0032
0.0592,0.0016
0.0592,0.
0.,0.0384
0.0016,0.0384
0.0032,0.0384
0.0048000000000000004,0.0384
0.0064,0.0384
0.008,0.0384
0.009600000000000001,0.0384
0.0112,0.0384
0.0128,0.0384
0.014400000000000001,0.0384
0.016,0.0384
0.0176,0.0384
0.019200000000000002,0.0384
0.020800000000000003,0.0384
0.0224,0.0384
0.024,0.0384
0.0256,0.0384
0.027200000000000002,0.0384
0.028800000000000003,0.0384
0.0304,0.0384
0.032,0.0384
0.033600000000000005,0.0384
0.0352,0.0384
0.0368,0.0384
0.038400000000000004,0.0384
0.04,0.0384
0.041600000000000005,0.0384
0.0432,0.0384
0.0448,0.0384
0.046400000000000004,0.0384
0.048,0.0384
0.049600000000000005,0.0384
0.0512,0.0384
0.0528,0.0384
0.054400000000000004,0.0384
0.056,0.0384
0.057600000000000005,0.0384
0.0592,0.0384
0.0608,0.0384
0.0608,0.0368
0.0608,0.0352
0.0608,0.033600000000000005
0.0608,0.032
0.0608,0.0304
0.0608,0.028800000000000003
0.0608,0.027200000000000002
0.0608,0.0256
0.0608,0.024
0.0608,0.0224
0.0608,0.020800000000000003
0.0608,0.019200000000000002
0.0608,0.0176
0.0608,0.016
0.0608,0.014400000000000001
0.0608,0.0128
0.0608,0.0112
0.0608,0.009600000000000001
0.0608,0.008
0.0608,0.0064
0.0608,0.0048000000000000004
0.0608,0.0032
0.0608,0.0016
0.0608,0.
0.,0.039999999999999994
0.0016,0.039999999999999994
0.0032,0.039999999999999994
0.0048000000000000004,0.039999999999999994
0.0064,0.039999999999999994
0.008,0.039999999999999994
0.009600000000000001,0.039999999999999994
0.0112,0.039999999999999994
0.0128,0.039999999999999994
0.014400000000000001,0.039999999999999994
0.016,0.039999999999999994
0.0176,0.039999999999999994
0.019200000000000002,0.039999999999999994
0.020800000000000003,0.039999999999999994
0.0224,0.039999999999999994
0.024,0.039999999999999994
0.0256,0.039999999999999994
0.027200000000000002,0.039999999999999994
0.028800000000000003,0.039999999999999994
0.0304,0.039999999999999994
0.032,0.039999999999999994
0.033600000000000005,0.039999999999999994
0.0352,0.039999999999999994
0.0368,0.039999999999999994
0.038400000000000004,0.039999999999999994
0.04,0.039999999999999994
0.041600000000000005,0.039999999999999994
0.0432,0.039999999999999994
0.0448,0.039999999999999994
0.046400000000000004,0.039999999999999994
0.048,0.039999999999999994
0.049600000000000005,0.039999999999999994
0.0512,0.039999999999999994
0.0528,0.039999999999999994
0.054400000000000004,0.039999999999999994
0.056,0.039999999999999994
0.057600000000000005,0.039999999999999994
0.0592,0.039999999999999994
0.0608,0.039999999999999994
0.062400000000000004,0.039999999999999994
0.062400000000000004,0.038400000000000004
0.062400000000000004,0.0368
0.062400000000000004,0.0352
0.062400000000000004,0.033600000000000005
0.062400000000000004,0.032
0.062400000000000004,0.0304
0.062400000000000004,0.028800000000000003
0.062400000000000004,0.027200000000000002
0.062400000000000004,0.0256
0.062400000000000004,0.024
0.062400000000000004,0.0224
0.062400000000000004,0.020800000000000003
0.062400000000000004,0.019200000000000002
0.062400000000000004,0.0176
0.062400000000000004,0.016
0.062400000000000004,0.014400000000000001
0.062400000000000004,0.0128
0.062400000000000004,0.0112
0.062400000000000004,0.009600000000000001
0.062400000000000004,0.008
0.062400000000000004,0.0064
0.062400000000000004,0.0048000000000000004
0.062400000000000004,0.0032
0.062400000000000004,0.0016
0.062400000000000004,0.
0.,0.04159999999999999
0.0016,0.04159999999999999
0.0032,0.04159999999999999
0.0048000000000000004,0.04159999999999999
0.0064,0.04159999999999999
0.008,0.04159999999999999
0.009600000000000001,0.04159999999999999
0.0112,0.04159999999999999
0.0128,0.04159999999999999
0.014400000000000001,0.04159999999999999
0.016,0.04159999999999999
0.0176,0.04159999999999999
0.019200000000000002,0.04159999999999999
0.020800000000000003,0.04159999999999999
0.0224,0.04159999999999999
0.024,0.04159999999999999
0.0256,0.04159999999999999
0.027200000000000002,0.04159999999999999
0.028800000000000003,0.04159999999999999
0.0304,0.04159999999999999
0.032,0.04159999999999999
0.033600000000000005,0.04159999999999999
0.0352,0.04159999999999999
0.0368,0.04159999999999999
0.038400000000000004,0.04159999999999999
0.04,0.04159999999999999
0.041600000000000005,0.04159999999999999
0.0432,0.04159999999999999
0.0448,0.04159999999999999
0.046400000000000004,0.04159999999999999
0.048,0.04159999999999999
0.049600000000000005,0.04159999999999999
0.0512,0.04159999999999999
0.0528,0.04159999999999999
0.054400000000000004,0.04159999999999999
0.056,0.04159999999999999
0.057600000000000005,0.04159999999999999
0.0592,0.04159999999999999
0.0608,0.04159999999999999
0.062400000000000004,0.04159999999999999
0.064,0.04159999999999999
0.064,0.04
0.064,0.038400000000000004
0.064,0.0368
0.064,0.0352
0.064,0.033600000000000005
0.064,0.032
0.064,0.0304
0.064,0.028800000000000003
0.064,0.027200000000000002
0.064,0.0256
0.064,0.024
0.064,0.0224
0.064,0.020800000000000003
0.064,0.019200000000000002
0.064,0.0176
0.064,0.016
0.064,0.014400000000000001
0.064,0.0128
0.064,0.0112
0.064,0.009600000000000001
0.064,0.008
0.064,0.0064
0.064,0.0048000000000000004
0.064,0.0032
0.064,0.0016
0.064,0.
0.,0.04319999999999999
0.0016,0.04319999999999999
0.0032,0.04319999999999999
0.0048000000000000004,0.04319999999999999
0.0064,0.04319999999999999
0.008,0.04319999999999999
0.009600000000000001,0.04319999999999999
0.0112,0.04319999999999999
0.0128,0.04319999999999999
0.014400000000000001,0.04319999999999999
0.016,0.04319999999999999
0.0176,0.04319999999999999
0.019200000000000002,0.04319999999999999
0.020800000000000003,0.04319999999999999
0.0224,0.04319999999999999
0.024,0.04319999999999999
0.0256,0.04319999999999999
0.027200000000000002,0.04319999999999999
0.028800000000000003,0.04319999999999999
0.0304,0.04319999999999999
0.032,0.04319999999999999
0.033600000000000005,0.04319999999999999
0.0352,0.04319999999999999
0.0368,0.04319999999999999
0.038400000000000004,0.04319999999999999
0.04,0.04319999999999999
0.041600000000000005,0.04319999999999999
0.0432,0.04319999999999999
0.0448,0.04319999999999999
0.046400000000000004,0.04319999999999999
0.048,0.04319999999999999
0.049600000000000005,0.04319999999999999
0.0512,0.04319999999999999
0.0528,0.04319999999999999
0.054400000000000004,0.04319999999999999
0.056,0.04319999999999999
0.057600000000000005,0.04319999999999999
0.0592,0.04319999999999999
0.0608,0.04319999999999999
0.062400000000000004,0.04319999999999999
0.064,0.04319999999999999
0.0656,0.04319999999999999
0.0656,0.041600000000000005
0.0656,0.04
0.0656,0.038400000000000004
0.0656,0.0368
0.0656,0.0352
0.0656,0.033600000000000005
0.0656,0.032
0.0656,0.0304
0.0656,0.028800000000000003
0.0656,0.027200000000000002
0.0656,0.0256
0.0656,0.024
0.0656,0.0224
0.0656,0.020800000000000003
0.0656,0.019200000000000002
0.0656,0.0176
0.0656,0.016
0.0656,0.014400000000000001
0.0656,0.0128
0.0656,0.0112
0.0656,0.009600000000000001
0.0656,0.008
0.0656,0.0064
0.0656,0.0048000000000000004
0.0656,0.0032
0.0656,0.0016
0.0656,0.
0.,0.044799999999999986
0.0016,0.044799999999999986
0.0032,0.044799999999999986
0.0048000000000000004,0.044799999999999986
0.0064,0.044799999999999986
0.008,0.044799999999999986
0.009600000000000001,0.044799999999999986
0.0112,0.044799999999999986
0.0128,0.044799999999999986
0.014400000000000001,0.044799999999999986
0.016,0.044799999999999986
0.0176,0.044799999999999986
0.019200000000000002,0.044799999999999986
0.020800000000000003,0.044799999999999986
0.0224,0.044799999999999986
0.024,0.044799999999999986
0.0256,0.044799999999999986
0.027200000000000002,0.044799999999999986
0.028800000000000003,0.044799999999999986
0.0304,0.044799999999999986
0.032,0.044799999999999986
0.033600000000000005,0.044799999999999986
0.0352,0.044799999999999986
0.0368,0.044799999999999986
0.038400000000000004,0.044799999999999986
0.04,0.044799999999999986
0.041600000000000005,0.044799999999999986
0.0432,0.044799999999999986
0.0448,0.044799999999999986
0.046400000000000004,0.044799999999999986
0.048,0.044799999999999986
0.049600000000000005,0.044799999999999986
0.0512,0.044799999999999986
0.0528,0.044799999999999986
0.054400000000000004,0.044799999999999986
0.056,0.044799999999999986
0.057600000000000005,0.044799999999999986
0.0592,0.044799999999999986
0.0608,0.044799999999999986
0.062400000000000004,0.044799999999999986
0.064,0.044799999999999986
0.0656,0.044799999999999986
0.06720000000000001,0.044799999999999986
0.06720000000000001,0.0432
0.06720000000000001,0.041600000000000005
0.06720000000000001,0.04
0.06720000000000001,0.038400000000000004
0.06720000000000001,0.0368
0.06720000000000001,0.0352
0.06720000000000001,0.033600000000000005
0.06720000000000001,0.032
0.06720000000000001,0.0304
0.06720000000000001,0.028800000000000003
0.06720000000000001,0.027200000000000002
0.06720000000000001,0.0256
0.06720000000000001,0.024
0.06720000000000001,0.0224
0.06720000000000001,0.020800000000000003
0.06720000000000001,0.019200000000000002
0.06720000000000001,0.0176
0.06720000000000001,0.016
0.06720000000000001,0.014400000000000001
0.06720000000000001,0.0128
0.06720000000000001,0.0112
0.06720000000000001,0.009600000000000001
0.06720000000000001,0.008
0.06720000000000001,0.0064
0.06720000000000001,0.0048000000000000004
0.06720000000000001,0.0032
0.06720000000000001,0.0016
0.06720000000000001,0.
0.,0.04639999999999998
0.0016,0.04639999999999998
0.0032,0.04639999999999998
0.0048000000000000004,0.04639999999999998
0.0064,0.04639999999999998
0.008,0.04639999999999998
0.009600000000000001,0.04639999999999998
0.0112,0.04639999999999998
0.0128,0.04639999999999998
0.014400000000000001,0.04639999999999998
0.016,0.04639999999999998
0.0176,0.04639999999999998
0.019200000000000002,0.04639999999999998
0.020800000000000003,0.04639999999999998
0.0224,0.04639999999999998
0.024,0.04639999999999998
0.0256,0.04639999999999998
0.027200000000000002,0.04639999999999998
0.028800000000000003,0.04639999999999998
0.0304,0.04639999999999998
0.032,0.04639999999999998
0.033600000000000005,0.04639999999999998
0.0352,0.04639999999999998
0.0368,0.04639999999999998
0.038400000000000004,0.04639999999999998
0.04,0.04639999999999998
0.041600000000000005,0.04639999999999998
0.0432,0.04639999999999998
0.0448,0.04639999999999998
0.046400000000000004,0.04639999999999998
0.048,0.04639999999999998
0.049600000000000005,0.04639999999999998
0.0512,0.04639999999999998
0.0528,0.04639999999999998
0.054400000000000004,0.04639999999999998
0.056,0.04639999999999998
0.057600000000000005,0.04639999999999998
0.0592,0.04639999999999998
0.0608,0.04639999999999998
0.062400000000000004,0.04639999999999998
0.064,0.04639999999999998
0.0656,0.04639999999999998
0.06720000000000001,0.04639999999999998
0.0688,0.04639999999999998
0.0688,0.0448
0.0688,0.0432
0.0688,0.041600000000000005
0.0688,0.04
0.0688,0.038400000000000004
0.0688,0.0368
0.0688,0.0352
0.0688,0.033600000000000005
0.0688,0.032
0.0688,0.0304
0.0688,0.028800000000000003
0.0688,0.027200000000000002
0.0688,0.0256
0.0688,0.024
0.0688,0.0224
0.0688,0.020800000000000003
0.0688,0.019200000000000002
0.0688,0.0176
0.0688,0.016
0.0688,0.014400000000000001
0.0688,0.0128
0.0688,0.0112
0.0688,0.009600000000000001
0.0688,0.008
0.0688,0.0064
0.0688,0.0048000000000000004
0.0688,0.0032
0.0688,0.0016
0.0688,0.
0.,0.04799999999999998
0.0016,0.04799999999999998
0.0032,0.04799999999999998
0.0048000000000000004,0.04799999999999998
0.0064,0.04799999999999998
0.008,0.04799999999999998
0.009600000000000001,0.04799999999999998
0.0112,0.04799999999999998
0.0128,0.04799999999999998
0.014400000000000001,0.04799999999999998
0.016,0.04799999999999998
0.0176,0.04799999999999998
0.019200000000000002,0.04799999999999998
0.020800000000000003,0.04799999999999998
0.0224,0.04799999999999998
0.024,0.04799999999999998
0.0256,0.04799999999999998
0.027200000000000002,0.04799999999999998
0.028800000000000003,0.04799999999999998
0.0304,0.04799999999999998
0.032,0.04799999999999998
0.033600000000000005,0.04799999999999998
0.0352,0.04799999999999998
0.0368,0.04799999999999998
0.038400000000000004,0.04799999999999998
0.04,0.04799999999999998
0.041600000000000005,0.04799999999999998
0.0432,0.04799999999999998
0.0448,0.04799999999999998
0.046400000000000004,0.04799999999999998
0.048,0.04799999999999998
0.049600000000000005,0.04799999999999998
0.0512,0.04799999999999998
0.0528,0.04799999999999998
0.054400000000000004,0.04799999999999998
0.056,0.04799999999999998
0.057600000000000005,0.04799999999999998
0.0592,0.04799999999999998
0.0608,0.04799999999999998
0.062400000000000004,0.04799999999999998
0.064,0.04799999999999998
0.0656,0.04799999999999998
0.06720000000000001,0.04799999999999998
0.0688,0.04799999999999998
0.0704,0.04799999999999998
0.0704,0.046400000000000004
0.0704,0.0448
0.0704,0.0432
0.0704,0.041600000000000005
0.0704,0.04
0.0704,0.038400000000000004
0.0704,0.0368
0.0704,0.0352
0.0704,0.033600000000000005
0.0704,0.032
0.0704,0.0304
0.0704,0.028800000000000003
0.0704,0.027200000000000002
0.0704,0.0256
0.0704,0.024
0.0704,0.0224
0.0704,0.020800000000000003
0.0704,0.019200000000000002
0.0704,0.0176
0.0704,0.016
0.0704,0.014400000000000001
0.0704,0.0128
0.0704,0.0112
0.0704,0.009600000000000001
0.0704,0.008
0.0704,0.0064
0.0704,0.0048000000000000004
0.0704,0.0032
0.0704,0.0016
0.0704,0.
0.,0.04959999999999998
0.0016,0.04959999999999998
0.0032,0.04959999999999998
0.0048000000000000004,0.04959999999999998
0.0064,0.04959999999999998
0.008,0.04959999999999998
0.009600000000000001,0.04959999999999998
0.0112,0.04959999999999998
0.0128,0.04959999999999998
0.014400000000000001,0.04959999999999998
0.016,0.04959999999999998
0.0176,0.04959999999999998
0.019200000000000002,0.04959999999999998
0.020800000000000003,0.04959999999999998
0.0224,0.04959999999999998
0.024,0.04959999999999998
0.0256,0.04959999999999998
0.027200000000000002,0.04959999999999998
0.028800000000000003,0.04959999999999998
0.0304,0.04959999999999998
0.032,0.04959999999999998
0.033600000000000005,0.04959999999999998
0.0352,0.04959999999999998
0.0368,0.04959999999999998
0.038400000000000004,0.04959999999999998
0.04,0.04959999999999998
0.041600000000000005,0.04959999999999998
0.0432,0.04959999999999998
0.0448,0.04959999999999998
0.046400000000000004,0.04959999999999998
0.048,0.04959999999999998
0.049600000000000005,0.04959999999999998
0.0512,0.04959999999999998
0.0528,0.04959999999999998
0.054400000000000004,0.04959999999999998
0.056,0.04959999999999998
0.057600000000000005,0.04959999999999998
0.0592,0.04959999999999998
0.0608,0.04959999999999998
0.062400000000000004,0.04959999999999998
0.064,0.04959999999999998
0.0656,0.04959999999999998
0.06720000000000001,0.04959999999999998
0.0688,0.04959999999999998
0.0704,0.04959999999999998
0.07200000000000001,0.04959999999999998
0.07200000000000001,0.048
0.07200000000000001,0.046400000000000004
0.07200000000000001,0.0448
0.07200000000000001,0.0432
0.07200000000000001,0.041600000000000005
0.07200000000000001,0.04
0.07200000000000001,0.038400000000000004
0.07200000000000001,0.0368
0.07200000000000001,0.0352
0.07200000000000001,0.033600000000000005
0.07200000000000001,0.032
0.07200000000000001,0.0304
0.07200000000000001,0.028800000000000003
0.07200000000000001,0.027200000000000002
0.07200000000000001,0.0256
0.07200000000000001,0.024
0.07200000000000001,0.0224
0.07200000000000001,0.020800000000000003
0.07200000000000001,0.019200000000000002
0.07200000000000001,0.0176
0.07200000000000001,0.016
0.07200000000000001,0.014400000000000001
0.07200000000000001,0.0128
0.07200000000000001,0.0112
0.07200000000000001,0.009600000000000001
0.07200000000000001,0.008
0.07200000000000001,0.0064
0.07200000000000001,0.0048000000000000004
0.07200000000000001,0.0032
0.07200000000000001,0.0016
0.07200000000000001,0.
0.,0.051199999999999975
0.0016,0.051199999999999975
0.0032,0.051199999999999975
0.0048000000000000004,0.051199999999999975
0.0064,0.051199999999999975
0.008,0.051199999999999975
0.009600000000000001,0.051199999999999975
0.0112,0.051199999999999975
0.0128,0.051199999999999975
0.014400000000000001,0.051199999999999975
0.016,0.051199999999999975
0.0176,0.051199999999999975
0.019200000000000002,0.051199999999999975
0.020800000000000003,0.051199999999999975
0.0224,0.051199999999999975
0.024,0.051199999999999975
0.0256,0.051199999999999975
0.027200000000000002,0.051199999999999975
0.028800000000000003,0.051199999999999975
0.0304,0.051199999999999975
0.032,0.051199999999999975
0.033600000000000005,0.051199999999999975
0.0352,0.051199999999999975
0.0368,0.051199999999999975
0.038400000000000004,0.051199999999999975
0.04,0.051199999999999975
0.041600000000000005,0.051199999999999975
0.0432,0.051199999999999975
0.0448,0.051199999999999975
0.046400000000000004,0.051199999999999975
0.048,0.051199999999999975
0.049600000000000005,0.051199999999999975
0.0512,0.051199999999999975
0.0528,0.051199999999999975
0.054400000000000004,0.051199999999999975
0.056,0.051199999999999975
0.057600000000000005,0.051199999999999975
0.0592,0.051199999999999975
0.0608,0.051199999999999975
0.062400000000000004,0.051199999999999975
0.064,0.051199999999999975
0.0656,0.051199999999999975
0.06720000000000001,0.051199999999999975
0.0688,0.051199999999999975
0.0704,0.051199999999999975
0.07200000000000001,0.051199999999999975
0.0736,0.051199999999999975
0.0736,0.049600000000000005
0.0736,0.048
0.0736,0.046400000000000004
0.0736,0.0448
0.0736,0.0432
0.0736,0.041600000000000005
0.0736,0.04
0.0736,0.038400000000000004
0.0736,0.0368
0.0736,0.0352
0.0736,0.033600000000000005
0.0736,0.032
0.0736,0.0304
0.0736,0.028800000000000003
0.0736,0.027200000000000002
0.0736,0.0256
0.0736,0.024
0.0736,0.0224
0.0736,0.020800000000000003
0.0736,0.019200000000000002
0.0736,0.0176
0.0736,0.016
0.0736,0.014400000000000001
0.0736,0.0128
0.0736,0.0112
0.0736,0.009600000000000001
0.0736,0.008
0.0736,0.0064
0.0736,0.0048000000000000004
0.0736,0.0032
0.0736,0.0016
0.0736,0.
0.,0.05279999999999997
0.0016,0.05279999999999997
0.0032,0.05279999999999997
0.0048000000000000004,0.05279999999999997
0.0064,0.05279999999999997
0.008,0.05279999999999997
0.009600000000000001,0.05279999999999997
0.0112,0.05279999999999997
0.0128,0.05279999999999997
0.014400000000000001,0.05279999999999997
0.016,0.05279999999999997
0.0176,0.05279999999999997
0.019200000000000002,0.05279999999999997
0.020800000000000003,0.05279999999999997
0.0224,0.05279999999999997
0.024,0.05279999999999997
0.0256,0.05279999999999997
0.027200000000000002,0.05279999999999997
0.028800000000000003,0.05279999999999997
0.0304,0.05279999999999997
0.032,0.05279999999999997
0.033600000000000005,0.05279999999999997
0.0352,0.05279999999999997
0.0368,0.05279999999999997
0.038400000000000004,0.05279999999999997
0.04,0.05279999999999997
0.041600000000000005,0.05279999999999997
0.0432,0.05279999999999997
0.0448,0.05279999999999997
0.046400000000000004,0.05279999999999997
0.048,0.05279999999999997
0.049600000000000005,0.05279999999999997
0.0512,0.05279999999999997
0.0528,0.05279999999999997
0.054400000000000004,0.05279999999999997
0.056,0.05279999999999997
0.057600000000000005,0.05279999999999997
0.0592,0.05279999999999997
0.0608,0.05279999999999997
0.062400000000000004,0.05279999999999997
0.064,0.05279999999999997
0.0656,0.05279999999999997
0.06720000000000001,0.05279999999999997
0.0688,0.05279999999999997
0.0704,0.05279999999999997
0.07200000000000001,0.05279999999999997
0.0736,0.05279999999999997
0.0752,0.05279999999999997
0.0752,0.0512
0.0752,0.049600000000000005
0.0752,0.048
0.0752,0.046400000000000004
0.0752,0.0448
0.0752,0.0432
0.0752,0.041600000000000005
0.0752,0.04
0.0752,0.038400000000000004
0.0752,0.0368
0.0752,0.0352
0.0752,0.033600000000000005
0.0752,0.032
0.0752,0.0304
0.0752,0.028800000000000003
0.0752,0.027200000000000002
0.0752,0.0256
0.0752,0.024
0.0752,0.0224
0.0752,0.020800000000000003
0.0752,0.019200000000000002
0.0752,0.0176
0.0752,0.016
0.0752,0.014400000000000001
0.0752,0.0128
0.0752,0.0112
0.0752,0.009600000000000001
0.0752,0.008
0.0752,0.0064
0.0752,0.0048000000000000004
0.0752,0.0032
0.0752,0.0016
0.0752,0.
0.,0.05439999999999997
0.0016,0.05439999999999997
0.0032,0.05439999999999997
0.0048000000000000004,0.05439999999999997
0.0064,0.05439999999999997
0.008,0.05439999999999997
0.009600000000000001,0.05439999999999997
0.0112,0.05439999999999997
0.0128,0.05439999999999997
0.014400000000000001,0.05439999999999997
0.016,0.05439999999999997
0.0176,0.05439999999999997
0.019200000000000002,0.05439999999999997
0.020800000000000003,0.05439999999999997
0.0224,0.05439999999999997
0.024,0.05439999999999997
0.0256,0.05439999999999997
0.027200000000000002,0.05439999999999997
0.028800000000000003,0.05439999999999997
0.0304,0.05439999999999997
0.032,0.05439999999999997
0.033600000000000005,0.05439999999999997
0.0352,0.05439999999999997
0.0368,0.05439999999999997
0.038400000000000004,0.05439999999999997
0.04,0.05439999999999997
0.041600000000000005,0.05439999999999997
0.0432,0.05439999999999997
0.0448,0.05439999999999997
0.046400000000000004,0.05439999999999997
0.048,0.05439999999999997
0.049600000000000005,0.05439999999999997
0.0512,0.05439999999999997
0.0528,0.05439999999999997
0.054400000000000004,0.05439999999999997
0.056,0.05439999999999997
0.057600000000000005,0.05439999999999997
0.0592,0.05439999999999997
0.0608,0.05439999999999997
0.062400000000000004,0.05439999999999997
0.064,0.05439999999999997
0.0656,0.05439999999999997
0.06720000000000001,0.05439999999999997
0.0688,0.05439999999999997
0.0704,0.05439999999999997
0.07200000000000001,0.05439999999999997
0.0736,0.05439999999999997
0.0752,0.05439999999999997
0.07680000000000001,0.05439999999999997
0.07680000000000001,0.0528
0.07680000000000001,0.0512
0.07680000000000001,0.049600000000000005
0.07680000000000001,0.048
0.07680000000000001,0.046400000000000004
0.07680000000000001,0.0448
0.07680000000000001,0.0432
0.07680000000000001,0.041600000000000005
0.07680000000000001,0.04
0.07680000000000001,0.038400000000000004
0.07680000000000001,0.0368
0.07680000000000001,0.0352
0.07680000000000001,0.033600000000000005
0.07680000000000001,0.032
0.07680000000000001,0.0304
0.07680000000000001,0.028800000000000003
0.07680000000000001,0.027200000000000002
0.07680000000000001,0.0256
0.07680000000000001,0.024
0.07680000000000001,0.0224
0.07680000000000001,0.020800000000000003
0.07680000000000001,0.019200000000000002
0.07680000000000001,0.0176
0.07680000000000001,0.016
0.07680000000000001,0.014400000000000001
0.07680000000000001,0.0128
0.07680000000000001,0.0112
0.07680000000000001,0.009600000000000001
0.07680000000000001,0.008
0.07680000000000001,0.0064
0.07680000000000001,0.0048000000000000004
0.07680000000000001,0.0032
0.07680000000000001,0.0016
0.07680000000000001,0.
0.,0.055999999999999966
0.0016,0.055999999999999966
0.0032,0.055999999999999966
0.0048000000000000004,0.055999999999999966
0.0064,0.055999999999999966
0.008,0.055999999999999966
0.009600000000000001,0.055999999999999966
0.0112,0.055999999999999966
0.0128,0.055999999999999966
0.014400000000000001,0.055999999999999966
0.016,0.055999999999999966
0.0176,0.055999999999999966
0.019200000000000002,0.055999999999999966
0.020800000000000003,0.055999999999999966
0.0224,0.055999999999999966
0.024,0.055999999999999966
0.0256,0.055999999999999966
0.027200000000000002,0.055999999999999966
0.028800000000000003,0.055999999999999966
0.0304,0.055999999999999966
0.032,0.055999999999999966
0.033600000000000005,0.055999999999999966
0.0352,0.055999999999999966
0.0368,0.055999999999999966
0.038400000000000004,0.055999999999999966
0.04,0.055999999999999966
0.041600000000000005,0.055999999999999966
0.0432,0.055999999999999966
0.0448,0.055999999999999966
0.046400000000000004,0.055999999999999966
0.048,0.055999999999999966
0.049600000000000005,0.055999999999999966
0.0512,0.055999999999999966
0.0528,0.055999999999999966
0.054400000000000004,0.055999999999999966
0.056,0.055999999999999966
0.057600000000000005,0.055999999999999966
0.0592,0.055999999999999966
0.0608,0.055999999999999966
0.062400000000000004,0.055999999999999966
0.064,0.055999999999999966
0.0656,0.055999999999999966
0.06720000000000001,0.055999999999999966
0.0688,0.055999999999999966
0.0704,0.055999999999999966
0.07200000000000001,0.055999999999999966
0.0736,0.055999999999999966
0.0752,0.055999999999999966
0.07680000000000001,0.055999999999999966
0.0784,0.055999999999999966
0.0784,0.054400000000000004
0.0784,0.0528
0.0784,0.0512
0.0784,0.049600000000000005
0.0784,0.048
0.0784,0.046400000000000004
0.0784,0.0448
0.0784,0.0432
0.0784,0.041600000000000005
0.0784,0.04
0.0784,0.038400000000000004
0.0784,0.0368
0.0784,0.0352
0.0784,0.033600000000000005
0.0784,0.032
0.0784,0.0304
0.0784,0.028800000000000003
0.0784,0.027200000000000002
0.0784,0.0256
0.0784,0.024
0.0784,0.0224
0.0784,0.020800000000000003
0.0784,0.019200000000000002
0.0784,0.0176
0.0784,0.016
0.0784,0.014400000000000001
0.0784,0.0128
0.0784,0.0112
0.0784,0.009600000000000001
0.0784,0.008
0.0784,0.0064
0.0784,0.0048000000000000004
0.0784,0.0032
0.0784,0.0016
0.0784,0.
0.,0.057599999999999964
0.0016,0.057599999999999964
0.0032,0.057599999999999964
0.0048000000000000004,0.057599999999999964
0.0064,0.057599999999999964
0.008,0.057599999999999964
0.009600000000000001,0.057599999999999964
0.0112,0.057599999999999964
0.0128,0.057599999999999964
0.014400000000000001,0.057599999999999964
0.016,0.057599999999999964
0.0176,0.057599999999999964
0.019200000000000002,0.057599999999999964
0.020800000000000003,0.057599999999999964
0.0224,0.057599999999999964
0.024,0.057599999999999964
0.0256,0.057599999999999964
0.027200000000000002,0.057599999999999964
0.028800000000000003,0.057599999999999964
0.0304,0.057599999999999964
0.032,0.057599999999999964
0.033600000000000005,0.057599999999999964
0.0352,0.057599999999999964
0.0368,0.057599999999999964
0.038400000000000004,0.057599999999999964
0.04,0.057599999999999964
0.041600000000000005,0.057599999999999964
0.0432,0.057599999999999964
0.0448,0.057599999999999964
0.046400000000000004,0.057599999999999964
0.048,0.057599999999999964
0.049600000000000005,0.057599999999999964
0.0512,0.057599999999999964
0.0528,0.057599999999999964
0.054400000000000004,0.057599999999999964
0.056,0.057599999999999964
0.057600000000000005,0.057599999999999964
0.0592,0.057599999999999964
0.0608,0.057599999999999964
0.062400000000000004,0.057599999999999964
0.064,0.057599999999999964
0.0656,0.057599999999999964
0.06720000000000001,0.057599999999999964
0.0688,0.057599999999999964
0.0704,0.057599999999999964
0.07200000000000001,0.057599999999999964
0.0736,0.057599999999999964
0.0752,0.057599999999999964
0.07680000000000001,0.057599999999999964
0.0784,0.057599999999999964
0.08,0.057599999999999964
0.08,0.056
0.08,0.054400000000000004
0.08,0.0528
0.08,0.0512
0.08,0.049600000000000005
0.08,0.048
0.08,0.046400000000000004
0.08,0.0448
0.08,0.0432
0.08,0.041600000000000005
0.08,0.04
0.08,0.038400000000000004
0.08,0.0368
0.08,0.0352
0.08,0.033600000000000005
0.08,0.032
0.08,0.0304
0.08,0.028800000000000003
0.08,0.027200000000000002
0.08,0.0256
0.08,0.024
0.08,0.0224
0.08,0.020800000000000003
0.08,0.019200000000000002
0.08,0.0176
0.08,0.016
0.08,0.014400000000000001
0.08,0.0128
0.08,0.0112
0.08,0.009600000000000001
0.08,0.008
0.08,0.0064
0.08,0.0048000000000000004
0.08,0.0032
0.08,0.0016
0.08,0.
0.,0.05919999999999996
0.0016,0.05919999999999996
0.0032,0.05919999999999996
0.0048000000000000004,0.05919999999999996
0.0064,0.05919999999999996
0.008,0.05919999999999996
0.009600000000000001,0.05919999999999996
0.0112,0.05919999999999996
0.0128,0.05919999999999996
0.014400000000000001,0.05919999999999996
0.016,0.05919999999999996
0.0176,0.05919999999999996
0.019200000000000002,0.05919999999999996
0.020800000000000003,0.05919999999999996
0.0224,0.05919999999999996
0.024,0.05919999999999996
0.0256,0.05919999999999996
0.027200000000000002,0.05919999999999996
0.028800000000000003,0.05919999999999996
0.0304,0.05919999999999996
0.032,0.05919999999999996
0.033600000000000005,0.05919999999999996
0.0352,0.05919999999999996
0.0368,0.05919999999999996
0.038400000000000004,0.05919999999999996
0.04,0.05919999999999996
0.041600000000000005,0.05919999999999996
0.0432,0.05919999999999996
0.0448,0.05919999999999996
0.046400000000000004,0.05919999999999996
0.048,0.05919999999999996
0.049600000000000005,0.05919999999999996
0.0512,0.05919999999999996
0.0528,0.05919999999999996
0.054400000000000004,0.05919999999999996
0.056,0.05919999999999996
0.057600000000000005,0.05919999999999996
0.0592,0.05919999999999996
0.0608,0.05919999999999996
0.062400000000000004,0.05919999999999996
0.064,0.05919999999999996
0.0656,0.05919999999999996
0.06720000000000001,0.05919999999999996
0.0688,0.05919999999999996
0.0704,0.05919999999999996
0.07200000000000001,0.05919999999999996
0.0736,0.05919999999999996
0.0752,0.05919999999999996
0.07680000000000001,0.05919999999999996
0.0784,0.05919999999999996
0.08,0.05919999999999996
0.0816,0.05919999999999996
0.0816,0.057600000000000005
0.0816,0.056
0.0816,0.054400000000000004
0.0816,0.0528
0.0816,0.0512
0.0816,0.049600000000000005
0.0816,0.048
0.0816,0.046400000000000004
0.0816,0.0448
0.0816,0.0432
0.0816,0.041600000000000005
0.0816,0.04
0.0816,0.038400000000000004
0.0816,0.0368
0.0816,0.0352
0.0816,0.033600000000000005
0.0816,0.032
0.0816,0.0304
0.0816,0.028800000000000003
0.0816,0.027200000000000002
0.0816,0.0256
0.0816,0.024
0.0816,0.0224
0.0816,0.020800000000000003
0.0816,0.019200000000000002
0.0816,0.0176
0.0816,0.016
0.0816,0.014400000000000001
0.0816,0.0128
0.0816,0.0112
0.0816,0.009600000000000001
0.0816,0.008
0.0816,0.0064
0.0816,0.0048000000000000004
0.0816,0.0032
0.0816,0.0016
0.0816,0.
0.,0.06079999999999996
0.0016,0.06079999999999996
0.0032,0.06079999999999996
0.0048000000000000004,0.06079999999999996
0.0064,0.06079999999999996
0.008,0.06079999999999996
0.009600000000000001,0.06079999999999996
0.0112,0.06079999999999996
0.0128,0.06079999999999996
0.014400000000000001,0.06079999999999996
0.016,0.06079999999999996
0.0176,0.06079999999999996
0.019200000000000002,0.06079999999999996
0.020800000000000003,0.06079999999999996
0.0224,0.06079999999999996
0.024,0.06079999999999996
0.0256,0.06079999999999996
0.027200000000000002,0.06079999999999996
0.028800000000000003,0.06079999999999996
0.0304,0.06079999999999996
0.032,0.06079999999999996
0.033600000000000005,0.06079999999999996
0.0352,0.06079999999999996
0.0368,0.06079999999999996
0.038400000000000004,0.06079999999999996
0.04,0.06079999999999996
0.041600000000000005,0.06079999999999996
0.0432,0.06079999999999996
0.0448,0.06079999999999996
0.046400000000000004,0.06079999999999996
0.048,0.06079999999999996
0.049600000000000005,0.06079999999999996
0.0512,0.06079999999999996
0.0528,0.06079999999999996
0.054400000000000004,0.06079999999999996
0.056,0.06079999999999996
0.057600000000000005,0.06079999999999996
0.0592,0.06079999999999996
0.0608,0.06079999999999996
0.062400000000000004,0.06079999999999996
0.064,0.06079999999999996
0.0656,0.06079999999999996
0.06720000000000001,0.06079999999999996
0.0688,0.06079999999999996
0.0704,0.06079999999999996
0.07200000000000001,0.06079999999999996
0.0736,0.06079999999999996
0.0752,0.06079999999999996
0.07680000000000001,0.06079999999999996
0.0784,0.06079999999999996
0.08,0.06079999999999996
0.0816,0.06079999999999996
0.08320000000000001,0.06079999999999996
0.08320000000000001,0.0592
0.08320000000000001,0.057600000000000005
0.08320000000000001,0.056
0.08320000000000001,0.054400000000000004
0.08320000000000001,0.0528
0.08320000000000001,0.0512
0.08320000000000001,0.049600000000000005
0.08320000000000001,0.048
0.08320000000000001,0.046400000000000004
0.08320000000000001,0.0448
0.08320000000000001,0.0432
0.08320000000000001,0.041600000000000005
0.08320000000000001,0.04
0.08320000000000001,0.038400000000000004
0.08320000000000001,0.0368
0.08320000000000001,0.0352
0.08320000000000001,0.033600000000000005
0.08320000000000001,0.032
0.08320000000000001,0.0304
0.08320000000000001,0.028800000000000003
0.08320000000000001,0.027200000000000002
0.08320000000000001,0.0256
0.08320000000000001,0.024
0.08320000000000001,0.0224
0.08320000000000001,0.020800000000000003
0.08320000000000001,0.019200000000000002
0.08320000000000001,0.0176
0.08320000000000001,0.016
0.08320000000000001,0.014400000000000001
0.08320000000000001,0.0128
0.08320000000000001,0.0112
0.08320000000000001,0.009600000000000001
0.08320000000000001,0.008
0.08320000000000001,0.0064
0.08320000000000001,0.0048000000000000004
0.08320000000000001,0.0032
0.08320000000000001,0.0016
0.08320000000000001,0.
0.,0.062399999999999956
0.0016,0.062399999999999956
0.0032,0.062399999999999956
0.0048000000000000004,0.062399999999999956
0.0064,0.062399999999999956
0.008,0.062399999999999956
0.009600000000000001,0.062399999999999956
0.0112,0.062399999999999956
0.0128,0.062399999999999956
0.014400000000000001,0.062399999999999956
0.016,0.062399999999999956
0.0176,0.062399999999999956
0.019200000000000002,0.062399999999999956
0.020800000000000003,0.062399999999999956
0.0224,0.062399999999999956
0.024,0.062399999999999956
0.0256,0.062399999999999956
0.027200000000000002,0.062399999999999956
0.028800000000000003,0.062399999999999956
0.0304,0.062399999999999956
0.032,0.062399999999999956
0.033600000000000005,0.062399999999999956
0.0352,0.062399999999999956
0.0368,0.062399999999999956
0.038400000000000004,0.062399999999999956
0.04,0.062399999999999956
0.041600000000000005,0.062399999999999956
0.0432,0.062399999999999956
0.0448,0.062399999999999956
0.046400000000000004,0.062399999999999956
0.048,0.062399999999999956
0.049600000000000005,0.062399999999999956
0.0512,0.062399999999999956
0.0528,0.062399999999999956
0.054400000000000004,0.062399999999999956
0.056,0.062399999999999956
0.057600000000000005,0.062399999999999956
0.0592,0.062399999999999956
0.0608,0.062399999999999956
0.062400000000000004,0.062399999999999956
0.064,0.062399999999999956
0.0656,0.062399999999999956
0.06720000000000001,0.062399999999999956
0.0688,0.062399999999999956
0.0704,0.062399999999999956
0.07200000000000001,0.062399999999999956
0.0736,0.062399999999999956
0.0752,0.062399999999999956
0.07680000000000001,0.062399999999999956
0.0784,0.062399999999999956
0.08,0.062399999999999956
0.0816,0.062399999999999956
0.08320000000000001,0.062399999999999956
0.0848,0.062399999999999956
0.0848,0.0608
0.0848,0.0592
0.0848,0.057600000000000005
0.0848,0.056
0.0848,0.054400000000000004
0.0848,0.0528
0.0848,0.0512
0.0848,0.049600000000000005
0.0848,0.048
0.0848,0.046400000000000004
0.0848,0.0448
0.0848,0.0432
0.0848,0.041600000000000005
0.0848,0.04
0.0848,0.038400000000000004
0.0848,0.0368
0.0848,0.0352
0.0848,0.033600000000000005
0.0848,0.032
0.0848,0.0304
0.0848,0.028800000000000003
0.0848,0.027200000000000002
0.0848,0.0256
0.0848,0.024
0.0848,0.0224
0.0848,0.020800000000000003
0.0848,0.019200000000000002
0.0848,0.0176
0.0848,0.016
0.0848,0.014400000000000001
0.0848,0.0128
0.0848,0.0112
0.0848,0.009600000000000001
0.0848,0.008
0.0848,0.0064
0.0848,0.0048000000000000004
0.0848,0.0032
0.0848,0.0016
0.0848,0.
0.,0.06399999999999996
0.0016,0.06399999999999996
0.0032,0.06399999999999996
0.0048000000000000004,0.06399999999999996
0.0064,0.06399999999999996
0.008,0.06399999999999996
0.009600000000000001,0.06399999999999996
0.0112,0.06399999999999996
0.0128,0.06399999999999996
0.014400000000000001,0.06399999999999996
0.016,0.06399999999999996
0.0176,0.06399999999999996
0.019200000000000002,0.06399999999999996
0.020800000000000003,0.06399999999999996
0.0224,0.06399999999999996
0.024,0.06399999999999996
0.0256,0.06399999999999996
0.027200000000000002,0.06399999999999996
0.028800000000000003,0.06399999999999996
0.0304,0.06399999999999996
0.032,0.06399999999999996
0.033600000000000005,0.06399999999999996
0.0352,0.06399999999999996
0.0368,0.06399999999999996
0.038400000000000004,0.06399999999999996
0.04,0.06399999999999996
0.041600000000000005,0.06399999999999996
0.0432,0.06399999999999996
0.0448,0.06399999999999996
0.046400000000000004,0.06399999999999996
0.048,0.06399999999999996
0.049600000000000005,0.06399999999999996
0.0512,0.06399999999999996
0.0528,0.06399999999999996
0.054400000000000004,0.06399999999999996
0.056,0.06399999999999996
0.057600000000000005,0.06399999999999996
0.0592,0.06399999999999996
0.0608,0.06399999999999996
0.062400000000000004,0.06399999999999996
0.064,0.06399999999999996
0.0656,0.06399999999999996
0.06720000000000001,0.06399999999999996
0.0688,0.06399999999999996
0.0704,0.06399999999999996
0.07200000000000001,0.06399999999999996
0.0736,0.06399999999999996
0.0752,0.06399999999999996
0.07680000000000001,0.06399999999999996
0.0784,0.06399999999999996
0.08,0.06399999999999996
0.0816,0.06399999999999996
0.08320000000000001,0.06399999999999996
0.0848,0.06399999999999996
0.0864,0.06399999999999996
0.0864,0.062400000000000004
0.0864,0.0608
0.0864,0.0592
0.0864,0.057600000000000005
0.0864,0.056
0.0864,0.054400000000000004
0.0864,0.0528
0.0864,0.0512
0.0864,0.049600000000000005
0.0864,0.048
0.0864,0.046400000000000004
0.0864,0.0448
0.0864,0.0432
0.0864,0.041600000000000005
0.0864,0.04
0.0864,0.038400000000000004
0.0864,0.0368
0.0864,0.0352
0.0864,0.033600000000000005
0.0864,0.032
0.0864,0.0304
0.0864,0.028800000000000003
0.0864,0.027200000000000002
0.0864,0.0256
0.0864,0.024
0.0864,0.0224
0.0864,0.020800000000000003
0.0864,0.019200000000000002
0.0864,0.0176
0.0864,0.016
0.0864,0.014400000000000001
0.0864,0.0128
0.0864,0.0112
0.0864,0.009600000000000001
0.0864,0.008
0.0864,0.0064
0.0864,0.0048000000000000004
0.0864,0.0032
0.0864,0.0016
0.0864,0.
0.,0.06559999999999996
0.0016,0.06559999999999996
0.0032,0.06559999999999996
0.0048000000000000004,0.06559999999999996
0.0064,0.06559999999999996
0.008,0.06559999999999996
0.009600000000000001,0.06559999999999996
0.0112,0.06559999999999996
0.0128,0.06559999999999996
0.014400000000000001,0.06559999999999996
0.016,0.06559999999999996
0.0176,0.06559999999999996
0.019200000000000002,0.06559999999999996
0.020800000000000003,0.06559999999999996
0.0224,0.06559999999999996
0.024,0.06559999999999996
0.0256,0.06559999999999996
0.027200000000000002,0.06559999999999996
0.028800000000000003,0.06559999999999996
0.0304,0.06559999999999996
0.032,0.06559999999999996
0.033600000000000005,0.06559999999999996
0.0352,0.06559999999999996
0.0368,0.06559999999999996
0.038400000000000004,0.06559999999999996
0.04,0.06559999999999996
0.041600000000000005,0.06559999999999996
0.0432,0.06559999999999996
0.0448,0.06559999999999996
0.046400000000000004,0.06559999999999996
0.048,0.06559999999999996
0.049600000000000005,0.06559999999999996
0.0512,0.06559999999999996
0.0528,0.06559999999999996
0.054400000000000004,0.06559999999999996
0.056,0.06559999999999996
0.057600000000000005,0.06559999999999996
0.0592,0.06559999999999996
0.0608,0.06559999999999996
0.062400000000000004,0.06559999999999996
0.064,0.06559999999999996
0.0656,0.06559999999999996
0.06720000000000001,0.06559999999999996
0.0688,0.06559999999999996
0.0704,0.06559999999999996
0.07200000000000001,0.06559999999999996
0.0736,0.06559999999999996
0.0752,0.06559999999999996
0.07680000000000001,0.06559999999999996
0.0784,0.06559999999999996
0.08,0.06559999999999996
0.0816,0.06559999999999996
0.08320000000000001,0.06559999999999996
0.0848,0.06559999999999996
0.0864,0.06559999999999996
0.08800000000000001,0.06559999999999996
0.08800000000000001,0.064
0.08800000000000001,0.062400000000000004
0.08800000000000001,0.0608
0.08800000000000001,0.0592
0.08800000000000001,0.057600000000000005
0.08800000000000001,0.056
0.08800000000000001,0.054400000000000004
0.08800000000000001,0.0528
0.08800000000000001,0.0512
0.08800000000000001,0.049600000000000005
0.08800000000000001,0.048
0.08800000000000001,0.046400000000000004
0.08800000000000001,0.0448
0.08800000000000001,0.0432
0.08800000000000001,0.041600000000000005
0.08800000000000001,0.04
0.08800000000000001,0.038400000000000004
0.08800000000000001,0.0368
0.08800000000000001,0.0352
0.08800000000000001,0.033600000000000005
0.08800000000000001,0.032
0.08800000000000001,0.0304
0.08800000000000001,0.028800000000000003
0.08800000000000001,0.027200000000000002
0.08800000000000001,0.0256
0.08800000000000001,0.024
0.08800000000000001,0.0224
0.08800000000000001,0.020800000000000003
0.08800000000000001,0.019200000000000002
0.08800000000000001,0.0176
0.08800000000000001,0.016
0.08800000000000001,0.014400000000000001
0.08800000000000001,0.0128
0.08800000000000001,0.0112
0.08800000000000001,0.009600000000000001
0.08800000000000001,0.008
0.08800000000000001,0.0064
0.08800000000000001,0.0048000000000000004
0.08800000000000001,0.0032
0.08800000000000001,0.0016
0.08800000000000001,0.
0.,0.06719999999999997
0.0016,0.06719999999999997
0.0032,0.06719999999999997
0.0048000000000000004,0.06719999999999997
0.0064,0.06719999999999997
0.008,0.06719999999999997
0.009600000000000001,0.06719999999999997
0.0112,0.06719999999999997
0.0128,0.06719999999999997
0.014400000000000001,0.06719999999999997
0.016,0.06719999999999997
0.0176,0.06719999999999997
0.019200000000000002,0.06719999999999997
0.020800000000000003,0.06719999999999997
0.0224,0.06719999999999997
0.024,0.06719999999999997
0.0256,0.06719999999999997
0.027200000000000002,0.06719999999999997
0.028800000000000003,0.06719999999999997
0.0304,0.06719999999999997
0.032,0.06719999999999997
0.033600000000000005,0.06719999999999997
0.0352,0.06719999999999997
0.0368,0.06719999999999997
0.038400000000000004,0.06719999999999997
0.04,0.06719999999999997
0.041600000000000005,0.06719999999999997
0.0432,0.06719999999999997
0.0448,0.06719999999999997
0.046400000000000004,0.06719999999999997
0.048,0.06719999999999997
0.049600000000000005,0.06719999999999997
0.0512,0.06719999999999997
0.0528,0.06719999999999997
0.054400000000000004,0.06719999999999997
0.056,0.06719999999999997
0.057600000000000005,0.06719999999999997
0.0592,0.06719999999999997
0.0608,0.06719999999999997
0.062400000000000004,0.06719999999999997
0.064,0.06719999999999997
0.0656,0.06719999999999997
0.06720000000000001,0.06719999999999997
0.0688,0.06719999999999997
0.0704,0.06719999999999997
0.07200000000000001,0.06719999999999997
0.0736,0.06719999999999997
0.0752,0.06719999999999997
0.07680000000000001,0.06719999999999997
0.0784,0.06719999999999997
0.08,0.06719999999999997
0.0816,0.06719999999999997
0.08320000000000001,0.06719999999999997
0.0848,0.06719999999999997
0.0864,0.06719999999999997
0.08800000000000001,0.06719999999999997
0.0896,0.06719999999999997
0.0896,0.0656
0.0896,0.064
0.0896,0.062400000000000004
0.0896,0.0608
0.0896,0.0592
0.0896,0.057600000000000005
0.0896,0.056
0.0896,0.054400000000000004
0.0896,0.0528
0.0896,0.0512
0.0896,0.049600000000000005
0.0896,0.048
0.0896,0.046400000000000004
0.0896,0.0448
0.0896,0.0432
0.0896,0.041600000000000005
0.0896,0.04
0.0896,0.038400000000000004
0.0896,0.0368
0.0896,0.0352
0.0896,0.033600000000000005
0.0896,0.032
0.0896,0.0304
0.0896,0.028800000000000003
0.0896,0.027200000000000002
0.0896,0.0256
0.0896,0.024
0.0896,0.0224
0.0896,0.020800000000000003
0.0896,0.019200000000000002
0.0896,0.0176
0.0896,0.016
0.0896,0.014400000000000001
0.0896,0.0128
0.0896,0.0112
0.0896,0.009600000000000001
0.0896,0.008
0.0896,0.0064
0.0896,0.0048000000000000004
0.0896,0.0032
0.0896,0.0016
0.0896,0.
0.,0.06879999999999997
0.0016,0.06879999999999997
0.0032,0.06879999999999997
0.0048000000000000004,0.06879999999999997
0.0064,0.06879999999999997
0.008,0.06879999999999997
0.009600000000000001,0.06879999999999997
0.0112,0.06879999999999997
0.0128,0.06879999999999997
0.014400000000000001,0.06879999999999997
0.016,0.06879999999999997
0.0176,0.06879999999999997
0.019200000000000002,0.06879999999999997
0.020800000000000003,0.06879999999999997
0.0224,0.06879999999999997
0.024,0.06879999999999997
0.0256,0.06879999999999997
0.027200000000000002,0.06879999999999997
0.028800000000000003,0.06879999999999997
0.0304,0.06879999999999997
0.032,0.06879999999999997
0.033600000000000005,0.06879999999999997
0.0352,0.06879999999999997
0.0368,0.06879999999999997
0.038400000000000004,0.06879999999999997
0.04,0.06879999999999997
0.041600000000000005,0.06879999999999997
0.0432,0.06879999999999997
0.0448,0.06879999999999997
0.046400000000000004,0.06879999999999997
0.048,0.06879999999999997
0.049600000000000005,0.06879999999999997
0.0512,0.06879999999999997
0.0528,0.06879999999999997
0.054400000000000004,0.06879999999999997
0.056,0.06879999999999997
0.057600000000000005,0.06879999999999997
0.0592,0.06879999999999997
0.0608,0.06879999999999997
0.062400000000000004,0.06879999999999997
0.064,0.06879999999999997
0.0656,0.06879999999999997
0.06720000000000001,0.06879999999999997
0.0688,0.06879999999999997
0.0704,0.06879999999999997
0.07200000000000001,0.06879999999999997
0.0736,0.06879999999999997
0.0752,0.06879999999999997
0.07680000000000001,0.06879999999999997
0.0784,0.06879999999999997
0.08,0.06879999999999997
0.0816,0.06879999999999997
0.08320000000000001,0.06879999999999997
0.0848,0.06879999999999997
0.0864,0.06879999999999997
0.08800000000000001,0.06879999999999997
0.0896,0.06879999999999997
0.0912,0.06879999999999997
0.0912,0.06720000000000001
0.0912,0.0656
0.0912,0.064
0.0912,0.062400000000000004
0.0912,0.0608
0.0912,0.0592
0.0912,0.057600000000000005
0.0912,0.056
0.0912,0.054400000000000004
0.0912,0.0528
0.0912,0.0512
0.0912,0.049600000000000005
0.0912,0.048
0.0912,0.046400000000000004
0.0912,0.0448
0.0912,0.0432
0.0912,0.041600000000000005
0.0912,0.04
0.0912,0.038400000000000004
0.0912,0.0368
0.0912,0.0352
0.0912,0.033600000000000005
0.0912,0.032
0.0912,0.0304
0.0912,0.028800000000000003
0.0912,0.027200000000000002
0.0912,0.0256
0.0912,0.024
0.0912,0.0224
0.0912,0.020800000000000003
0.0912,0.019200000000000002
0.0912,0.0176
0.0912,0.016
0.0912,0.014400000000000001
0.0912,0.0128
0.0912,0.0112
0.0912,0.009600000000000001
0.0912,0.008
0.0912,0.0064
0.0912,0.0048000000000000004
0.0912,0.0032
0.0912,0.0016
0.0912,0.
0.,0.07039999999999998
0.0016,0.07039999999999998
0.0032,0.07039999999999998
0.0048000000000000004,0.07039999999999998
0.0064,0.07039999999999998
0.008,0.07039999999999998
0.009600000000000001,0.07039999999999998
0.0112,0.07039999999999998
0.0128,0.07039999999999998
0.014400000000000001,0.07039999999999998
0.016,0.07039999999999998
0.0176,0.07039999999999998
0.019200000000000002,0.07039999999999998
0.020800000000000003,0.07039999999999998
0.0224,0.07039999999999998
0.024,0.07039999999999998
0.0256,0.07039999999999998
0.027200000000000002,0.07039999999999998
0.028800000000000003,0.07039999999999998
0.0304,0.07039999999999998
0.032,0.07039999999999998
0.033600000000000005,0.07039999999999998
0.0352,0.07039999999999998
0.0368,0.07039999999999998
0.038400000000000004,0.07039999999999998
0.04,0.07039999999999998
0.041600000000000005,0.07039999999999998
0.0432,0.07039999999999998
0.0448,0.07039999999999998
0.046400000000000004,0.07039999999999998
0.048,0.07039999999999998
0.049600000000000005,0.07039999999999998
0.0512,0.07039999999999998
0.0528,0.07039999999999998
0.054400000000000004,0.07039999999999998
0.056,0.07039999999999998
0.057600000000000005,0.07039999999999998
0.0592,0.07039999999999998
0.0608,0.07039999999999998
0.062400000000000004,0.07039999999999998
0.064,0.07039999999999998
0.0656,0.07039999999999998
0.06720000000000001,0.07039999999999998
0.0688,0.07039999999999998
0.0704,0.07039999999999998
0.07200000000000001,0.07039999999999998
0.0736,0.07039999999999998
0.0752,0.07039999999999998
0.07680000000000001,0.07039999999999998
0.0784,0.07039999999999998
0.08,0.07039999999999998
0.0816,0.07039999999999998
0.08320000000000001,0.07039999999999998
0.0848,0.07039999999999998
0.0864,0.07039999999999998
0.08800000000000001,0.07039999999999998
0.0896,0.07039999999999998
0.0912,0.07039999999999998
0.09280000000000001,0.07039999999999998
0.09280000000000001,0.0688
0.09280000000000001,0.06720000000000001
0.09280000000000001,0.0656
0.09280000000000001,0.064
0.09280000000000001,0.062400000000000004
0.09280000000000001,0.0608
0.09280000000000001,0.0592
0.09280000000000001,0.057600000000000005
0.09280000000000001,0.056
0.09280000000000001,0.054400000000000004
0.09280000000000001,0.0528
0.09280000000000001,0.0512
0.09280000000000001,0.049600000000000005
0.09280000000000001,0.048
0.09280000000000001,0.046400000000000004
0.09280000000000001,0.0448
0.09280000000000001,0.0432
0.09280000000000001,0.041600000000000005
0.09280000000000001,0.04
0.09280000000000001,0.038400000000000004
0.09280000000000001,0.0368
0.09280000000000001,0.0352
0.09280000000000001,0.033600000000000005
0.09280000000000001,0.032
0.09280000000000001,0.0304
0.09280000000000001,0.028800000000000003
0.09280000000000001,0.027200000000000002
0.09280000000000001,0.0256
0.09280000000000001,0.024
0.09280000000000001,0.0224
0.09280000000000001,0.020800000000000003
0.09280000000000001,0.019200000000000002
0.09280000000000001,0.0176
0.09280000000000001,0.016
0.09280000000000001,0.014400000000000001
0.09280000000000001,0.0128
0.09280000000000001,0.0112
0.09280000000000001,0.009600000000000001
0.09280000000000001,0.008
0.09280000000000001,0.0064
0.09280000000000001,0.0048000000000000004
0.09280000000000001,0.0032
0.09280000000000001,0.0016
0.09280000000000001,0.
0.,0.07199999999999998
0.0016,0.07199999999999998
0.0032,0.07199999999999998
0.0048000000000000004,0.07199999999999998
0.0064,0.07199999999999998
0.008,0.07199999999999998
0.009600000000000001,0.07199999999999998
0.0112,0.07199999999999998
0.0128,0.07199999999999998
0.014400000000000001,0.07199999999999998
0.016,0.07199999999999998
0.0176,0.07199999999999998
0.019200000000000002,0.07199999999999998
0.020800000000000003,0.07199999999999998
0.0224,0.07199999999999998
0.024,0.07199999999999998
0.0256,0.07199999999999998
0.027200000000000002,0.07199999999999998
0.028800000000000003,0.07199999999999998
0.0304,0.07199999999999998
0.032,0.07199999999999998
0.033600000000000005,0.07199999999999998
0.0352,0.07199999999999998
0.0368,0.07199999999999998
0.038400000000000004,0.07199999999999998
0.04,0.07199999999999998
0.041600000000000005,0.07199999999999998
0.0432,0.07199999999999998
0.0448,0.07199999999999998
0.046400000000000004,0.07199999999999998
0.048,0.07199999999999998
0.049600000000000005,0.07199999999999998
0.0512,0.07199999999999998
0.0528,0.07199999999999998
0.054400000000000004,0.07199999999999998
0.056,0.07199999999999998
0.057600000000000005,0.07199999999999998
0.0592,0.07199999999999998
0.0608,0.07199999999999998
0.062400000000000004,0.07199999999999998
0.064,0.07199999999999998
0.0656,0.07199999999999998
0.06720000000000001,0.07199999999999998
0.0688,0.07199999999999998
0.0704,0.07199999999999998
0.07200000000000001,0.07199999999999998
0.0736,0.07199999999999998
0.0752,0.07199999999999998
0.07680000000000001,0.07199999999999998
0.0784,0.07199999999999998
0.08,0.07199999999999998
0.0816,0.07199999999999998
0.08320000000000001,0.07199999999999998
0.0848,0.07199999999999998
0.0864,0.07199999999999998
0.08800000000000001,0.07199999999999998
0.0896,0.07199999999999998
0.0912,0.07199999999999998
0.09280000000000001,0.07199999999999998
0.0944,0.07199999999999998
0.0944,0.0704
0.0944,0.0688
0.0944,0.06720000000000001
0.0944,0.0656
0.0944,0.064
0.0944,0.062400000000000004
0.0944,0.0608
0.0944,0.0592
0.0944,0.057600000000000005
0.0944,0.056
0.0944,0.054400000000000004
0.0944,0.0528
0.0944,0.0512
0.0944,0.049600000000000005
0.0944,0.048
0.0944,0.046400000000000004
0.0944,0.0448
0.0944,0.0432
0.0944,0.041600000000000005
0.0944,0.04
0.0944,0.038400000000000004
0.0944,0.0368
0.0944,0.0352
0.0944,0.033600000000000005
0.0944,0.032
0.0944,0.0304
0.0944,0.028800000000000003
0.0944,0.027200000000000002
0.0944,0.0256
0.0944,0.024
0.0944,0.0224
0.0944,0.020800000000000003
0.0944,0.019200000000000002
0.0944,0.0176
0.0944,0.016
0.0944,0.014400000000000001
0.0944,0.0128
0.0944,0.0112
0.0944,0.009600000000000001
0.0944,0.008
0.0944,0.0064
0.0944,0.0048000000000000004
0.0944,0.0032
0.0944,0.0016
0.0944,0.
0.,0.07359999999999998
0.0016,0.07359999999999998
0.0032,0.07359999999999998
0.0048000000000000004,0.07359999999999998
0.0064,0.07359999999999998
0.008,0.07359999999999998
0.009600000000000001,0.07359999999999998
0.0112,0.07359999999999998
0.0128,0.07359999999999998
0.014400000000000001,0.07359999999999998
0.016,0.07359999999999998
0.0176,0.07359999999999998
0.019200000000000002,0.07359999999999998
0.020800000000000003,0.07359999999999998
0.0224,0.07359999999999998
0.024,0.07359999999999998
0.0256,0.07359999999999998
0.027200000000000002,0.07359999999999998
0.028800000000000003,0.07359999999999998
0.0304,0.07359999999999998
0.032,0.07359999999999998
0.033600000000000005,0.07359999999999998
0.0352,0.07359999999999998
0.0368,0.07359999999999998
0.038400000000000004,0.07359999999999998
0.04,0.07359999999999998
0.041600000000000005,0.07359999999999998
0.0432,0.07359999999999998
0.0448,0.07359999999999998
0.046400000000000004,0.07359999999999998
0.048,0.07359999999999998
0.049600000000000005,0.07359999999999998
0.0512,0.07359999999999998
0.0528,0.07359999999999998
0.054400000000000004,0.07359999999999998
0.056,0.07359999999999998
0.057600000000000005,0.07359999999999998
0.0592,0.07359999999999998
0.0608,0.07359999999999998
0.062400000000000004,0.07359999999999998
0.064,0.07359999999999998
0.0656,0.07359999999999998
0.06720000000000001,0.07359999999999998
0.0688,0.07359999999999998
0.0704,0.07359999999999998
0.07200000000000001,0.07359999999999998
0.0736,0.07359999999999998
0.0752,0.07359999999999998
0.07680000000000001,0.07359999999999998
0.0784,0.07359999999999998
0.08,0.07359999999999998
0.0816,0.07359999999999998
0.08320000000000001,0.07359999999999998
0.0848,0.07359999999999998
0.0864,0.07359999999999998
0.08800000000000001,0.07359999999999998
0.0896,0.07359999999999998
0.0912,0.07359999999999998
0.09280000000000001,0.07359999999999998
0.0944,0.07359999999999998
0.096,0.07359999999999998
0.096,0.07200000000000001
0.096,0.0704
0.096,0.0688
0.096,0.06720000000000001
0.096,0.0656
0.096,0.064
0.096,0.062400000000000004
0.096,0.0608
0.096,0.0592
0.096,0.057600000000000005
0.096,0.056
0.096,0.054400000000000004
0.096,0.0528
0.096,0.0512
0.096,0.049600000000000005
0.096,0.048
0.096,0.046400000000000004
0.096,0.0448
0.096,0.0432
0.096,0.041600000000000005
0.096,0.04
0.096,0.038400000000000004
0.096,0.0368
0.096,0.0352
0.096,0.033600000000000005
0.096,0.032
0.096,0.0304
0.096,0.028800000000000003
0.096,0.027200000000000002
0.096,0.0256
0.096,0.024
0.096,0.0224
0.096,0.020800000000000003
0.096,0.019200000000000002
0.096,0.0176
0.096,0.016
0.096,0.014400000000000001
0.096,0.0128
0.096,0.0112
0.096,0.009600000000000001
0.096,0.008
0.096,0.0064
0.096,0.0048000000000000004
0.096,0.0032
0.096,0.0016
0.096,0.
0.,0.07519999999999999
0.0016,0.07519999999999999
0.0032,0.07519999999999999
0.0048000000000000004,0.07519999999999999
0.0064,0.07519999999999999
0.008,0.07519999999999999
0.009600000000000001,0.07519999999999999
0.0112,0.07519999999999999
0.0128,0.07519999999999999
0.014400000000000001,0.07519999999999999
0.016,0.07519999999999999
0.0176,0.07519999999999999
0.019200000000000002,0.07519999999999999
0.020800000000000003,0.07519999999999999
0.0224,0.07519999999999999
0.024,0.07519999999999999
0.0256,0.07519999999999999
0.027200000000000002,0.07519999999999999
0.028800000000000003,0.07519999999999999
0.0304,0.07519999999999999
0.032,0.07519999999999999
0.033600000000000005,0.07519999999999999
0.0352,0.07519999999999999
0.0368,0.07519999999999999
0.038400000000000004,0.07519999999999999
0.04,0.07519999999999999
0.041600000000000005,0.07519999999999999
0.0432,0.07519999999999999
0.0448,0.07519999999999999
0.046400000000000004,0.07519999999999999
0.048,0.07519999999999999
0.049600000000000005,0.07519999999999999
0.0512,0.07519999999999999
0.0528,0.07519999999999999
0.054400000000000004,0.07519999999999999
0.056,0.07519999999999999
0.057600000000000005,0.07519999999999999
0.0592,0.07519999999999999
0.0608,0.07519999999999999
0.062400000000000004,0.07519999999999999
0.064,0.07519999999999999
0.0656,0.07519999999999999
0.06720000000000001,0.07519999999999999
0.0688,0.07519999999999999
0.0704,0.07519999999999999
0.07200000000000001,0.07519999999999999
0.0736,0.07519999999999999
0.0752,0.07519999999999999
0.07680000000000001,0.07519999999999999
0.0784,0.07519999999999999
0.08,0.07519999999999999
0.0816,0.07519999999999999
0.08320000000000001,0.07519999999999999
0.0848,0.07519999999999999
0.0864,0.07519999999999999
0.08800000000000001,0.07519999999999999
0.0896,0.07519999999999999
0.0912,0.07519999999999999
0.09280000000000001,0.07519999999999999
0.0944,0.07519999999999999
0.096,0.07519999999999999
0.0976,0.07519999999999999
0.0976,0.0736
0.0976,0.07200000000000001
0.0976,0.0704
0.0976,0.0688
0.0976,0.06720000000000001
0.0976,0.0656
0.0976,0.064
0.0976,0.062400000000000004
0.0976,0.0608
0.0976,0.0592
0.0976,0.057600000000000005
0.0976,0.056
0.0976,0.054400000000000004
0.0976,0.0528
0.0976,0.0512
0.0976,0.049600000000000005
0.0976,0.048
0.0976,0.046400000000000004
0.0976,0.0448
0.0976,0.0432
0.0976,0.041600000000000005
0.0976,0.04
0.0976,0.038400000000000004
0.0976,0.0368
0.0976,0.0352
0.0976,0.033600000000000005
0.0976,0.032
0.0976,0.0304
0.0976,0.028800000000000003
0.0976,0.027200000000000002
0.0976,0.0256
0.0976,0.024
0.0976,0.0224
0.0976,0.020800000000000003
0.0976,0.019200000000000002
0.0976,0.0176
0.0976,0.016
0.0976,0.014400000000000001
0.0976,0.0128
0.0976,0.0112
0.0976,0.009600000000000001
0.0976,0.008
0.0976,0.0064
0.0976,0.0048000000000000004
0.0976,0.0032
0.0976,0.0016
0.0976,0.
0.,0.0768
0.0016,0.0768
0.0032,0.0768
0.0048000000000000004,0.0768
0.0064,0.0768
0.008,0.0768
0.009600000000000001,0.0768
0.0112,0.0768
0.0128,0.0768
0.014400000000000001,0.0768
0.016,0.0768
0.0176,0.0768
0.019200000000000002,0.0768
0.020800000000000003,0.0768
0.0224,0.0768
0.024,0.0768
0.0256,0.0768
0.027200000000000002,0.0768
0.028800000000000003,0.0768
0.0304,0.0768
0.032,0.0768
0.033600000000000005,0.0768
0.0352,0.0768
0.0368,0.0768
0.038400000000000004,0.0768
0.04,0.0768
0.041600000000000005,0.0768
0.0432,0.0768
0.0448,0.0768
0.046400000000000004,0.0768
0.048,0.0768
0.049600000000000005,0.0768
0.0512,0.0768
0.0528,0.0768
0.054400000000000004,0.0768
0.056,0.0768
0.057600000000000005,0.0768
0.0592,0.0768
0.0608,0.0768
0.062400000000000004,0.0768
0.064,0.0768
0.0656,0.0768
0.06720000000000001,0.0768
0.0688,0.0768
0.0704,0.0768
0.07200000000000001,0.0768
0.0736,0.0768
0.0752,0.0768
0.07680000000000001,0.0768
0.0784,0.0768
0.08,0.0768
0.0816,0.0768
0.08320000000000001,0.0768
0.0848,0.0768
0.0864,0.0768
0.08800000000000001,0.0768
0.0896,0.0768
0.0912,0.0768
0.09280000000000001,0.0768
0.0944,0.0768
0.096,0.0768
0.0976,0.0768
0.09920000000000001,0.0768
0.09920000000000001,0.0752
0.09920000000000001,0.0736
0.09920000000000001,0.07200000000000001
0.09920000000000001,0.0704
0.09920000000000001,0.0688
0.09920000000000001,0.06720000000000001
0.09920000000000001,0.0656
0.09920000000000001,0.064
0.09920000000000001,0.062400000000000004
0.09920000000000001,0.0608
0.09920000000000001,0.0592
0.09920000000000001,0.057600000000000005
0.09920000000000001,0.056
0.09920000000000001,0.054400000000000004
0.09920000000000001,0.0528
0.09920000000000001,0.0512
0.09920000000000001,0.049600000000000005
0.09920000000000001,0.048
0.09920000000000001,0.046400000000000004
0.09920000000000001,0.0448
0.09920000000000001,0.0432
0.09920000000000001,0.041600000000000005
0.09920000000000001,0.04
0.09920000000000001,0.038400000000000004
0.09920000000000001,0.0368
0.09920000000000001,0.0352
0.09920000000000001,0.033600000000000005
0.09920000000000001,0.032
0.09920000000000001,0.0304
0.09920000000000001,0.028800000000000003
0.09920000000000001,0.027200000000000002
0.09920000000000001,0.0256
0.09920000000000001,0.024
0.09920000000000001,0.0224
0.09920000000000001,0.020800000000000003
0.09920000000000001,0.019200000000000002
0.09920000000000001,0.0176
0.09920000000000001,0.016
0.09920000000000001,0.014400000000000001
0.09920000000000001,0.0128
0.09920000000000001,0.0112
0.09920000000000001,0.009600000000000001
0.09920000000000001,0.008
0.09920000000000001,0.0064
0.09920000000000001,0.0048000000000000004
0.09920000000000001,0.0032
0.09920000000000001,0.0016
0.09920000000000001,0.
0.,0.0784
0.0016,0.0784
0.0032,0.0784
0.0048000000000000004,0.0784
0.0064,0.0784
0.008,0.0784
0.009600000000000001,0.0784
0.0112,0.0784
0.0128,0.0784
0.014400000000000001,0.0784
0.016,0.0784
0.0176,0.0784
0.019200000000000002,0.0784
0.020800000000000003,0.0784
0.0224,0.0784
0.024,0.0784
0.0256,0.0784
0.027200000000000002,0.0784
0.028800000000000003,0.0784
0.0304,0.0784
0.032,0.0784
0.033600000000000005,0.0784
0.0352,0.0784
0.0368,0.0784
0.038400000000000004,0.0784
0.04,0.0784
0.041600000000000005,0.0784
0.0432,0.0784
0.0448,0.0784
0.046400000000000004,0.0784
0.048,0.0784
0.049600000000000005,0.0784
0.0512,0.0784
0.0528,0.0784
0.054400000000000004,0.0784
0.056,0.0784
0.057600000000000005,0.0784
0.0592,0.0784
0.0608,0.0784
0.062400000000000004,0.0784
0.064,0.0784
0.0656,0.0784
0.06720000000000001,0.0784
0.0688,0.0784
0.0704,0.0784
0.07200000000000001,0.0784
0.0736,0.0784
0.0752,0.0784
0.07680000000000001,0.0784
0.0784,0.0784
0.08,0.0784
0.0816,0.0784
0.08320000000000001,0.0784
0.0848,0.0784
0.0864,0.0784
0.08800000000000001,0.0784
0.0896,0.0784
0.0912,0.0784
0.09280000000000001,0.0784
0.0944,0.0784
0.096,0.0784
0.0976,0.0784
0.09920000000000001,0.0784
0.1008,0.0784
0.1008,0.07680000000000001
0.1008,0.0752
0.1008,0.0736
0.1008,0.07200000000000001
0.1008,0.0704
0.1008,0.0688
0.1008,0.06720000000000001
0.1008,0.0656
0.1008,0.064
0.1008,0.062400000000000004
0.1008,0.0608
0.1008,0.0592
0.1008,0.057600000000000005
0.1008,0.056
0.1008,0.054400000000000004
0.1008,0.0528
0.1008,0.0512
0.1008,0.049600000000000005
0.1008,0.048
0.1008,0.046400000000000004
0.1008,0.0448
0.1008,0.0432
0.1008,0.041600000000000005
0.1008,0.04
0.1008,0.038400000000000004
0.1008,0.0368
0.1008,0.0352
0.1008,0.033600000000000005
0.1008,0.032
0.1008,0.0304
0.1008,0.028800000000000003
0.1008,0.027200000000000002
0.1008,0.0256
0.1008,0.024
0.1008,0.0224
0.1008,0.020800000000000003
0.1008,0.019200000000000002
0.1008,0.0176
0.1008,0.016
0.1008,0.014400000000000001
0.1008,0.0128
0.1008,0.0112
0.1008,0.009600000000000001
0.1008,0.008
0.1008,0.0064
0.1008,0.0048000000000000004
0.1008,0.0032
0.1008,0.0016
0.1008,0.
0.,0.08
0.0016,0.08
0.0032,0.08
0.0048000000000000004,0.08
0.0064,0.08
0.008,0.08
0.009600000000000001,0.08
0.0112,0.08
0.0128,0.08
0.014400000000000001,0.08
0.016,0.08
0.0176,0.08
0.019200000000000002,0.08
0.020800000000000003,0.08
0.0224,0.08
0.024,0.08
0.0256,0.08
0.027200000000000002,0.08
0.028800000000000003,0.08
0.0304,0.08
0.032,0.08
0.033600000000000005,0.08
0.0352,0.08
0.0368,0.08
0.038400000000000004,0.08
0.04,0.08
0.041600000000000005,0.08
0.0432,0.08
0.0448,0.08
0.046400000000000004,0.08
0.048,0.08
0.049600000000000005,0.08
0.0512,0.08
0.0528,0.08
0.054400000000000004,0.08
0.056,0.08
0.057600000000000005,0.08
0.0592,0.08
0.0608,0.08
0.062400000000000004,0.08
0.064,0.08
0.0656,0.08
0.06720000000000001,0.08
0.0688,0.08
0.0704,0.08
0.07200000000000001,0.08
0.0736,0.08
0.0752,0.08
0.07680000000000001,0.08
0.0784,0.08
0.08,0.08
0.0816,0.08
0.08320000000000001,0.08
0.0848,0.08
0.0864,0.08
0.08800000000000001,0.08
0.0896,0.08
0.0912,0.08
0.09280000000000001,0.08
0.0944,0.08
0.096,0.08
0.0976,0.08
0.09920000000000001,0.08
0.1008,0.08
0.1024,0.08
0.1024,0.0784
0.1024,0.07680000000000001
0.1024,0.0752
0.1024,0.0736
0.1024,0.07200000000000001
0.1024,0.0704
0.1024,0.0688
0.1024,0.06720000000000001
0.1024,0.0656
0.1024,0.064
0.1024,0.062400000000000004
0.1024,0.0608
0.1024,0.0592
0.1024,0.057600000000000005
0.1024,0.056
0.1024,0.054400000000000004
0.1024,0.0528
0.1024,0.0512
0.1024,0.049600000000000005
0.1024,0.048
0.1024,0.046400000000000004
0.1024,0.0448
0.1024,0.0432
0.1024,0.041600000000000005
0.1024,0.04
0.1024,0.038400000000000004
0.1024,0.0368
0.1024,0.0352
0.1024,0.033600000000000005
0.1024,0.032
0.1024,0.0304
0.1024,0.028800000000000003
0.1024,0.027200000000000002
0.1024,0.0256
0.1024,0.024
0.1024,0.0224
0.1024,0.020800000000000003
0.1024,0.019200000000000002
0.1024,0.0176
0.1024,0.016
0.1024,0.014400000000000001
0.1024,0.0128
0.1024,0.0112
0.1024,0.009600000000000001
0.1024,0.008
0.1024,0.0064
0.1024,0.0048000000000000004
0.1024,0.0032
0.1024,0.0016
0.1024,0.
0.,0.0816
0.0016,0.0816
0.0032,0.0816
0.0048000000000000004,0.0816
0.0064,0.0816
0.008,0.0816
0.009600000000000001,0.0816
0.0112,0.0816
0.0128,0.0816
0.014400000000000001,0.0816
0.016,0.0816
0.0176,0.0816
0.019200000000000002,0.0816
0.020800000000000003,0.0816
0.0224,0.0816
0.024,0.0816
0.0256,0.0816
0.027200000000000002,0.0816
0.028800000000000003,0.0816
0.0304,0.0816
0.032,0.0816
0.033600000000000005,0.0816
0.0352,0.0816
0.0368,0.0816
0.038400000000000004,0.0816
0.04,0.0816
0.041600000000000005,0.0816
0.0432,0.0816
0.0448,0.0816
0.046400000000000004,0.0816
0.048,0.0816
0.049600000000000005,0.0816
0.0512,0.0816
0.0528,0.0816
0.054400000000000004,0.0816
0.056,0.0816
0.057600000000000005,0.0816
0.0592,0.0816
0.0608,0.0816
0.062400000000000004,0.0816
0.064,0.0816
0.0656,0.0816
0.06720000000000001,0.0816
0.0688,0.0816
0.0704,0.0816
0.07200000000000001,0.0816
0.0736,0.0816
0.0752,0.0816
0.07680000000000001,0.0816
0.0784,0.0816
0.08,0.0816
0.0816,0.0816
0.08320000000000001,0.0816
0.0848,0.0816
0.0864,0.0816
0.08800000000000001,0.0816
0.0896,0.0816
0.0912,0.0816
0.09280000000000001,0.0816
0.0944,0.0816
0.096,0.0816
0.0976,0.0816
0.09920000000000001,0.0816
0.1008,0.0816
0.1024,0.0816
0.10400000000000001,0.0816
0.10400000000000001,0.08
0.10400000000000001,0.0784
0.10400000000000001,0.07680000000000001
0.10400000000000001,0.0752
0.10400000000000001,0.0736
0.10400000000000001,0.07200000000000001
0.10400000000000001,0.0704
0.10400000000000001,0.0688
0.10400000000000001,0.06720000000000001
0.10400000000000001,0.0656
0.10400000000000001,0.064
0.10400000000000001,0.062400000000000004
0.10400000000000001,0.0608
0.10400000000000001,0.0592
0.10400000000000001,0.057600000000000005
0.10400000000000001,0.056
0.10400000000000001,0.054400000000000004
0.10400000000000001,0.0528
0.10400000000000001,0.0512
0.10400000000000001,0.049600000000000005
0.10400000000000001,0.048
0.10400000000000001,0.046400000000000004
0.10400000000000001,0.0448
0.10400000000000001,0.0432
0.10400000000000001,0.041600000000000005
0.10400000000000001,0.04
0.10400000000000001,0.038400000000000004
0.10400000000000001,0.0368
0.10400000000000001,0.0352
0.10400000000000001,0.033600000000000005
0.10400000000000001,0.032
0.10400000000000001,0.0304
0.10400000000000001,0.028800000000000003
0.10400000000000001,0.027200000000000002
0.10400000000000001,0.0256
0.10400000000000001,0.024
0.10400000000000001,0.0224
0.10400000000000001,0.020800000000000003
0.10400000000000001,0.019200000000000002
0.10400000000000001,0.0176
0.10400000000000001,0.016
0.10400000000000001,0.014400000000000001
0.10400000000000001,0.0128
0.10400000000000001,0.0112
0.10400000000000001,0.009600000000000001
0.10400000000000001,0.008
0.10400000000000001,0.0064
0.10400000000000001,0.0048000000000000004
0.10400000000000001,0.0032
0.10400000000000001,0.0016
0.10400000000000001,0.
0.,0.08320000000000001
0.0016,0.08320000000000001
0.0032,0.08320000000000001
0.0048000000000000004,0.08320000000000001
0.0064,0.08320000000000001
0.008,0.08320000000000001
0.009600000000000001,0.08320000000000001
0.0112,0.08320000000000001
0.0128,0.08320000000000001
0.014400000000000001,0.08320000000000001
0.016,0.08320000000000001
0.0176,0.08320000000000001
0.019200000000000002,0.08320000000000001
0.020800000000000003,0.08320000000000001
0.0224,0.08320000000000001
0.024,0.08320000000000001
0.0256,0.08320000000000001
0.027200000000000002,0.08320000000000001
0.028800000000000003,0.08320000000000001
0.0304,0.08320000000000001
0.032,0.08320000000000001
0.033600000000000005,0.08320000000000001
0.0352,0.08320000000000001
0.0368,0.08320000000000001
0.038400000000000004,0.08320000000000001
0.04,0.08320000000000001
0.041600000000000005,0.08320000000000001
0.0432,0.08320000000000001
0.0448,0.08320000000000001
0.046400000000000004,0.08320000000000001
0.048,0.08320000000000001
0.049600000000000005,0.08320000000000001
0.0512,0.08320000000000001
0.0528,0.08320000000000001
0.054400000000000004,0.08320000000000001
0.056,0.08320000000000001
0.057600000000000005,0.08320000000000001
0.0592,0.08320000000000001
0.0608,0.08320000000000001
0.062400000000000004,0.08320000000000001
0.064,0.08320000000000001
0.0656,0.08320000000000001
0.06720000000000001,0.08320000000000001
0.0688,0.08320000000000001
0.0704,0.08320000000000001
0.07200000000000001,0.08320000000000001
0.0736,0.08320000000000001
0.0752,0.08320000000000001
0.07680000000000001,0.08320000000000001
0.0784,0.08320000000000001
0.08,0.08320000000000001
0.0816,0.08320000000000001
0.08320000000000001,0.08320000000000001
0.0848,0.08320000000000001
0.0864,0.08320000000000001
0.08800000000000001,0.08320000000000001
0.0896,0.08320000000000001
0.0912,0.08320000000000001
0.09280000000000001,0.08320000000000001
0.0944,0.08320000000000001
0.096,0.08320000000000001
0.0976,0.08320000000000001
0.09920000000000001,0.08320000000000001
0.1008,0.08320000000000001
0.1024,0.08320000000000001
0.10400000000000001,0.08320000000000001
0.1056,0.08320000000000001
0.1056,0.0816
0.1056,0.08
0.1056,0.0784
0.1056,0.07680000000000001
0.1056,0.0752
0.1056,0.0736
0.1056,0.07200000000000001
0.1056,0.0704
0.1056,0.0688
0.1056,0.06720000000000001
0.1056,0.0656
0.1056,0.064
0.1056,0.062400000000000004
0.1056,0.0608
0.1056,0.0592
0.1056,0.057600000000000005
0.1056,0.056
0.1056,0.054400000000000004
0.1056,0.0528
0.1056,0.0512
0.1056,0.049600000000000005
0.1056,0.048
0.1056,0.046400000000000004
0.1056,0.0448
0.1056,0.0432
0.1056,0.041600000000000005
0.1056,0.04
0.1056,0.038400000000000004
0.1056,0.0368
0.1056,0.0352
0.1056,0.033600000000000005
0.1056,0.032
0.1056,0.0304
0.1056,0.028800000000000003
0.1056,0.027200000000000002
0.1056,0.0256
0.1056,0.024
0.1056,0.0224
0.1056,0.020800000000000003
0.1056,0.019200000000000002
0.1056,0.0176
0.1056,0.016
0.1056,0.014400000000000001
0.1056,0.0128
0.1056,0.0112
0.1056,0.009600000000000001
0.1056,0.008
0.1056,0.0064
0.1056,0.0048000000000000004
0.1056,0.0032
0.1056,0.0016
0.1056,0.
0.,0.08480000000000001
0.0016,0.08480000000000001
0.0032,0.08480000000000001
0.0048000000000000004,0.08480000000000001
0.0064,0.08480000000000001
0.008,0.08480000000000001
0.009600000000000001,0.08480000000000001
0.0112,0.08480000000000001
0.0128,0.08480000000000001
0.014400000000000001,0.08480000000000001
0.016,0.08480000000000001
0.0176,0.08480000000000001
0.019200000000000002,0.08480000000000001
0.020800000000000003,0.08480000000000001
0.0224,0.08480000000000001
0.024,0.08480000000000001
0.0256,0.08480000000000001
0.027200000000000002,0.08480000000000001
0.028800000000000003,0.08480000000000001
0.0304,0.08480000000000001
0.032,0.08480000000000001
0.033600000000000005,0.08480000000000001
0.0352,0.08480000000000001
0.0368,0.08480000000000001
0.038400000000000004,0.08480000000000001
0.04,0.08480000000000001
0.041600000000000005,0.08480000000000001
0.0432,0.08480000000000001
0.0448,0.08480000000000001
0.046400000000000004,0.08480000000000001
0.048,0.08480000000000001
0.049600000000000005,0.08480000000000001
0.0512,0.08480000000000001
0.0528,0.08480000000000001
0.054400000000000004,0.08480000000000001
0.056,0.08480000000000001
0.057600000000000005,0.08480000000000001
0.0592,0.08480000000000001
0.0608,0.08480000000000001
0.062400000000000004,0.08480000000000001
0.064,0.08480000000000001
0.0656,0.08480000000000001
0.06720000000000001,0.08480000000000001
0.0688,0.08480000000000001
0.0704,0.08480000000000001
0.07200000000000001,0.08480000000000001
0.0736,0.08480000000000001
0.0752,0.08480000000000001
0.07680000000000001,0.08480000000000001
0.0784,0.08480000000000001
0.08,0.08480000000000001
0.0816,0.08480000000000001
0.08320000000000001,0.08480000000000001
0.0848,0.08480000000000001
0.0864,0.08480000000000001
0.08800000000000001,0.08480000000000001
0.0896,0.08480000000000001
0.0912,0.08480000000000001
0.09280000000000001,0.08480000000000001
0.0944,0.08480000000000001
0.096,0.08480000000000001
0.0976,0.08480000000000001
0.09920000000000001,0.08480000000000001
0.1008,0.08480000000000001
0.1024,0.08480000000000001
0.10400000000000001,0.08480000000000001
0.1056,0.08480000000000001
0.1072,0.08480000000000001
0.1072,0.08320000000000001
0.1072,0.0816
0.1072,0.08
0.1072,0.0784
0.1072,0.07680000000000001
0.1072,0.0752
0.1072,0.0736
0.1072,0.07200000000000001
0.1072,0.0704
0.1072,0.0688
0.1072,0.06720000000000001
0.1072,0.0656
0.1072,0.064
0.1072,0.062400000000000004
0.1072,0.0608
0.1072,0.0592
0.1072,0.057600000000000005
0.1072,0.056
0.1072,0.054400000000000004
0.1072,0.0528
0.1072,0.0512
0.1072,0.049600000000000005
0.1072,0.048
0.1072,0.046400000000000004
0.1072,0.0448
0.1072,0.0432
0.1072,0.041600000000000005
0.1072,0.04
0.1072,0.038400000000000004
0.1072,0.0368
0.1072,0.0352
0.1072,0.033600000000000005
0.1072,0.032
0.1072,0.0304
0.1072,0.028800000000000003
0.1072,0.027200000000000002
0.1072,0.0256
0.1072,0.024
0.1072,0.0224
0.1072,0.020800000000000003
0.1072,0.019200000000000002
0.1072,0.0176
0.1072,0.016
0.1072,0.014400000000000001
0.1072,0.0128
0.1072,0.0112
0.1072,0.009600000000000001
0.1072,0.008
0.1072,0.0064
0.1072,0.0048000000000000004
0.1072,0.0032
0.1072,0.0016
0.1072,0.
0.,0.08640000000000002
0.0016,0.08640000000000002
0.0032,0.08640000000000002
0.0048000000000000004,0.08640000000000002
0.0064,0.08640000000000002
0.008,0.08640000000000002
0.009600000000000001,0.08640000000000002
0.0112,0.08640000000000002
0.0128,0.08640000000000002
0.014400000000000001,0.08640000000000002
0.016,0.08640000000000002
0.0176,0.08640000000000002
0.019200000000000002,0.08640000000000002
0.020800000000000003,0.08640000000000002
0.0224,0.08640000000000002
0.024,0.08640000000000002
0.0256,0.08640000000000002
0.027200000000000002,0.08640000000000002
0.028800000000000003,0.08640000000000002
0.0304,0.08640000000000002
0.032,0.08640000000000002
0.033600000000000005,0.08640000000000002
0.0352,0.08640000000000002
0.0368,0.08640000000000002
0.038400000000000004,0.08640000000000002
0.04,0.08640000000000002
0.041600000000000005,0.08640000000000002
0.0432,0.08640000000000002
0.0448,0.08640000000000002
0.046400000000000004,0.08640000000000002
0.048,0.08640000000000002
0.049600000000000005,0.08640000000000002
0.0512,0.08640000000000002
0.0528,0.08640000000000002
0.054400000000000004,0.08640000000000002
0.056,0.08640000000000002
0.057600000000000005,0.08640000000000002
0.0592,0.08640000000000002
0.0608,0.08640000000000002
0.062400000000000004,0.08640000000000002
0.064,0.08640000000000002
0.0656,0.08640000000000002
0.06720000000000001,0.08640000000000002
0.0688,0.08640000000000002
0.0704,0.08640000000000002
0.07200000000000001,0.08640000000000002
0.0736,0.08640000000000002
0.0752,0.08640000000000002
0.07680000000000001,0.08640000000000002
0.0784,0.08640000000000002
0.08,0.08640000000000002
0.0816,0.08640000000000002
0.08320000000000001,0.08640000000000002
0.0848,0.08640000000000002
0.0864,0.08640000000000002
0.08800000000000001,0.08640000000000002
0.0896,0.08640000000000002
0.0912,0.08640000000000002
0.09280000000000001,0.08640000000000002
0.0944,0.08640000000000002
0.096,0.08640000000000002
0.0976,0.08640000000000002
0.09920000000000001,0.08640000000000002
0.1008,0.08640000000000002
0.1024,0.08640000000000002
0.10400000000000001,0.08640000000000002
0.1056,0.08640000000000002
0.1072,0.08640000000000002
0.10880000000000001,0.08640000000000002
0.10880000000000001,0.0848
0.10880000000000001,0.08320000000000001
0.10880000000000001,0.0816
0.10880000000000001,0.08
0.10880000000000001,0.0784
0.10880000000000001,0.07680000000000001
0.10880000000000001,0.0752
0.10880000000000001,0.0736
0.10880000000000001,0.07200000000000001
0.10880000000000001,0.0704
0.10880000000000001,0.0688
0.10880000000000001,0.06720000000000001
0.10880000000000001,0.0656
0.10880000000000001,0.064
0.10880000000000001,0.062400000000000004
0.10880000000000001,0.0608
0.10880000000000001,0.0592
0.10880000000000001,0.057600000000000005
0.10880000000000001,0.056
0.10880000000000001,0.054400000000000004
0.10880000000000001,0.0528
0.10880000000000001,0.0512
0.10880000000000001,0.049600000000000005
0.10880000000000001,0.048
0.10880000000000001,0.046400000000000004
0.10880000000000001,0.0448
0.10880000000000001,0.0432
0.10880000000000001,0.041600000000000005
0.10880000000000001,0.04
0.10880000000000001,0.038400000000000004
0.10880000000000001,0.0368
0.10880000000000001,0.0352
0.10880000000000001,0.033600000000000005
0.10880000000000001,0.032
0.10880000000000001,0.0304
0.10880000000000001,0.028800000000000003
0.10880000000000001,0.027200000000000002
0.10880000000000001,0.0256
0.10880000000000001,0.024
0.10880000000000001,0.0224
0.10880000000000001,0.020800000000000003
0.10880000000000001,0.019200000000000002
0.10880000000000001,0.0176
0.10880000000000001,0.016
0.10880000000000001,0.014400000000000001
0.10880000000000001,0.0128
0.10880000000000001,0.0112
0.10880000000000001,0.009600000000000001
0.10880000000000001,0.008
0.10880000000000001,0.0064
0.10880000000000001,0.0048000000000000004
0.10880000000000001,0.0032
0.10880000000000001,0.0016
0.10880000000000001,0.
0.,0.08800000000000002
0.0016,0.08800000000000002
0.0032,0.08800000000000002
0.0048000000000000004,0.08800000000000002
0.0064,0.08800000000000002
0.008,0.08800000000000002
0.009600000000000001,0.08800000000000002
0.0112,0.08800000000000002
0.0128,0.08800000000000002
0.014400000000000001,0.08800000000000002
0.016,0.08800000000000002
0.0176,0.08800000000000002
0.019200000000000002,0.08800000000000002
0.020800000000000003,0.08800000000000002
0.0224,0.08800000000000002
0.024,0.08800000000000002
0.0256,0.08800000000000002
0.027200000000000002,0.08800000000000002
0.028800000000000003,0.08800000000000002
0.0304,0.08800000000000002
0.032,0.08800000000000002
0.033600000000000005,0.08800000000000002
0.0352,0.08800000000000002
0.0368,0.08800000000000002
0.038400000000000004,0.08800000000000002
0.04,0.08800000000000002
0.041600000000000005,0.08800000000000002
0.0432,0.08800000000000002
0.0448,0.08800000000000002
0.046400000000000004,0.08800000000000002
0.048,0.08800000000000002
0.049600000000000005,0.08800000000000002
0.0512,0.08800000000000002
0.0528,0.08800000000000002
0.054400000000000004,0.08800000000000002
0.056,0.08800000000000002
0.057600000000000005,0.08800000000000002
0.0592,0.08800000000000002
0.0608,0.08800000000000002
0.062400000000000004,0.08800000000000002
0.064,0.08800000000000002
0.0656,0.08800000000000002
0.06720000000000001,0.08800000000000002
0.0688,0.08800000000000002
0.0704,0.08800000000000002
0.07200000000000001,0.08800000000000002
0.0736,0.08800000000000002
0.0752,0.08800000000000002
0.07680000000000001,0.08800000000000002
0.0784,0.08800000000000002
0.08,0.08800000000000002
0.0816,0.08800000000000002
0.08320000000000001,0.08800000000000002
0.0848,0.08800000000000002
0.0864,0.08800000000000002
0.08800000000000001,0.08800000000000002
0.0896,0.08800000000000002
0.0912,0.08800000000000002
0.09280000000000001,0.08800000000000002
0.0944,0.08800000000000002
0.096,0.08800000000000002
0.0976,0.08800000000000002
0.09920000000000001,0.08800000000000002
0.1008,0.08800000000000002
0.1024,0.08800000000000002
0.10400000000000001,0.08800000000000002
0.1056,0.08800000000000002
0.1072,0.08800000000000002
0.10880000000000001,0.08800000000000002
0.11040000000000001,0.08800000000000002
0.11040000000000001,0.0864
0.11040000000000001,0.0848
0.11040000000000001,0.08320000000000001
0.11040000000000001,0.0816
0.11040000000000001,0.08
0.11040000000000001,0.0784
0.11040000000000001,0.07680000000000001
0.11040000000000001,0.0752
0.11040000000000001,0.0736
0.11040000000000001,0.07200000000000001
0.11040000000000001,0.0704
0.11040000000000001,0.0688
0.11040000000000001,0.06720000000000001
0.11040000000000001,0.0656
0.11040000000000001,0.064
0.11040000000000001,0.062400000000000004
0.11040000000000001,0.0608
0.11040000000000001,0.0592
0.11040000000000001,0.057600000000000005
0.11040000000000001,0.056
0.11040000000000001,0.054400000000000004
0.11040000000000001,0.0528
0.11040000000000001,0.0512
0.11040000000000001,0.049600000000000005
0.11040000000000001,0.048
0.11040000000000001,0.046400000000000004
0.11040000000000001,0.0448
0.11040000000000001,0.0432
0.11040000000000001,0.041600000000000005
0.11040000000000001,0.04
0.11040000000000001,0.038400000000000004
0.11040000000000001,0.0368
0.11040000000000001,0.0352
0.11040000000000001,0.033600000000000005
0.11040000000000001,0.032
0.11040000000000001,0.0304
0.11040000000000001,0.028800000000000003
0.11040000000000001,0.027200000000000002
0.11040000000000001,0.0256
0.11040000000000001,0.024
0.11040000000000001,0.0224
0.11040000000000001,0.020800000000000003
0.11040000000000001,0.019200000000000002
0.11040000000000001,0.0176
0.11040000000000001,0.016
0.11040000000000001,0.014400000000000001
0.11040000000000001,0.0128
0.11040000000000001,0.0112
0.11040000000000001,0.009600000000000001
0.11040000000000001,0.008
0.11040000000000001,0.0064
0.11040000000000001,0.0048000000000000004
0.11040000000000001,0.0032
0.11040000000000001,0.0016
0.11040000000000001,0.
0.,0.08960000000000003
0.0016,0.08960000000000003
0.0032,0.08960000000000003
0.0048000000000000004,0.08960000000000003
0.0064,0.08960000000000003
0.008,0.08960000000000003
0.009600000000000001,0.08960000000000003
0.0112,0.08960000000000003
0.0128,0.08960000000000003
0.014400000000000001,0.08960000000000003
0.016,0.08960000000000003
0.0176,0.08960000000000003
0.019200000000000002,0.08960000000000003
0.020800000000000003,0.08960000000000003
0.0224,0.08960000000000003
0.024,0.08960000000000003
0.0256,0.08960000000000003
0.027200000000000002,0.08960000000000003
0.028800000000000003,0.08960000000000003
0.0304,0.08960000000000003
0.032,0.08960000000000003
0.033600000000000005,0.08960000000000003
0.0352,0.08960000000000003
0.0368,0.08960000000000003
0.038400000000000004,0.08960000000000003
0.04,0.08960000000000003
0.041600000000000005,0.08960000000000003
0.0432,0.08960000000000003
0.0448,0.08960000000000003
0.046400000000000004,0.08960000000000003
0.048,0.08960000000000003
0.049600000000000005,0.08960000000000003
0.0512,0.08960000000000003
0.0528,0.08960000000000003
0.054400000000000004,0.08960000000000003
0.056,0.08960000000000003
0.057600000000000005,0.08960000000000003
0.0592,0.08960000000000003
0.0608,0.08960000000000003
0.062400000000000004,0.08960000000000003
0.064,0.08960000000000003
0.0656,0.08960000000000003
0.06720000000000001,0.08960000000000003
0.0688,0.08960000000000003
0.0704,0.08960000000000003
0.07200000000000001,0.08960000000000003
0.0736,0.08960000000000003
0.0752,0.08960000000000003
0.07680000000000001,0.08960000000000003
0.0784,0.08960000000000003
0.08,0.08960000000000003
0.0816,0.08960000000000003
0.08320000000000001,0.08960000000000003
0.0848,0.08960000000000003
0.0864,0.08960000000000003
0.08800000000000001,0.08960000000000003
0.0896,0.08960000000000003
0.0912,0.08960000000000003
0.09280000000000001,0.08960000000000003
0.0944,0.08960000000000003
0.096,0.08960000000000003
0.0976,0.08960000000000003
0.09920000000000001,0.08960000000000003
0.1008,0.08960000000000003
0.1024,0.08960000000000003
0.10400000000000001,0.08960000000000003
0.1056,0.08960000000000003
0.1072,0.08960000000000003
0.10880000000000001,0.08960000000000003
0.11040000000000001,0.08960000000000003
0.112,0.08960000000000003
0.112,0.08800000000000001
0.112,0.0864
0.112,0.0848
0.112,0.08320000000000001
0.112,0.0816
0.112,0.08
0.112,0.0784
0.112,0.07680000000000001
0.112,0.0752
0.112,0.0736
0.112,0.07200000000000001
0.112,0.0704
0.112,0.0688
0.112,0.06720000000000001
0.112,0.0656
0.112,0.064
0.112,0.062400000000000004
0.112,0.0608
0.112,0.0592
0.112,0.057600000000000005
0.112,0.056
0.112,0.054400000000000004
0.112,0.0528
0.112,0.0512
0.112,0.049600000000000005
0.112,0.048
0.112,0.046400000000000004
0.112,0.0448
0.112,0.0432
0.112,0.041600000000000005
0.112,0.04
0.112,0.038400000000000004
0.112,0.0368
0.112,0.0352
0.112,0.033600000000000005
0.112,0.032
0.112,0.0304
0.112,0.028800000000000003
0.112,0.027200000000000002
0.112,0.0256
0.112,0.024
0.112,0.0224
0.112,0.020800000000000003
0.112,0.019200000000000002
0.112,0.0176
0.112,0.016
0.112,0.014400000000000001
0.112,0.0128
0.112,0.0112
0.112,0.009600000000000001
0.112,0.008
0.112,0.0064
0.112,0.0048000000000000004
0.112,0.0032
0.112,0.0016
0.112,0.
0.,0.09120000000000003
0.0016,0.09120000000000003
0.0032,0.09120000000000003
0.0048000000000000004,0.09120000000000003
0.0064,0.09120000000000003
0.008,0.09120000000000003
0.009600000000000001,0.09120000000000003
0.0112,0.09120000000000003
0.0128,0.09120000000000003
0.014400000000000001,0.09120000000000003
0.016,0.09120000000000003
0.0176,0.09120000000000003
0.019200000000000002,0.09120000000000003
0.020800000000000003,0.09120000000000003
0.0224,0.09120000000000003
0.024,0.09120000000000003
0.0256,0.09120000000000003
0.027200000000000002,0.09120000000000003
0.028800000000000003,0.09120000000000003
0.0304,0.09120000000000003
0.032,0.09120000000000003
0.033600000000000005,0.09120000000000003
0.0352,0.09120000000000003
0.0368,0.09120000000000003
0.038400000000000004,0.09120000000000003
0.04,0.09120000000000003
0.041600000000000005,0.09120000000000003
0.0432,0.09120000000000003
0.0448,0.09120000000000003
0.046400000000000004,0.09120000000000003
0.048,0.09120000000000003
0.049600000000000005,0.09120000000000003
0.0512,0.09120000000000003
0.0528,0.09120000000000003
0.054400000000000004,0.09120000000000003
0.056,0.09120000000000003
0.057600000000000005,0.09120000000000003
0.0592,0.09120000000000003
0.0608,0.09120000000000003
0.062400000000000004,0.09120000000000003
0.064,0.09120000000000003
0.0656,0.09120000000000003
0.06720000000000001,0.09120000000000003
0.0688,0.09120000000000003
0.0704,0.09120000000000003
0.07200000000000001,0.09120000000000003
0.0736,0.09120000000000003
0.0752,0.09120000000000003
0.07680000000000001,0.09120000000000003
0.0784,0.09120000000000003
0.08,0.09120000000000003
0.0816,0.09120000000000003
0.08320000000000001,0.09120000000000003
0.0848,0.09120000000000003
0.0864,0.09120000000000003
0.08800000000000001,0.09120000000000003
0.0896,0.09120000000000003
0.0912,0.09120000000000003
0.09280000000000001,0.09120000000000003
0.0944,0.09120000000000003
0.096,0.09120000000000003
0.0976,0.09120000000000003
0.09920000000000001,0.09120000000000003
0.1008,0.09120000000000003
0.1024,0.09120000000000003
0.10400000000000001,0.09120000000000003
0.1056,0.09120000000000003
0.1072,0.09120000000000003
0.10880000000000001,0.09120000000000003
0.11040000000000001,0.09120000000000003
0.112,0.09120000000000003
0.1136,0.09120000000000003
0.1136,0.0896
0.1136,0.08800000000000001
0.1136,0.0864
0.1136,0.0848
0.1136,0.08320000000000001
0.1136,0.0816
0.1136,0.08
0.1136,0.0784
0.1136,0.07680000000000001
0.1136,0.0752
0.1136,0.0736
0.1136,0.07200000000000001
0.1136,0.0704
0.1136,0.0688
0.1136,0.06720000000000001
0.1136,0.0656
0.1136,0.064
0.1136,0.062400000000000004
0.1136,0.0608
0.1136,0.0592
0.1136,0.057600000000000005
0.1136,0.056
0.1136,0.054400000000000004
0.1136,0.0528
0.1136,0.0512
0.1136,0.049600000000000005
0.1136,0.048
0.1136,0.046400000000000004
0.1136,0.0448
0.1136,0.0432
0.1136,0.041600000000000005
0.1136,0.04
0.1136,0.038400000000000004
0.1136,0.0368
0.1136,0.0352
0.1136,0.033600000000000005
0.1136,0.032
0.1136,0.0304
0.1136,0.028800000000000003
0.1136,0.027200000000000002
0.1136,0.0256
0.1136,0.024
0.1136,0.0224
0.1136,0.020800000000000003
0.1136,0.019200000000000002
0.1136,0.0176
0.1136,0.016
0.1136,0.014400000000000001
0.1136,0.0128
0.1136,0.0112
0.1136,0.009600000000000001
0.1136,0.008
0.1136,0.0064
0.1136,0.0048000000000000004
0.1136,0.0032
0.1136,0.0016
0.1136,0.
0.,0.09280000000000004
0.0016,0.09280000000000004
0.0032,0.09280000000000004
0.0048000000000000004,0.09280000000000004
0.0064,0.09280000000000004
0.008,0.09280000000000004
0.009600000000000001,0.09280000000000004
0.0112,0.09280000000000004
0.0128,0.09280000000000004
0.014400000000000001,0.09280000000000004
0.016,0.09280000000000004
0.0176,0.09280000000000004
0.019200000000000002,0.09280000000000004
0.020800000000000003,0.09280000000000004
0.0224,0.09280000000000004
0.024,0.09280000000000004
0.0256,0.09280000000000004
0.027200000000000002,0.09280000000000004
0.028800000000000003,0.09280000000000004
0.0304,0.09280000000000004
0.032,0.09280000000000004
0.033600000000000005,0.09280000000000004
0.0352,0.09280000000000004
0.0368,0.09280000000000004
0.038400000000000004,0.09280000000000004
0.04,0.09280000000000004
0.041600000000000005,0.09280000000000004
0.0432,0.09280000000000004
0.0448,0.09280000000000004
0.046400000000000004,0.09280000000000004
0.048,0.09280000000000004
0.049600000000000005,0.09280000000000004
0.0512,0.09280000000000004
0.0528,0.09280000000000004
0.054400000000000004,0.09280000000000004
0.056,0.09280000000000004
0.057600000000000005,0.09280000000000004
0.0592,0.09280000000000004
0.0608,0.09280000000000004
0.062400000000000004,0.09280000000000004
0.064,0.09280000000000004
0.0656,0.09280000000000004
0.06720000000000001,0.09280000000000004
0.0688,0.09280000000000004
0.0704,0.09280000000000004
0.07200000000000001,0.09280000000000004
0.0736,0.09280000000000004
0.0752,0.09280000000000004
0.07680000000000001,0.09280000000000004
0.0784,0.09280000000000004
0.08,0.09280000000000004
0.0816,0.09280000000000004
0.08320000000000001,0.09280000000000004
0.0848,0.09280000000000004
0.0864,0.09280000000000004
0.08800000000000001,0.09280000000000004
0.0896,0.09280000000000004
0.0912,0.09280000000000004
0.09280000000000001,0.09280000000000004
0.0944,0.09280000000000004
0.096,0.09280000000000004
0.0976,0.09280000000000004
0.09920000000000001,0.09280000000000004
0.1008,0.09280000000000004
0.1024,0.09280000000000004
0.10400000000000001,0.09280000000000004
0.1056,0.09280000000000004
0.1072,0.09280000000000004
0.10880000000000001,0.09280000000000004
0.11040000000000001,0.09280000000000004
0.112,0.09280000000000004
0.1136,0.09280000000000004
0.11520000000000001,0.09280000000000004
0.11520000000000001,0.0912
0.11520000000000001,0.0896
0.11520000000000001,0.08800000000000001
0.11520000000000001,0.0864
0.11520000000000001,0.0848
0.11520000000000001,0.08320000000000001
0.11520000000000001,0.0816
0.11520000000000001,0.08
0.11520000000000001,0.0784
0.11520000000000001,0.07680000000000001
0.11520000000000001,0.0752
0.11520000000000001,0.0736
0.11520000000000001,0.07200000000000001
0.11520000000000001,0.0704
0.11520000000000001,0.0688
0.11520000000000001,0.06720000000000001
0.11520000000000001,0.0656
0.11520000000000001,0.064
0.11520000000000001,0.062400000000000004
0.11520000000000001,0.0608
0.11520000000000001,0.0592
0.11520000000000001,0.057600000000000005
0.11520000000000001,0.056
0.11520000000000001,0.054400000000000004
0.11520000000000001,0.0528
0.11520000000000001,0.0512
0.11520000000000001,0.049600000000000005
0.11520000000000001,0.048
0.11520000000000001,0.046400000000000004
0.11520000000000001,0.0448
0.11520000000000001,0.0432
0.11520000000000001,0.041600000000000005
0.11520000000000001,0.04
0.11520000000000001,0.038400000000000004
0.11520000000000001,0.0368
0.11520000000000001,0.0352
0.11520000000000001,0.033600000000000005
0.11520000000000001,0.032
0.11520000000000001,0.0304
0.11520000000000001,0.028800000000000003
0.11520000000000001,0.027200000000000002
0.11520000000000001,0.0256
0.11520000000000001,0.024
0.11520000000000001,0.0224
0.11520000000000001,0.020800000000000003
0.11520000000000001,0.019200000000000002
0.11520000000000001,0.0176
0.11520000000000001,0.016
0.11520000000000001,0.014400000000000001
0.11520000000000001,0.0128
0.11520000000000001,0.0112
0.11520000000000001,0.009600000000000001
0.11520000000000001,0.008
0.11520000000000001,0.0064
0.11520000000000001,0.0048000000000000004
0.11520000000000001,0.0032
0.11520000000000001,0.0016
0.11520000000000001,0.
0.,0.09440000000000004
0.0016,0.09440000000000004
0.0032,0.09440000000000004
0.0048000000000000004,0.09440000000000004
0.0064,0.09440000000000004
0.008,0.09440000000000004
0.009600000000000001,0.09440000000000004
0.0112,0.09440000000000004
0.0128,0.09440000000000004
0.014400000000000001,0.09440000000000004
0.016,0.09440000000000004
0.0176,0.09440000000000004
0.019200000000000002,0.09440000000000004
0.020800000000000003,0.09440000000000004
0.0224,0.09440000000000004
0.024,0.09440000000000004
0.0256,0.09440000000000004
0.027200000000000002,0.09440000000000004
0.028800000000000003,0.09440000000000004
0.0304,0.09440000000000004
0.032,0.09440000000000004
0.033600000000000005,0.09440000000000004
0.0352,0.09440000000000004
0.0368,0.09440000000000004
0.038400000000000004,0.09440000000000004
0.04,0.09440000000000004
0.041600000000000005,0.09440000000000004
0.0432,0.09440000000000004
0.0448,0.09440000000000004
0.046400000000000004,0.09440000000000004
0.048,0.09440000000000004
0.049600000000000005,0.09440000000000004
0.0512,0.09440000000000004
0.0528,0.09440000000000004
0.054400000000000004,0.09440000000000004
0.056,0.09440000000000004
0.057600000000000005,0.09440000000000004
0.0592,0.09440000000000004
0.0608,0.09440000000000004
0.062400000000000004,0.09440000000000004
0.064,0.09440000000000004
0.0656,0.09440000000000004
0.06720000000000001,0.09440000000000004
0.0688,0.09440000000000004
0.0704,0.09440000000000004
0.07200000000000001,0.09440000000000004
0.0736,0.09440000000000004
0.0752,0.09440000000000004
0.07680000000000001,0.09440000000000004
0.0784,0.09440000000000004
0.08,0.09440000000000004
0.0816,0.09440000000000004
0.08320000000000001,0.09440000000000004
0.0848,0.09440000000000004
0.0864,0.09440000000000004
0.08800000000000001,0.09440000000000004
0.0896,0.09440000000000004
0.0912,0.09440000000000004
0.09280000000000001,0.09440000000000004
0.0944,0.09440000000000004
0.096,0.09440000000000004
0.0976,0.09440000000000004
0.09920000000000001,0.09440000000000004
0.1008,0.09440000000000004
0.1024,0.09440000000000004
0.10400000000000001,0.09440000000000004
0.1056,0.09440000000000004
0.1072,0.09440000000000004
0.10880000000000001,0.09440000000000004
0.11040000000000001,0.09440000000000004
0.112,0.09440000000000004
0.1136,0.09440000000000004
0.11520000000000001,0.09440000000000004
0.1168,0.09440000000000004
0.1168,0.09280000000000001
0.1168,0.0912
0.1168,0.0896
0.1168,0.08800000000000001
0.1168,0.0864
0.1168,0.0848
0.1168,0.08320000000000001
0.1168,0.0816
0.1168,0.08
0.1168,0.0784
0.1168,0.07680000000000001
0.1168,0.0752
0.1168,0.0736
0.1168,0.07200000000000001
0.1168,0.0704
0.1168,0.0688
0.1168,0.06720000000000001
0.1168,0.0656
0.1168,0.064
0.1168,0.062400000000000004
0.1168,0.0608
0.1168,0.0592
0.1168,0.057600000000000005
0.1168,0.056
0.1168,0.054400000000000004
0.1168,0.0528
0.1168,0.0512
0.1168,0.049600000000000005
0.1168,0.048
0.1168,0.046400000000000004
0.1168,0.0448
0.1168,0.0432
0.1168,0.041600000000000005
0.1168,0.04
0.1168,0.038400000000000004
0.1168,0.0368
0.1168,0.0352
0.1168,0.033600000000000005
0.1168,0.032
0.1168,0.0304
0.1168,0.028800000000000003
0.1168,0.027200000000000002
0.1168,0.0256
0.1168,0.024
0.1168,0.0224
0.1168,0.020800000000000003
0.1168,0.019200000000000002
0.1168,0.0176
0.1168,0.016
0.1168,0.014400000000000001
0.1168,0.0128
0.1168,0.0112
0.1168,0.009600000000000001
0.1168,0.008
0.1168,0.0064
0.1168,0.0048000000000000004
0.1168,0.0032
0.1168,0.0016
0.1168,0.
0.,0.09600000000000004
0.0016,0.09600000000000004
0.0032,0.09600000000000004
0.0048000000000000004,0.09600000000000004
0.0064,0.09600000000000004
0.008,0.09600000000000004
0.009600000000000001,0.09600000000000004
0.0112,0.09600000000000004
0.0128,0.09600000000000004
0.014400000000000001,0.09600000000000004
0.016,0.09600000000000004
0.0176,0.09600000000000004
0.019200000000000002,0.09600000000000004
0.020800000000000003,0.09600000000000004
0.0224,0.09600000000000004
0.024,0.09600000000000004
0.0256,0.09600000000000004
0.027200000000000002,0.09600000000000004
0.028800000000000003,0.09600000000000004
0.0304,0.09600000000000004
0.032,0.09600000000000004
0.033600000000000005,0.09600000000000004
0.0352,0.09600000000000004
0.0368,0.09600000000000004
0.038400000000000004,0.09600000000000004
0.04,0.09600000000000004
0.041600000000000005,0.09600000000000004
0.0432,0.09600000000000004
0.0448,0.09600000000000004
0.046400000000000004,0.09600000000000004
0.048,0.09600000000000004
0.049600000000000005,0.09600000000000004
0.0512,0.09600000000000004
0.0528,0.09600000000000004
0.054400000000000004,0.09600000000000004
0.056,0.09600000000000004
0.057600000000000005,0.09600000000000004
0.0592,0.09600000000000004
0.0608,0.09600000000000004
0.062400000000000004,0.09600000000000004
0.064,0.09600000000000004
0.0656,0.09600000000000004
0.06720000000000001,0.09600000000000004
0.0688,0.09600000000000004
0.0704,0.09600000000000004
0.07200000000000001,0.09600000000000004
0.0736,0.09600000000000004
0.0752,0.09600000000000004
0.07680000000000001,0.09600000000000004
0.0784,0.09600000000000004
0.08,0.09600000000000004
0.0816,0.09600000000000004
0.08320000000000001,0.09600000000000004
0.0848,0.09600000000000004
0.0864,0.09600000000000004
0.08800000000000001,0.09600000000000004
0.0896,0.09600000000000004
0.0912,0.09600000000000004
0.09280000000000001,0.09600000000000004
0.0944,0.09600000000000004
0.096,0.09600000000000004
0.0976,0.09600000000000004
0.09920000000000001,0.09600000000000004
0.1008,0.09600000000000004
0.1024,0.09600000000000004
0.10400000000000001,0.09600000000000004
0.1056,0.09600000000000004
0.1072,0.09600000000000004
0.10880000000000001,0.09600000000000004
0.11040000000000001,0.09600000000000004
0.112,0.09600000000000004
0.1136,0.09600000000000004
0.11520000000000001,0.09600000000000004
0.1168,0.09600000000000004
0.1184,0.09600000000000004
0.1184,0.0944
0.1184,0.09280000000000001
0.1184,0.0912
0.1184,0.0896
0.1184,0.08800000000000001
0.1184,0.0864
0.1184,0.0848
0.1184,0.08320000000000001
0.1184,0.0816
0.1184,0.08
0.1184,0.0784
0.1184,0.07680000000000001
0.1184,0.0752
0.1184,0.0736
0.1184,0.07200000000000001
0.1184,0.0704
0.1184,0.0688
0.1184,0.06720000000000001
0.1184,0.0656
0.1184,0.064
0.1184,0.062400000000000004
0.1184,0.0608
0.1184,0.0592
0.1184,0.057600000000000005
0.1184,0.056
0.1184,0.054400000000000004
0.1184,0.0528
0.1184,0.0512
0.1184,0.049600000000000005
0.1184,0.048
0.1184,0.046400000000000004
0.1184,0.0448
0.1184,0.0432
0.1184,0.041600000000000005
0.1184,0.04
0.1184,0.038400000000000004
0.1184,0.0368
0.1184,0.0352
0.1184,0.033600000000000005
0.1184,0.032
0.1184,0.0304
0.1184,0.028800000000000003
0.1184,0.027200000000000002
0.1184,0.0256
0.1184,0.024
0.1184,0.0224
0.1184,0.020800000000000003
0.1184,0.019200000000000002
0.1184,0.0176
0.1184,0.016
0.1184,0.014400000000000001
0.1184,0.0128
0.1184,0.0112
0.1184,0.009600000000000001
0.1184,0.008
0.1184,0.0064
0.1184,0.0048000000000000004
0.1184,0.0032
0.1184,0.0016
0.1184,0.
0.,0.09760000000000005
0.0016,0.09760000000000005
0.0032,0.09760000000000005
0.0048000000000000004,0.09760000000000005
0.0064,0.09760000000000005
0.008,0.09760000000000005
0.009600000000000001,0.09760000000000005
0.0112,0.09760000000000005
0.0128,0.09760000000000005
0.014400000000000001,0.09760000000000005
0.016,0.09760000000000005
0.0176,0.09760000000000005
0.019200000000000002,0.09760000000000005
0.020800000000000003,0.09760000000000005
0.0224,0.09760000000000005
0.024,0.09760000000000005
0.0256,0.09760000000000005
0.027200000000000002,0.09760000000000005
0.028800000000000003,0.09760000000000005
0.0304,0.09760000000000005
0.032,0.09760000000000005
0.033600000000000005,0.09760000000000005
0.0352,0.09760000000000005
0.0368,0.09760000000000005
0.038400000000000004,0.09760000000000005
0.04,0.09760000000000005
0.041600000000000005,0.09760000000000005
0.0432,0.09760000000000005
0.0448,0.09760000000000005
0.046400000000000004,0.09760000000000005
0.048,0.09760000000000005
0.049600000000000005,0.09760000000000005
0.0512,0.09760000000000005
0.0528,0.09760000000000005
0.054400000000000004,0.09760000000000005
0.056,0.09760000000000005
0.057600000000000005,0.09760000000000005
0.0592,0.09760000000000005
0.0608,0.09760000000000005
0.062400000000000004,0.09760000000000005
0.064,0.09760000000000005
0.0656,0.09760000000000005
0.06720000000000001,0.09760000000000005
0.0688,0.09760000000000005
0.0704,0.09760000000000005
0.07200000000000001,0.09760000000000005
0.0736,0.09760000000000005
0.0752,0.09760000000000005
0.07680000000000001,0.09760000000000005
0.0784,0.09760000000000005
0.08,0.09760000000000005
0.0816,0.09760000000000005
0.08320000000000001,0.09760000000000005
0.0848,0.09760000000000005
0.0864,0.09760000000000005
0.08800000000000001,0.09760000000000005
0.0896,0.09760000000000005
0.0912,0.09760000000000005
0.09280000000000001,0.09760000000000005
0.0944,0.09760000000000005
0.096,0.09760000000000005
0.0976,0.09760000000000005
0.09920000000000001,0.09760000000000005
0.1008,0.09760000000000005
0.1024,0.09760000000000005
0.10400000000000001,0.09760000000000005
0.1056,0.09760000000000005
0.1072,0.09760000000000005
0.10880000000000001,0.09760000000000005
0.11040000000000001,0.09760000000000005
0.112,0.09760000000000005
0.1136,0.09760000000000005
0.11520000000000001,0.09760000000000005
0.1168,0.09760000000000005
0.1184,0.09760000000000005
0.12000000000000001,0.09760000000000005
0.12000000000000001,0.096
0.12000000000000001,0.0944
0.12000000000000001,0.09280000000000001
0.12000000000000001,0.0912
0.12000000000000001,0.0896
0.12000000000000001,0.08800000000000001
0.12000000000000001,0.0864
0.12000000000000001,0.0848
0.12000000000000001,0.08320000000000001
0.12000000000000001,0.0816
0.12000000000000001,0.08
0.12000000000000001,0.0784
0.12000000000000001,0.07680000000000001
0.12000000000000001,0.0752
0.12000000000000001,0.0736
0.12000000000000001,0.07200000000000001
0.12000000000000001,0.0704
0.12000000000000001,0.0688
0.12000000000000001,0.06720000000000001
0.12000000000000001,0.0656
0.12000000000000001,0.064
0.12000000000000001,0.062400000000000004
0.12000000000000001,0.0608
0.12000000000000001,0.0592
0.12000000000000001,0.057600000000000005
0.12000000000000001,0.056
0.12000000000000001,0.054400000000000004
0.12000000000000001,0.0528
0.12000000000000001,0.0512
0.12000000000000001,0.049600000000000005
0.12000000000000001,0.048
0.12000000000000001,0.046400000000000004
0.12000000000000001,0.0448
0.12000000000000001,0.0432
0.12000000000000001,0.041600000000000005
0.12000000000000001,0.04
0.12000000000000001,0.038400000000000004
0.12000000000000001,0.0368
0.12000000000000001,0.0352
0.12000000000000001,0.033600000000000005
0.12000000000000001,0.032
0.12000000000000001,0.0304
0.12000000000000001,0.028800000000000003
0.12000000000000001,0.027200000000000002
0.12000000000000001,0.0256
0.12000000000000001,0.024
0.12000000000000001,0.0224
0.12000000000000001,0.020800000000000003
0.12000000000000001,0.019200000000000002
0.12000000000000001,0.0176
0.12000000000000001,0.016
0.12000000000000001,0.014400000000000001
0.12000000000000001,0.0128
0.12000000000000001,0.0112
0.12000000000000001,0.009600000000000001
0.12000000000000001,0.008
0.12000000000000001,0.0064
0.12000000000000001,0.0048000000000000004
0.12000000000000001,0.0032
0.12000000000000001,0.0016
0.12000000000000001,0.
0.,0.09920000000000005
0.0016,0.09920000000000005
0.0032,0.09920000000000005
0.0048000000000000004,0.09920000000000005
0.0064,0.09920000000000005
0.008,0.09920000000000005
0.009600000000000001,0.09920000000000005
0.0112,0.09920000000000005
0.0128,0.09920000000000005
0.014400000000000001,0.09920000000000005
0.016,0.09920000000000005
0.0176,0.09920000000000005
0.019200000000000002,0.09920000000000005
0.020800000000000003,0.09920000000000005
0.0224,0.09920000000000005
0.024,0.09920000000000005
0.0256,0.09920000000000005
0.027200000000000002,0.09920000000000005
0.028800000000000003,0.09920000000000005
0.0304,0.09920000000000005
0.032,0.09920000000000005
0.033600000000000005,0.09920000000000005
0.0352,0.09920000000000005
0.0368,0.09920000000000005
0.038400000000000004,0.09920000000000005
0.04,0.09920000000000005
0.041600000000000005,0.09920000000000005
0.0432,0.09920000000000005
0.0448,0.09920000000000005
0.046400000000000004,0.09920000000000005
0.048,0.09920000000000005
0.049600000000000005,0.09920000000000005
0.0512,0.09920000000000005
0.0528,0.09920000000000005
0.054400000000000004,0.09920000000000005
0.056,0.09920000000000005
0.057600000000000005,0.09920000000000005
0.0592,0.09920000000000005
0.0608,0.09920000000000005
0.062400000000000004,0.09920000000000005
0.064,0.09920000000000005
0.0656,0.09920000000000005
0.06720000000000001,0.09920000000000005
0.0688,0.09920000000000005
0.0704,0.09920000000000005
0.07200000000000001,0.09920000000000005
0.0736,0.09920000000000005
0.0752,0.09920000000000005
0.07680000000000001,0.09920000000000005
0.0784,0.09920000000000005
0.08,0.09920000000000005
0.0816,0.09920000000000005
0.08320000000000001,0.09920000000000005
0.0848,0.09920000000000005
0.0864,0.09920000000000005
0.08800000000000001,0.09920000000000005
0.0896,0.09920000000000005
0.0912,0.09920000000000005
0.09280000000000001,0.09920000000000005
0.0944,0.09920000000000005
0.096,0.09920000000000005
0.0976,0.09920000000000005
0.09920000000000001,0.09920000000000005
0.1008,0.09920000000000005
0.1024,0.09920000000000005
0.10400000000000001,0.09920000000000005
0.1056,0.09920000000000005
0.1072,0.09920000000000005
0.10880000000000001,0.09920000000000005
0.11040000000000001,0.09920000000000005
0.112,0.09920000000000005
0.1136,0.09920000000000005
0.11520000000000001,0.09920000000000005
0.1168,0.09920000000000005
0.1184,0.09920000000000005
0.12000000000000001,0.09920000000000005
0.1216,0.09920000000000005
0.1216,0.0976
0.1216,0.096
0.1216,0.0944
0.1216,0.09280000000000001
0.1216,0.0912
0.1216,0.0896
0.1216,0.08800000000000001
0.1216,0.0864
0.1216,0.0848
0.1216,0.08320000000000001
0.1216,0.0816
0.1216,0.08
0.1216,0.0784
0.1216,0.07680000000000001
0.1216,0.0752
0.1216,0.0736
0.1216,0.07200000000000001
0.1216,0.0704
0.1216,0.0688
0.1216,0.06720000000000001
0.1216,0.0656
0.1216,0.064
0.1216,0.062400000000000004
0.1216,0.0608
0.1216,0.0592
0.1216,0.057600000000000005
0.1216,0.056
0.1216,0.054400000000000004
0.1216,0.0528
0.1216,0.0512
0.1216,0.049600000000000005
0.1216,0.048
0.1216,0.046400000000000004
0.1216,0.0448
0.1216,0.0432
0.1216,0.041600000000000005
0.1216,0.04
0.1216,0.038400000000000004
0.1216,0.0368
0.1216,0.0352
0.1216,0.033600000000000005
0.1216,0.032
0.1216,0.0304
0.1216,0.028800000000000003
0.1216,0.027200000000000002
0.1216,0.0256
0.1216,0.024
0.1216,0.0224
0.1216,0.020800000000000003
0.1216,0.019200000000000002
0.1216,0.0176
0.1216,0.016
0.1216,0.014400000000000001
0.1216,0.0128
0.1216,0.0112
0.1216,0.009600000000000001
0.1216,0.008
0.1216,0.0064
0.1216,0.0048000000000000004
0.1216,0.0032
0.1216,0.0016
0.1216,0.
0.,0.10080000000000006
0.0016,0.10080000000000006
0.0032,0.10080000000000006
0.0048000000000000004,0.10080000000000006
0.0064,0.10080000000000006
0.008,0.10080000000000006
0.009600000000000001,0.10080000000000006
0.0112,0.10080000000000006
0.0128,0.10080000000000006
0.014400000000000001,0.10080000000000006
0.016,0.10080000000000006
0.0176,0.10080000000000006
0.019200000000000002,0.10080000000000006
0.020800000000000003,0.10080000000000006
0.0224,0.10080000000000006
0.024,0.10080000000000006
0.0256,0.10080000000000006
0.027200000000000002,0.10080000000000006
0.028800000000000003,0.10080000000000006
0.0304,0.10080000000000006
0.032,0.10080000000000006
0.033600000000000005,0.10080000000000006
0.0352,0.10080000000000006
0.0368,0.10080000000000006
0.038400000000000004,0.10080000000000006
0.04,0.10080000000000006
0.041600000000000005,0.10080000000000006
0.0432,0.10080000000000006
0.0448,0.10080000000000006
0.046400000000000004,0.10080000000000006
0.048,0.10080000000000006
0.049600000000000005,0.10080000000000006
0.0512,0.10080000000000006
0.0528,0.10080000000000006
0.054400000000000004,0.10080000000000006
0.056,0.10080000000000006
0.057600000000000005,0.10080000000000006
0.0592,0.10080000000000006
0.0608,0.10080000000000006
0.062400000000000004,0.10080000000000006
0.064,0.10080000000000006
0.0656,0.10080000000000006
0.06720000000000001,0.10080000000000006
0.0688,0.10080000000000006
0.0704,0.10080000000000006
0.07200000000000001,0.10080000000000006
0.0736,0.10080000000000006
0.0752,0.10080000000000006
0.07680000000000001,0.10080000000000006
0.0784,0.10080000000000006
0.08,0.10080000000000006
0.0816,0.10080000000000006
0.08320000000000001,0.10080000000000006
0.0848,0.10080000000000006
0.0864,0.10080000000000006
0.08800000000000001,0.10080000000000006
0.0896,0.10080000000000006
0.0912,0.10080000000000006
0.09280000000000001,0.10080000000000006
0.0944,0.10080000000000006
0.096,0.10080000000000006
0.0976,0.10080000000000006
0.09920000000000001,0.10080000000000006
0.1008,0.10080000000000006
0.1024,0.10080000000000006
0.10400000000000001,0.10080000000000006
0.1056,0.10080000000000006
0.1072,0.10080000000000006
0.10880000000000001,0.10080000000000006
0.11040000000000001,0.10080000000000006
0.112,0.10080000000000006
0.1136,0.10080000000000006
0.11520000000000001,0.10080000000000006
0.1168,0.10080000000000006
0.1184,0.10080000000000006
0.12000000000000001,0.10080000000000006
0.1216,0.10080000000000006
0.1232,0.10080000000000006
0.1232,0.09920000000000001
0.1232,0.0976
0.1232,0.096
0.1232,0.0944
0.1232,0.09280000000000001
0.1232,0.0912
0.1232,0.0896
0.1232,0.08800000000000001
0.1232,0.0864
0.1232,0.0848
0.1232,0.08320000000000001
0.1232,0.0816
0.1232,0.08
0.1232,0.0784
0.1232,0.07680000000000001
0.1232,0.0752
0.1232,0.0736
0.1232,0.07200000000000001
0.1232,0.0704
0.1232,0.0688
0.1232,0.06720000000000001
0.1232,0.0656
0.1232,0.064
0.1232,0.062400000000000004
0.1232,0.0608
0.1232,0.0592
0.1232,0.057600000000000005
0.1232,0.056
0.1232,0.054400000000000004
0.1232,0.0528
0.1232,0.0512
0.1232,0.049600000000000005
0.1232,0.048
0.1232,0.046400000000000004
0.1232,0.0448
0.1232,0.0432
0.1232,0.041600000000000005
0.1232,0.04
0.1232,0.038400000000000004
0.1232,0.0368
0.1232,0.0352
0.1232,0.033600000000000005
0.1232,0.032
0.1232,0.0304
0.1232,0.028800000000000003
0.1232,0.027200000000000002
0.1232,0.0256
0.1232,0.024
0.1232,0.0224
0.1232,0.020800000000000003
0.1232,0.019200000000000002
0.1232,0.0176
0.1232,0.016
0.1232,0.014400000000000001
0.1232,0.0128
0.1232,0.0112
0.1232,0.009600000000000001
0.1232,0.008
0.1232,0.0064
0.1232,0.0048000000000000004
0.1232,0.0032
0.1232,0.0016
0.1232,0.
0.,0.10240000000000006
0.0016,0.10240000000000006
0.0032,0.10240000000000006
0.0048000000000000004,0.10240000000000006
0.0064,0.10240000000000006
0.008,0.10240000000000006
0.009600000000000001,0.10240000000000006
0.0112,0.10240000000000006
0.0128,0.10240000000000006
0.014400000000000001,0.10240000000000006
0.016,0.10240000000000006
0.0176,0.10240000000000006
0.019200000000000002,0.10240000000000006
0.020800000000000003,0.10240000000000006
0.0224,0.10240000000000006
0.024,0.10240000000000006
0.0256,0.10240000000000006
0.027200000000000002,0.10240000000000006
0.028800000000000003,0.10240000000000006
0.0304,0.10240000000000006
0.032,0.10240000000000006
0.033600000000000005,0.10240000000000006
0.0352,0.10240000000000006
0.0368,0.10240000000000006
0.038400000000000004,0.10240000000000006
0.04,0.10240000000000006
0.041600000000000005,0.10240000000000006
0.0432,0.10240000000000006
0.0448,0.10240000000000006
0.046400000000000004,0.10240000000000006
0.048,0.10240000000000006
0.049600000000000005,0.10240000000000006
0.0512,0.10240000000000006
0.0528,0.10240000000000006
0.054400000000000004,0.10240000000000006
0.056,0.10240000000000006
0.057600000000000005,0.10240000000000006
0.0592,0.10240000000000006
0.0608,0.10240000000000006
0.062400000000000004,0.10240000000000006
0.064,0.10240000000000006
0.0656,0.10240000000000006
0.06720000000000001,0.10240000000000006
0.0688,0.10240000000000006
0.0704,0.10240000000000006
0.07200000000000001,0.10240000000000006
0.0736,0.10240000000000006
0.0752,0.10240000000000006
0.07680000000000001,0.10240000000000006
0.0784,0.10240000000000006
0.08,0.10240000000000006
0.0816,0.10240000000000006
0.08320000000000001,0.10240000000000006
0.0848,0.10240000000000006
0.0864,0.10240000000000006
0.08800000000000001,0.10240000000000006
0.0896,0.10240000000000006
0.0912,0.10240000000000006
0.09280000000000001,0.10240000000000006
0.0944,0.10240000000000006
0.096,0.10240000000000006
0.0976,0.10240000000000006
0.09920000000000001,0.10240000000000006
0.1008,0.10240000000000006
0.1024,0.10240000000000006
0.10400000000000001,0.10240000000000006
0.1056,0.10240000000000006
0.1072,0.10240000000000006
0.10880000000000001,0.10240000000000006
0.11040000000000001,0.10240000000000006
0.112,0.10240000000000006
0.1136,0.10240000000000006
0.11520000000000001,0.10240000000000006
0.1168,0.10240000000000006
0.1184,0.10240000000000006
0.12000000000000001,0.10240000000000006
0.1216,0.10240000000000006
0.1232,0.10240000000000006
0.12480000000000001,0.10240000000000006
0.12480000000000001,0.1008
0.12480000000000001,0.09920000000000001
0.12480000000000001,0.0976
0.12480000000000001,0.096
0.12480000000000001,0.0944
0.12480000000000001,0.09280000000000001
0.12480000000000001,0.0912
0.12480000000000001,0.0896
0.12480000000000001,0.08800000000000001
0.12480000000000001,0.0864
0.12480000000000001,0.0848
0.12480000000000001,0.08320000000000001
0.12480000000000001,0.0816
0.12480000000000001,0.08
0.12480000000000001,0.0784
0.12480000000000001,0.07680000000000001
0.12480000000000001,0.0752
0.12480000000000001,0.0736
0.12480000000000001,0.07200000000000001
0.12480000000000001,0.0704
0.12480000000000001,0.0688
0.12480000000000001,0.06720000000000001
0.12480000000000001,0.0656
0.12480000000000001,0.064
0.12480000000000001,0.062400000000000004
0.12480000000000001,0.0608
0.12480000000000001,0.0592
0.12480000000000001,0.057600000000000005
0.12480000000000001,0.056
0.12480000000000001,0.054400000000000004
0.12480000000000001,0.0528
0.12480000000000001,0.0512
0.12480000000000001,0.049600000000000005
0.12480000000000001,0.048
0.12480000000000001,0.046400000000000004
0.12480000000000001,0.0448
0.12480000000000001,0.0432
0.12480000000000001,0.041600000000000005
0.12480000000000001,0.04
0.12480000000000001,0.038400000000000004
0.12480000000000001,0.0368
0.12480000000000001,0.0352
0.12480000000000001,0.033600000000000005
0.12480000000000001,0.032
0.12480000000000001,0.0304
0.12480000000000001,0.028800000000000003
0.12480000000000001,0.027200000000000002
0.12480000000000001,0.0256
0.12480000000000001,0.024
0.12480000000000001,0.0224
0.12480000000000001,0.020800000000000003
0.12480000000000001,0.019200000000000002
0.12480000000000001,0.0176
0.12480000000000001,0.016
0.12480000000000001,0.014400000000000001
0.12480000000000001,0.0128
0.12480000000000001,0.0112
0.12480000000000001,0.009600000000000001
0.12480000000000001,0.008
0.12480000000000001,0.0064
0.12480000000000001,0.0048000000000000004
0.12480000000000001,0.0032
0.12480000000000001,0.0016
0.12480000000000001,0.
0.,0.10400000000000006
0.0016,0.10400000000000006
0.0032,0.10400000000000006
0.0048000000000000004,0.10400000000000006
0.0064,0.10400000000000006
0.008,0.10400000000000006
0.009600000000000001,0.10400000000000006
0.0112,0.10400000000000006
0.0128,0.10400000000000006
0.014400000000000001,0.10400000000000006
0.016,0.10400000000000006
0.0176,0.10400000000000006
0.019200000000000002,0.10400000000000006
0.020800000000000003,0.10400000000000006
0.0224,0.10400000000000006
0.024,0.10400000000000006
0.0256,0.10400000000000006
0.027200000000000002,0.10400000000000006
0.028800000000000003,0.10400000000000006
0.0304,0.10400000000000006
0.032,0.10400000000000006
0.033600000000000005,0.10400000000000006
0.0352,0.10400000000000006
0.0368,0.10400000000000006
0.038400000000000004,0.10400000000000006
0.04,0.10400000000000006
0.041600000000000005,0.10400000000000006
0.0432,0.10400000000000006
0.0448,0.10400000000000006
0.046400000000000004,0.10400000000000006
0.048,0.10400000000000006
0.049600000000000005,0.10400000000000006
0.0512,0.10400000000000006
0.0528,0.10400000000000006
0.054400000000000004,0.10400000000000006
0.056,0.10400000000000006
0.057600000000000005,0.10400000000000006
0.0592,0.10400000000000006
0.0608,0.10400000000000006
0.062400000000000004,0.10400000000000006
0.064,0.10400000000000006
0.0656,0.10400000000000006
0.06720000000000001,0.10400000000000006
0.0688,0.10400000000000006
0.0704,0.10400000000000006
0.07200000000000001,0.10400000000000006
0.0736,0.10400000000000006
0.0752,0.10400000000000006
0.07680000000000001,0.10400000000000006
0.0784,0.10400000000000006
0.08,0.10400000000000006
0.0816,0.10400000000000006
0.08320000000000001,0.10400000000000006
0.0848,0.10400000000000006
0.0864,0.10400000000000006
0.08800000000000001,0.10400000000000006
0.0896,0.10400000000000006
0.0912,0.10400000000000006
0.09280000000000001,0.10400000000000006
0.0944,0.10400000000000006
0.096,0.10400000000000006
0.0976,0.10400000000000006
0.09920000000000001,0.10400000000000006
0.1008,0.10400000000000006
0.1024,0.10400000000000006
0.10400000000000001,0.10400000000000006
0.1056,0.10400000000000006
0.1072,0.10400000000000006
0.10880000000000001,0.10400000000000006
0.11040000000000001,0.10400000000000006
0.112,0.10400000000000006
0.1136,0.10400000000000006
0.11520000000000001,0.10400000000000006
0.1168,0.10400000000000006
0.1184,0.10400000000000006
0.12000000000000001,0.10400000000000006
0.1216,0.10400000000000006
0.1232,0.10400000000000006
0.12480000000000001,0.10400000000000006
0.1264,0.10400000000000006
0.1264,0.1024
0.1264,0.1008
0.1264,0.09920000000000001
0.1264,0.0976
0.1264,0.096
0.1264,0.0944
0.1264,0.09280000000000001
0.1264,0.0912
0.1264,0.0896
0.1264,0.08800000000000001
0.1264,0.0864
0.1264,0.0848
0.1264,0.08320000000000001
0.1264,0.0816
0.1264,0.08
0.1264,0.0784
0.1264,0.07680000000000001
0.1264,0.0752
0.1264,0.0736
0.1264,0.07200000000000001
0.1264,0.0704
0.1264,0.0688
0.1264,0.06720000000000001
0.1264,0.0656
0.1264,0.064
0.1264,0.062400000000000004
0.1264,0.0608
0.1264,0.0592
0.1264,0.057600000000000005
0.1264,0.056
0.1264,0.054400000000000004
0.1264,0.0528
0.1264,0.0512
0.1264,0.049600000000000005
0.1264,0.048
0.1264,0.046400000000000004
0.1264,0.0448
0.1264,0.0432
0.1264,0.041600000000000005
0.1264,0.04
0.1264,0.038400000000000004
0.1264,0.0368
0.1264,0.0352
0.1264,0.033600000000000005
0.1264,0.032
0.1264,0.0304
0.1264,0.028800000000000003
0.1264,0.027200000000000002
0.1264,0.0256
0.1264,0.024
0.1264,0.0224
0.1264,0.020800000000000003
0.1264,0.019200000000000002
0.1264,0.0176
0.1264,0.016
0.1264,0.014400000000000001
0.1264,0.0128
0.1264,0.0112
0.1264,0.009600000000000001
0.1264,0.008
0.1264,0.0064
0.1264,0.0048000000000000004
0.1264,0.0032
0.1264,0.0016
0.1264,0.
0.,0.10560000000000007
0.0016,0.10560000000000007
0.0032,0.10560000000000007
0.0048000000000000004,0.10560000000000007
0.0064,0.10560000000000007
0.008,0.10560000000000007
0.009600000000000001,0.10560000000000007
0.0112,0.10560000000000007
0.0128,0.10560000000000007
0.014400000000000001,0.10560000000000007
0.016,0.10560000000000007
0.0176,0.10560000000000007
0.019200000000000002,0.10560000000000007
0.020800000000000003,0.10560000000000007
0.0224,0.10560000000000007
0.024,0.10560000000000007
0.0256,0.10560000000000007
0.027200000000000002,0.10560000000000007
0.028800000000000003,0.10560000000000007
0.0304,0.10560000000000007
0.032,0.10560000000000007
0.033600000000000005,0.10560000000000007
0.0352,0.10560000000000007
0.0368,0.10560000000000007
0.038400000000000004,0.10560000000000007
0.04,0.10560000000000007
0.041600000000000005,0.10560000000000007
0.0432,0.10560000000000007
0.0448,0.10560000000000007
0.046400000000000004,0.10560000000000007
0.048,0.10560000000000007
0.049600000000000005,0.10560000000000007
0.0512,0.10560000000000007
0.0528,0.10560000000000007
0.054400000000000004,0.10560000000000007
0.056,0.10560000000000007
0.057600000000000005,0.10560000000000007
0.0592,0.10560000000000007
0.0608,0.10560000000000007
0.062400000000000004,0.10560000000000007
0.064,0.10560000000000007
0.0656,0.10560000000000007
0.06720000000000001,0.10560000000000007
0.0688,0.10560000000000007
0.0704,0.10560000000000007
0.07200000000000001,0.10560000000000007
0.0736,0.10560000000000007
0.0752,0.10560000000000007
0.07680000000000001,0.10560000000000007
0.0784,0.10560000000000007
0.08,0.10560000000000007
0.0816,0.10560000000000007
0.08320000000000001,0.10560000000000007
0.0848,0.10560000000000007
0.0864,0.10560000000000007
0.08800000000000001,0.10560000000000007
0.0896,0.10560000000000007
0.0912,0.10560000000000007
0.09280000000000001,0.10560000000000007
0.0944,0.10560000000000007
0.096,0.10560000000000007
0.0976,0.10560000000000007
0.09920000000000001,0.10560000000000007
0.1008,0.10560000000000007
0.1024,0.10560000000000007
0.10400000000000001,0.10560000000000007
0.1056,0.10560000000000007
0.1072,0.10560000000000007
0.10880000000000001,0.10560000000000007
0.11040000000000001,0.10560000000000007
0.112,0.10560000000000007
0.1136,0.10560000000000007
0.11520000000000001,0.10560000000000007
0.1168,0.10560000000000007
0.1184,0.10560000000000007
0.12000000000000001,0.10560000000000007
0.1216,0.10560000000000007
0.1232,0.10560000000000007
0.12480000000000001,0.10560000000000007
0.1264,0.10560000000000007
0.128,0.10560000000000007
0.128,0.10400000000000001
0.128,0.1024
0.128,0.1008
0.128,0.09920000000000001
0.128,0.0976
0.128,0.096
0.128,0.0944
0.128,0.09280000000000001
0.128,0.0912
0.128,0.0896
0.128,0.08800000000000001
0.128,0.0864
0.128,0.0848
0.128,0.08320000000000001
0.128,0.0816
0.128,0.08
0.128,0.0784
0.128,0.07680000000000001
0.128,0.0752
0.128,0.0736
0.128,0.07200000000000001
0.128,0.0704
0.128,0.0688
0.128,0.06720000000000001
0.128,0.0656
0.128,0.064
0.128,0.062400000000000004
0.128,0.0608
0.128,0.0592
0.128,0.057600000000000005
0.128,0.056
0.128,0.054400000000000004
0.128,0.0528
0.128,0.0512
0.128,0.049600000000000005
0.128,0.048
0.128,0.046400000000000004
0.128,0.0448
0.128,0.0432
0.128,0.041600000000000005
0.128,0.04
0.128,0.038400000000000004
0.128,0.0368
0.128,0.0352
0.128,0.033600000000000005
0.128,0.032
0.128,0.0304
0.128,0.028800000000000003
0.128,0.027200000000000002
0.128,0.0256
0.128,0.024
0.128,0.0224
0.128,0.020800000000000003
0.128,0.019200000000000002
0.128,0.0176
0.128,0.016
0.128,0.014400000000000001
0.128,0.0128
0.128,0.0112
0.128,0.009600000000000001
0.128,0.008
0.128,0.0064
0.128,0.0048000000000000004
0.128,0.0032
0.128,0.0016
0.128,0.
0.,0.10720000000000007
0.0016,0.10720000000000007
0.0032,0.10720000000000007
0.0048000000000000004,0.10720000000000007
0.0064,0.10720000000000007
0.008,0.10720000000000007
0.009600000000000001,0.10720000000000007
0.0112,0.10720000000000007
0.0128,0.10720000000000007
0.014400000000000001,0.10720000000000007
0.016,0.10720000000000007
0.0176,0.10720000000000007
0.019200000000000002,0.10720000000000007
0.020800000000000003,0.10720000000000007
0.0224,0.10720000000000007
0.024,0.10720000000000007
0.0256,0.10720000000000007
0.027200000000000002,0.10720000000000007
0.028800000000000003,0.10720000000000007
0.0304,0.10720000000000007
0.032,0.10720000000000007
0.033600000000000005,0.10720000000000007
0.0352,0.10720000000000007
0.0368,0.10720000000000007
0.038400000000000004,0.10720000000000007
0.04,0.10720000000000007
0.041600000000000005,0.10720000000000007
0.0432,0.10720000000000007
0.0448,0.10720000000000007
0.046400000000000004,0.10720000000000007
0.048,0.10720000000000007
0.049600000000000005,0.10720000000000007
0.0512,0.10720000000000007
0.0528,0.10720000000000007
0.054400000000000004,0.10720000000000007
0.056,0.10720000000000007
0.057600000000000005,0.10720000000000007
0.0592,0.10720000000000007
0.0608,0.10720000000000007
0.062400000000000004,0.10720000000000007
0.064,0.10720000000000007
0.0656,0.10720000000000007
0.06720000000000001,0.10720000000000007
0.0688,0.10720000000000007
0.0704,0.10720000000000007
0.07200000000000001,0.10720000000000007
0.0736,0.10720000000000007
0.0752,0.10720000000000007
0.07680000000000001,0.10720000000000007
0.0784,0.10720000000000007
0.08,0.10720000000000007
0.0816,0.10720000000000007
0.08320000000000001,0.10720000000000007
0.0848,0.10720000000000007
0.0864,0.10720000000000007
0.08800000000000001,0.10720000000000007
0.0896,0.10720000000000007
0.0912,0.10720000000000007
0.09280000000000001,0.10720000000000007
0.0944,0.10720000000000007
0.096,0.10720000000000007
0.0976,0.10720000000000007
0.09920000000000001,0.10720000000000007
0.1008,0.10720000000000007
0.1024,0.10720000000000007
0.10400000000000001,0.10720000000000007
0.1056,0.10720000000000007
0.1072,0.10720000000000007
0.10880000000000001,0.10720000000000007
0.11040000000000001,0.10720000000000007
0.112,0.10720000000000007
0.1136,0.10720000000000007
0.11520000000000001,0.10720000000000007
0.1168,0.10720000000000007
0.1184,0.10720000000000007
0.12000000000000001,0.10720000000000007
0.1216,0.10720000000000007
0.1232,0.10720000000000007
0.12480000000000001,0.10720000000000007
0.1264,0.10720000000000007
0.128,0.10720000000000007
0.1296,0.10720000000000007
0.1296,0.1056
0.1296,0.10400000000000001
0.1296,0.1024
0.1296,0.1008
0.1296,0.09920000000000001
0.1296,0.0976
0.1296,0.096
0.1296,0.0944
0.1296,0.09280000000000001
0.1296,0.0912
0.1296,0.0896
0.1296,0.08800000000000001
0.1296,0.0864
0.1296,0.0848
0.1296,0.08320000000000001
0.1296,0.0816
0.1296,0.08
0.1296,0.0784
0.1296,0.07680000000000001
0.1296,0.0752
0.1296,0.0736
0.1296,0.07200000000000001
0.1296,0.0704
0.1296,0.0688
0.1296,0.06720000000000001
0.1296,0.0656
0.1296,0.064
0.1296,0.062400000000000004
0.1296,0.0608
0.1296,0.0592
0.1296,0.057600000000000005
0.1296,0.056
0.1296,0.054400000000000004
0.1296,0.0528
0.1296,0.0512
0.1296,0.049600000000000005
0.1296,0.048
0.1296,0.046400000000000004
0.1296,0.0448
0.1296,0.0432
0.1296,0.041600000000000005
0.1296,0.04
0.1296,0.038400000000000004
0.1296,0.0368
0.1296,0.0352
0.1296,0.033600000000000005
0.1296,0.032
0.1296,0.0304
0.1296,0.028800000000000003
0.1296,0.027200000000000002
0.1296,0.0256
0.1296,0.024
0.1296,0.0224
0.1296,0.020800000000000003
0.1296,0.019200000000000002
0.1296,0.0176
0.1296,0.016
0.1296,0.014400000000000001
0.1296,0.0128
0.1296,0.0112
0.1296,0.009600000000000001
0.1296,0.008
0.1296,0.0064
0.1296,0.0048000000000000004
0.1296,0.0032
0.1296,0.0016
0.1296,0.
0.,0.10880000000000008
0.0016,0.10880000000000008
0.0032,0.10880000000000008
0.0048000000000000004,0.10880000000000008
0.0064,0.10880000000000008
0.008,0.10880000000000008
0.009600000000000001,0.10880000000000008
0.0112,0.10880000000000008
0.0128,0.10880000000000008
0.014400000000000001,0.10880000000000008
0.016,0.10880000000000008
0.0176,0.10880000000000008
0.019200000000000002,0.10880000000000008
0.020800000000000003,0.10880000000000008
0.0224,0.10880000000000008
0.024,0.10880000000000008
0.0256,0.10880000000000008
0.027200000000000002,0.10880000000000008
0.028800000000000003,0.10880000000000008
0.0304,0.10880000000000008
0.032,0.10880000000000008
0.033600000000000005,0.10880000000000008
0.0352,0.10880000000000008
0.0368,0.10880000000000008
0.038400000000000004,0.10880000000000008
0.04,0.10880000000000008
0.041600000000000005,0.10880000000000008
0.0432,0.10880000000000008
0.0448,0.10880000000000008
0.046400000000000004,0.10880000000000008
0.048,0.10880000000000008
0.049600000000000005,0.10880000000000008
0.0512,0.10880000000000008
0.0528,0.10880000000000008
0.054400000000000004,0.10880000000000008
0.056,0.10880000000000008
0.057600000000000005,0.10880000000000008
0.0592,0.10880000000000008
0.0608,0.10880000000000008
0.062400000000000004,0.10880000000000008
0.064,0.10880000000000008
0.0656,0.10880000000000008
0.06720000000000001,0.10880000000000008
0.0688,0.10880000000000008
0.0704,0.10880000000000008
0.07200000000000001,0.10880000000000008
0.0736,0.10880000000000008
0.0752,0.10880000000000008
0.07680000000000001,0.10880000000000008
0.0784,0.10880000000000008
0.08,0.10880000000000008
0.0816,0.10880000000000008
0.08320000000000001,0.10880000000000008
0.0848,0.10880000000000008
0.0864,0.10880000000000008
0.08800000000000001,0.10880000000000008
0.0896,0.10880000000000008
0.0912,0.10880000000000008
0.09280000000000001,0.10880000000000008
0.0944,0.10880000000000008
0.096,0.10880000000000008
0.0976,0.10880000000000008
0.09920000000000001,0.10880000000000008
0.1008,0.10880000000000008
0.1024,0.10880000000000008
0.10400000000000001,0.10880000000000008
0.1056,0.10880000000000008
0.1072,0.10880000000000008
0.10880000000000001,0.10880000000000008
0.11040000000000001,0.10880000000000008
0.112,0.10880000000000008
0.1136,0.10880000000000008
0.11520000000000001,0.10880000000000008
0.1168,0.10880000000000008
0.1184,0.10880000000000008
0.12000000000000001,0.10880000000000008
0.1216,0.10880000000000008
0.1232,0.10880000000000008
0.12480000000000001,0.10880000000000008
0.1264,0.10880000000000008
0.128,0.10880000000000008
0.1296,0.10880000000000008
0.1312,0.10880000000000008
0.1312,0.1072
0.1312,0.1056
0.1312,0.10400000000000001
0.1312,0.1024
0.1312,0.1008
0.1312,0.09920000000000001
0.1312,0.0976
0.1312,0.096
0.1312,0.0944
0.1312,0.09280000000000001
0.1312,0.0912
0.1312,0.0896
0.1312,0.08800000000000001
0.1312,0.0864
0.1312,0.0848
0.1312,0.08320000000000001
0.1312,0.0816
0.1312,0.08
0.1312,0.0784
0.1312,0.07680000000000001
0.1312,0.0752
0.1312,0.0736
0.1312,0.07200000000000001
0.1312,0.0704
0.1312,0.0688
0.1312,0.06720000000000001
0.1312,0.0656
0.1312,0.064
0.1312,0.062400000000000004
0.1312,0.0608
0.1312,0.0592
0.1312,0.057600000000000005
0.1312,0.056
0.1312,0.054400000000000004
0.1312,0.0528
0.1312,0.0512
0.1312,0.049600000000000005
0.1312,0.048
0.1312,0.046400000000000004
0.1312,0.0448
0.1312,0.0432
0.1312,0.041600000000000005
0.1312,0.04
0.1312,0.038400000000000004
0.1312,0.0368
0.1312,0.0352
0.1312,0.033600000000000005
0.1312,0.032
0.1312,0.0304
0.1312,0.028800000000000003
0.1312,0.027200000000000002
0.1312,0.0256
0.1312,0.024
0.1312,0.0224
0.1312,0.020800000000000003
0.1312,0.019200000000000002
0.1312,0.0176
0.1312,0.016
0.1312,0.014400000000000001
0.1312,0.0128
0.1312,0.0112
0.1312,0.009600000000000001
0.1312,0.008
0.1312,0.0064
0.1312,0.0048000000000000004
0.1312,0.0032
0.1312,0.0016
0.1312,0.
0.,0.11040000000000008
0.0016,0.11040000000000008
0.0032,0.11040000000000008
0.0048000000000000004,0.11040000000000008
0.0064,0.11040000000000008
0.008,0.11040000000000008
0.009600000000000001,0.11040000000000008
0.0112,0.11040000000000008
0.0128,0.11040000000000008
0.014400000000000001,0.11040000000000008
0.016,0.11040000000000008
0.0176,0.11040000000000008
0.019200000000000002,0.11040000000000008
0.020800000000000003,0.11040000000000008
0.0224,0.11040000000000008
0.024,0.11040000000000008
0.0256,0.11040000000000008
0.027200000000000002,0.11040000000000008
0.028800000000000003,0.11040000000000008
0.0304,0.11040000000000008
0.032,0.11040000000000008
0.033600000000000005,0.11040000000000008
0.0352,0.11040000000000008
0.0368,0.11040000000000008
0.038400000000000004,0.11040000000000008
0.04,0.11040000000000008
0.041600000000000005,0.11040000000000008
0.0432,0.11040000000000008
0.0448,0.11040000000000008
0.046400000000000004,0.11040000000000008
0.048,0.11040000000000008
0.049600000000000005,0.11040000000000008
0.0512,0.11040000000000008
0.0528,0.11040000000000008
0.054400000000000004,0.11040000000000008
0.056,0.11040000000000008
0.057600000000000005,0.11040000000000008
0.0592,0.11040000000000008
0.0608,0.11040000000000008
0.062400000000000004,0.11040000000000008
0.064,0.11040000000000008
0.0656,0.11040000000000008
0.06720000000000001,0.11040000000000008
0.0688,0.11040000000000008
0.0704,0.11040000000000008
0.07200000000000001,0.11040000000000008
0.0736,0.11040000000000008
0.0752,0.11040000000000008
0.07680000000000001,0.11040000000000008
0.0784,0.11040000000000008
0.08,0.11040000000000008
0.0816,0.11040000000000008
0.08320000000000001,0.11040000000000008
0.0848,0.11040000000000008
0.0864,0.11040000000000008
0.08800000000000001,0.11040000000000008
0.0896,0.11040000000000008
0.0912,0.11040000000000008
0.09280000000000001,0.11040000000000008
0.0944,0.11040000000000008
0.096,0.11040000000000008
0.0976,0.11040000000000008
0.09920000000000001,0.11040000000000008
0.1008,0.11040000000000008
0.1024,0.11040000000000008
0.10400000000000001,0.11040000000000008
0.1056,0.11040000000000008
0.1072,0.11040000000000008
0.10880000000000001,0.11040000000000008
0.11040000000000001,0.11040000000000008
0.112,0.11040000000000008
0.1136,0.11040000000000008
0.11520000000000001,0.11040000000000008
0.1168,0.11040000000000008
0.1184,0.11040000000000008
0.12000000000000001,0.11040000000000008
0.1216,0.11040000000000008
0.1232,0.11040000000000008
0.12480000000000001,0.11040000000000008
0.1264,0.11040000000000008
0.128,0.11040000000000008
0.1296,0.11040000000000008
0.1312,0.11040000000000008
0.1328,0.11040000000000008
0.1328,0.10880000000000001
0.1328,0.1072
0.1328,0.1056
0.1328,0.10400000000000001
0.1328,0.1024
0.1328,0.1008
0.1328,0.09920000000000001
0.1328,0.0976
0.1328,0.096
0.1328,0.0944
0.1328,0.09280000000000001
0.1328,0.0912
0.1328,0.0896
0.1328,0.08800000000000001
0.1328,0.0864
0.1328,0.0848
0.1328,0.08320000000000001
0.1328,0.0816
0.1328,0.08
0.1328,0.0784
0.1328,0.07680000000000001
0.1328,0.0752
0.1328,0.0736
0.1328,0.07200000000000001
0.1328,0.0704
0.1328,0.0688
0.1328,0.06720000000000001
0.1328,0.0656
0.1328,0.064
0.1328,0.062400000000000004
0.1328,0.0608
0.1328,0.0592
0.1328,0.057600000000000005
0.1328,0.056
0.1328,0.054400000000000004
0.1328,0.0528
0.1328,0.0512
0.1328,0.049600000000000005
0.1328,0.048
0.1328,0.046400000000000004
0.1328,0.0448
0.1328,0.0432
0.1328,0.041600000000000005
0.1328,0.04
0.1328,0.038400000000000004
0.1328,0.0368
0.1328,0.0352
0.1328,0.033600000000000005
0.1328,0.032
0.1328,0.0304
0.1328,0.028800000000000003
0.1328,0.027200000000000002
0.1328,0.0256
0.1328,0.024
0.1328,0.0224
0.1328,0.020800000000000003
0.1328,0.019200000000000002
0.1328,0.0176
0.1328,0.016
0.1328,0.014400000000000001
0.1328,0.0128
0.1328,0.0112
0.1328,0.009600000000000001
0.1328,0.008
0.1328,0.0064
0.1328,0.0048000000000000004
0.1328,0.0032
0.1328,0.0016
0.1328,0.
0.,0.11200000000000009
0.0016,0.11200000000000009
0.0032,0.11200000000000009
0.0048000000000000004,0.11200000000000009
0.0064,0.11200000000000009
0.008,0.11200000000000009
0.009600000000000001,0.11200000000000009
0.0112,0.11200000000000009
0.0128,0.11200000000000009
0.014400000000000001,0.11200000000000009
0.016,0.11200000000000009
0.0176,0.11200000000000009
0.019200000000000002,0.11200000000000009
0.020800000000000003,0.11200000000000009
0.0224,0.11200000000000009
0.024,0.11200000000000009
0.0256,0.11200000000000009
0.027200000000000002,0.11200000000000009
0.028800000000000003,0.11200000000000009
0.0304,0.11200000000000009
0.032,0.11200000000000009
0.033600000000000005,0.11200000000000009
0.0352,0.11200000000000009
0.0368,0.11200000000000009
0.038400000000000004,0.11200000000000009
0.04,0.11200000000000009
0.041600000000000005,0.11200000000000009
0.0432,0.11200000000000009
0.0448,0.11200000000000009
0.046400000000000004,0.11200000000000009
0.048,0.11200000000000009
0.049600000000000005,0.11200000000000009
0.0512,0.11200000000000009
0.0528,0.11200000000000009
0.054400000000000004,0.11200000000000009
0.056,0.11200000000000009
0.057600000000000005,0.11200000000000009
0.0592,0.11200000000000009
0.0608,0.11200000000000009
0.062400000000000004,0.11200000000000009
0.064,0.11200000000000009
0.0656,0.11200000000000009
0.06720000000000001,0.11200000000000009
0.0688,0.11200000000000009
0.0704,0.11200000000000009
0.07200000000000001,0.11200000000000009
0.0736,0.11200000000000009
0.0752,0.11200000000000009
0.07680000000000001,0.11200000000000009
0.0784,0.11200000000000009
0.08,0.11200000000000009
0.0816,0.11200000000000009
0.08320000000000001,0.11200000000000009
0.0848,0.11200000000000009
0.0864,0.11200000000000009
0.08800000000000001,0.11200000000000009
0.0896,0.11200000000000009
0.0912,0.11200000000000009
0.09280000000000001,0.11200000000000009
0.0944,0.11200000000000009
0.096,0.11200000000000009
0.0976,0.11200000000000009
0.09920000000000001,0.11200000000000009
0.1008,0.11200000000000009
0.1024,0.11200000000000009
0.10400000000000001,0.11200000000000009
0.1056,0.11200000000000009
0.1072,0.11200000000000009
0.10880000000000001,0.11200000000000009
0.11040000000000001,0.11200000000000009
0.112,0.11200000000000009
0.1136,0.11200000000000009
0.11520000000000001,0.11200000000000009
0.1168,0.11200000000000009
0.1184,0.11200000000000009
0.12000000000000001,0.11200000000000009
0.1216,0.11200000000000009
0.1232,0.11200000000000009
0.12480000000000001,0.11200000000000009
0.1264,0.11200000000000009
0.128,0.11200000000000009
0.1296,0.11200000000000009
0.1312,0.11200000000000009
0.1328,0.11200000000000009
0.13440000000000002,0.11200000000000009
0.13440000000000002,0.11040000000000001
0.13440000000000002,0.10880000000000001
0.13440000000000002,0.1072
0.13440000000000002,0.1056
0.13440000000000002,0.10400000000000001
0.13440000000000002,0.1024
0.13440000000000002,0.1008
0.13440000000000002,0.09920000000000001
0.13440000000000002,0.0976
0.13440000000000002,0.096
0.13440000000000002,0.0944
0.13440000000000002,0.09280000000000001
0.13440000000000002,0.0912
0.13440000000000002,0.0896
0.13440000000000002,0.08800000000000001
0.13440000000000002,0.0864
0.13440000000000002,0.0848
0.13440000000000002,0.08320000000000001
0.13440000000000002,0.0816
0.13440000000000002,0.08
0.13440000000000002,0.0784
0.13440000000000002,0.07680000000000001
0.13440000000000002,0.0752
0.13440000000000002,0.0736
0.13440000000000002,0.07200000000000001
0.13440000000000002,0.0704
0.13440000000000002,0.0688
0.13440000000000002,0.06720000000000001
0.13440000000000002,0.0656
0.13440000000000002,0.064
0.13440000000000002,0.062400000000000004
0.13440000000000002,0.0608
0.13440000000000002,0.0592
0.13440000000000002,0.057600000000000005
0.13440000000000002,0.056
0.13440000000000002,0.054400000000000004
0.13440000000000002,0.0528
0.13440000000000002,0.0512
0.13440000000000002,0.049600000000000005
0.13440000000000002,0.048
0.13440000000000002,0.046400000000000004
0.13440000000000002,0.0448
0.13440000000000002,0.0432
0.13440000000000002,0.041600000000000005
0.13440000000000002,0.04
0.13440000000000002,0.038400000000000004
0.13440000000000002,0.0368
0.13440000000000002,0.0352
0.13440000000000002,0.033600000000000005
0.13440000000000002,0.032
0.13440000000000002,0.0304
0.13440000000000002,0.028800000000000003
0.13440000000000002,0.027200000000000002
0.13440000000000002,0.0256
0.13440000000000002,0.024
0.13440000000000002,0.0224
0.13440000000000002,0.020800000000000003
0.13440000000000002,0.019200000000000002
0.13440000000000002,0.0176
0.13440000000000002,0.016
0.13440000000000002,0.014400000000000001
0.13440000000000002,0.0128
0.13440000000000002,0.0112
0.13440000000000002,0.009600000000000001
0.13440000000000002,0.008
0.13440000000000002,0.0064
0.13440000000000002,0.0048000000000000004
0.13440000000000002,0.0032
0.13440000000000002,0.0016
0.13440000000000002,0.
0.,0.11360000000000009
0.0016,0.11360000000000009
0.0032,0.11360000000000009
0.0048000000000000004,0.11360000000000009
0.0064,0.11360000000000009
0.008,0.11360000000000009
0.009600000000000001,0.11360000000000009
0.0112,0.11360000000000009
0.0128,0.11360000000000009
0.014400000000000001,0.11360000000000009
0.016,0.11360000000000009
0.0176,0.11360000000000009
0.019200000000000002,0.11360000000000009
0.020800000000000003,0.11360000000000009
0.0224,0.11360000000000009
0.024,0.11360000000000009
0.0256,0.11360000000000009
0.027200000000000002,0.11360000000000009
0.028800000000000003,0.11360000000000009
0.0304,0.11360000000000009
0.032,0.11360000000000009
0.033600000000000005,0.11360000000000009
0.0352,0.11360000000000009
0.0368,0.11360000000000009
0.038400000000000004,0.11360000000000009
0.04,0.11360000000000009
0.041600000000000005,0.11360000000000009
0.0432,0.11360000000000009
0.0448,0.11360000000000009
0.046400000000000004,0.11360000000000009
0.048,0.11360000000000009
0.049600000000000005,0.11360000000000009
0.0512,0.11360000000000009
0.0528,0.11360000000000009
0.054400000000000004,0.11360000000000009
0.056,0.11360000000000009
0.057600000000000005,0.11360000000000009
0.0592,0.11360000000000009
0.0608,0.11360000000000009
0.062400000000000004,0.11360000000000009
0.064,0.11360000000000009
0.0656,0.11360000000000009
0.06720000000000001,0.11360000000000009
0.0688,0.11360000000000009
0.0704,0.11360000000000009
0.07200000000000001,0.11360000000000009
0.0736,0.11360000000000009
0.0752,0.11360000000000009
0.07680000000000001,0.11360000000000009
0.0784,0.11360000000000009
0.08,0.11360000000000009
0.0816,0.11360000000000009
0.08320000000000001,0.11360000000000009
0.0848,0.11360000000000009
0.0864,0.11360000000000009
0.08800000000000001,0.11360000000000009
0.0896,0.11360000000000009
0.0912,0.11360000000000009
0.09280000000000001,0.11360000000000009
0.0944,0.11360000000000009
0.096,0.11360000000000009
0.0976,0.11360000000000009
0.09920000000000001,0.11360000000000009
0.1008,0.11360000000000009
0.1024,0.11360000000000009
0.10400000000000001,0.11360000000000009
0.1056,0.11360000000000009
0.1072,0.11360000000000009
0.10880000000000001,0.11360000000000009
0.11040000000000001,0.11360000000000009
0.112,0.11360000000000009
0.1136,0.11360000000000009
0.11520000000000001,0.11360000000000009
0.1168,0.11360000000000009
0.1184,0.11360000000000009
0.12000000000000001,0.11360000000000009
0.1216,0.11360000000000009
0.1232,0.11360000000000009
0.12480000000000001,0.11360000000000009
0.1264,0.11360000000000009
0.128,0.11360000000000009
0.1296,0.11360000000000009
0.1312,0.11360000000000009
0.1328,0.11360000000000009
0.13440000000000002,0.11360000000000009
0.136,0.11360000000000009
0.136,0.112
0.136,0.11040000000000001
0.136,0.10880000000000001
0.136,0.1072
0.136,0.1056
0.136,0.10400000000000001
0.136,0.1024
0.136,0.1008
0.136,0.09920000000000001
0.136,0.0976
0.136,0.096
0.136,0.0944
0.136,0.09280000000000001
0.136,0.0912
0.136,0.0896
0.136,0.08800000000000001
0.136,0.0864
0.136,0.0848
0.136,0.08320000000000001
0.136,0.0816
0.136,0.08
0.136,0.0784
0.136,0.07680000000000001
0.136,0.0752
0.136,0.0736
0.136,0.07200000000000001
0.136,0.0704
0.136,0.0688
0.136,0.06720000000000001
0.136,0.0656
0.136,0.064
0.136,0.062400000000000004
0.136,0.0608
0.136,0.0592
0.136,0.057600000000000005
0.136,0.056
0.136,0.054400000000000004
0.136,0.0528
0.136,0.0512
0.136,0.049600000000000005
0.136,0.048
0.136,0.046400000000000004
0.136,0.0448
0.136,0.0432
0.136,0.041600000000000005
0.136,0.04
0.136,0.038400000000000004
0.136,0.0368
0.136,0.0352
0.136,0.033600000000000005
0.136,0.032
0.136,0.0304
0.136,0.028800000000000003
0.136,0.027200000000000002
0.136,0.0256
0.136,0.024
0.136,0.0224
0.136,0.020800000000000003
0.136,0.019200000000000002
0.136,0.0176
0.136,0.016
0.136,0.014400000000000001
0.136,0.0128
0.136,0.0112
0.136,0.009600000000000001
0.136,0.008
0.136,0.0064
0.136,0.0048000000000000004
0.136,0.0032
0.136,0.0016
0.136,0.
0.,0.1152000000000001
0.0016,0.1152000000000001
0.0032,0.1152000000000001
0.0048000000000000004,0.1152000000000001
0.0064,0.1152000000000001
0.008,0.1152000000000001
0.009600000000000001,0.1152000000000001
0.0112,0.1152000000000001
0.0128,0.1152000000000001
0.014400000000000001,0.1152000000000001
0.016,0.1152000000000001
0.0176,0.1152000000000001
0.019200000000000002,0.1152000000000001
0.020800000000000003,0.1152000000000001
0.0224,0.1152000000000001
0.024,0.1152000000000001
0.0256,0.1152000000000001
0.027200000000000002,0.1152000000000001
0.028800000000000003,0.1152000000000001
0.0304,0.1152000000000001
0.032,0.1152000000000001
0.033600000000000005,0.1152000000000001
0.0352,0.1152000000000001
0.0368,0.1152000000000001
0.038400000000000004,0.1152000000000001
0.04,0.1152000000000001
0.041600000000000005,0.1152000000000001
0.0432,0.1152000000000001
0.0448,0.1152000000000001
0.046400000000000004,0.1152000000000001
0.048,0.1152000000000001
0.049600000000000005,0.1152000000000001
0.0512,0.1152000000000001
0.0528,0.1152000000000001
0.054400000000000004,0.1152000000000001
0.056,0.1152000000000001
0.057600000000000005,0.1152000000000001
0.0592,0.1152000000000001
0.0608,0.1152000000000001
0.062400000000000004,0.1152000000000001
0.064,0.1152000000000001
0.0656,0.1152000000000001
0.06720000000000001,0.1152000000000001
0.0688,0.1152000000000001
0.0704,0.1152000000000001
0.07200000000000001,0.1152000000000001
0.0736,0.1152000000000001
0.0752,0.1152000000000001
0.07680000000000001,0.1152000000000001
0.0784,0.1152000000000001
0.08,0.1152000000000001
0.0816,0.1152000000000001
0.08320000000000001,0.1152000000000001
0.0848,0.1152000000000001
0.0864,0.1152000000000001
0.08800000000000001,0.1152000000000001
0.0896,0.1152000000000001
0.0912,0.1152000000000001
0.09280000000000001,0.1152000000000001
0.0944,0.1152000000000001
0.096,0.1152000000000001
0.0976,0.1152000000000001
0.09920000000000001,0.1152000000000001
0.1008,0.1152000000000001
0.1024,0.1152000000000001
0.10400000000000001,0.1152000000000001
0.1056,0.1152000000000001
0.1072,0.1152000000000001
0.10880000000000001,0.1152000000000001
0.11040000000000001,0.1152000000000001
0.112,0.1152000000000001
0.1136,0.1152000000000001
0.11520000000000001,0.1152000000000001
0.1168,0.1152000000000001
0.1184,0.1152000000000001
0.12000000000000001,0.1152000000000001
0.1216,0.1152000000000001
0.1232,0.1152000000000001
0.12480000000000001,0.1152000000000001
0.1264,0.1152000000000001
0.128,0.1152000000000001
0.1296,0.1152000000000001
0.1312,0.1152000000000001
0.1328,0.1152000000000001
0.13440000000000002,0.1152000000000001
0.136,0.1152000000000001
0.1376,0.1152000000000001
0.1376,0.1136
0.1376,0.112
0.1376,0.11040000000000001
0.1376,0.10880000000000001
0.1376,0.1072
0.1376,0.1056
0.1376,0.10400000000000001
0.1376,0.1024
0.1376,0.1008
0.1376,0.09920000000000001
0.1376,0.0976
0.1376,0.096
0.1376,0.0944
0.1376,0.09280000000000001
0.1376,0.0912
0.1376,0.0896
0.1376,0.08800000000000001
0.1376,0.0864
0.1376,0.0848
0.1376,0.08320000000000001
0.1376,0.0816
0.1376,0.08
0.1376,0.0784
0.1376,0.07680000000000001
0.1376,0.0752
0.1376,0.0736
0.1376,0.07200000000000001
0.1376,0.0704
0.1376,0.0688
0.1376,0.06720000000000001
0.1376,0.0656
0.1376,0.064
0.1376,0.062400000000000004
0.1376,0.0608
0.1376,0.0592
0.1376,0.057600000000000005
0.1376,0.056
0.1376,0.054400000000000004
0.1376,0.0528
0.1376,0.0512
0.1376,0.049600000000000005
0.1376,0.048
0.1376,0.046400000000000004
0.1376,0.0448
0.1376,0.0432
0.1376,0.041600000000000005
0.1376,0.04
0.1376,0.038400000000000004
0.1376,0.0368
0.1376,0.0352
0.1376,0.033600000000000005
0.1376,0.032
0.1376,0.0304
0.1376,0.028800000000000003
0.1376,0.027200000000000002
0.1376,0.0256
0.1376,0.024
0.1376,0.0224
0.1376,0.020800000000000003
0.1376,0.019200000000000002
0.1376,0.0176
0.1376,0.016
0.1376,0.014400000000000001
0.1376,0.0128
0.1376,0.0112
0.1376,0.009600000000000001
0.1376,0.008
0.1376,0.0064
0.1376,0.0048000000000000004
0.1376,0.0032
0.1376,0.0016
0.1376,0.
0.,0.1168000000000001
0.0016,0.1168000000000001
0.0032,0.1168000000000001
0.0048000000000000004,0.1168000000000001
0.0064,0.1168000000000001
0.008,0.1168000000000001
0.009600000000000001,0.1168000000000001
0.0112,0.1168000000000001
0.0128,0.1168000000000001
0.014400000000000001,0.1168000000000001
0.016,0.1168000000000001
0.0176,0.1168000000000001
0.019200000000000002,0.1168000000000001
0.020800000000000003,0.1168000000000001
0.0224,0.1168000000000001
0.024,0.1168000000000001
0.0256,0.1168000000000001
0.027200000000000002,0.1168000000000001
0.028800000000000003,0.1168000000000001
0.0304,0.1168000000000001
0.032,0.1168000000000001
0.033600000000000005,0.1168000000000001
0.0352,0.1168000000000001
0.0368,0.1168000000000001
0.038400000000000004,0.1168000000000001
0.04,0.1168000000000001
0.041600000000000005,0.1168000000000001
0.0432,0.1168000000000001
0.0448,0.1168000000000001
0.046400000000000004,0.1168000000000001
0.048,0.1168000000000001
0.049600000000000005,0.1168000000000001
0.0512,0.1168000000000001
0.0528,0.1168000000000001
0.054400000000000004,0.1168000000000001
0.056,0.1168000000000001
0.057600000000000005,0.1168000000000001
0.0592,0.1168000000000001
0.0608,0.1168000000000001
0.062400000000000004,0.1168000000000001
0.064,0.1168000000000001
0.0656,0.1168000000000001
0.06720000000000001,0.1168000000000001
0.0688,0.1168000000000001
0.0704,0.1168000000000001
0.07200000000000001,0.1168000000000001
0.0736,0.1168000000000001
0.0752,0.1168000000000001
0.07680000000000001,0.1168000000000001
0.0784,0.1168000000000001
0.08,0.1168000000000001
0.0816,0.1168000000000001
0.08320000000000001,0.1168000000000001
0.0848,0.1168000000000001
0.0864,0.1168000000000001
0.08800000000000001,0.1168000000000001
0.0896,0.1168000000000001
0.0912,0.1168000000000001
0.09280000000000001,0.1168000000000001
0.0944,0.1168000000000001
0.096,0.1168000000000001
0.0976,0.1168000000000001
0.09920000000000001,0.1168000000000001
0.1008,0.1168000000000001
0.1024,0.1168000000000001
0.10400000000000001,0.1168000000000001
0.1056,0.1168000000000001
0.1072,0.1168000000000001
0.10880000000000001,0.1168000000000001
0.11040000000000001,0.1168000000000001
0.112,0.1168000000000001
0.1136,0.1168000000000001
0.11520000000000001,0.1168000000000001
0.1168,0.1168000000000001
0.1184,0.1168000000000001
0.12000000000000001,0.1168000000000001
0.1216,0.1168000000000001
0.1232,0.1168000000000001
0.12480000000000001,0.1168000000000001
0.1264,0.1168000000000001
0.128,0.1168000000000001
0.1296,0.1168000000000001
0.1312,0.1168000000000001
0.1328,0.1168000000000001
0.13440000000000002,0.1168000000000001
0.136,0.1168000000000001
0.1376,0.1168000000000001
0.13920000000000002,0.1168000000000001
0.13920000000000002,0.11520000000000001
0.13920000000000002,0.1136
0.13920000000000002,0.112
0.13920000000000002,0.11040000000000001
0.13920000000000002,0.10880000000000001
0.13920000000000002,0.1072
0.13920000000000002,0.1056
0.13920000000000002,0.10400000000000001
0.13920000000000002,0.1024
0.13920000000000002,0.1008
0.13920000000000002,0.09920000000000001
0.13920000000000002,0.0976
0.13920000000000002,0.096
0.13920000000000002,0.0944
0.13920000000000002,0.09280000000000001
0.13920000000000002,0.0912
0.13920000000000002,0.0896
0.13920000000000002,0.08800000000000001
0.13920000000000002,0.0864
0.13920000000000002,0.0848
0.13920000000000002,0.08320000000000001
0.13920000000000002,0.0816
0.13920000000000002,0.08
0.13920000000000002,0.0784
0.13920000000000002,0.07680000000000001
0.13920000000000002,0.0752
0.13920000000000002,0.0736
0.13920000000000002,0.07200000000000001
0.13920000000000002,0.0704
0.13920000000000002,0.0688
0.13920000000000002,0.06720000000000001
0.13920000000000002,0.0656
0.13920000000000002,0.064
0.13920000000000002,0.062400000000000004
0.13920000000000002,0.0608
0.13920000000000002,0.0592
0.13920000000000002,0.057600000000000005
0.13920000000000002,0.056
0.13920000000000002,0.054400000000000004
0.13920000000000002,0.0528
0.13920000000000002,0.0512
0.13920000000000002,0.049600000000000005
0.13920000000000002,0.048
0.13920000000000002,0.046400000000000004
0.13920000000000002,0.0448
0.13920000000000002,0.0432
0.13920000000000002,0.041600000000000005
0.13920000000000002,0.04
0.13920000000000002,0.038400000000000004
0.13920000000000002,0.0368
0.13920000000000002,0.0352
0.13920000000000002,0.033600000000000005
0.13920000000000002,0.032
0.13920000000000002,0.0304
0.13920000000000002,0.028800000000000003
0.13920000000000002,0.027200000000000002
0.13920000000000002,0.0256
0.13920000000000002,0.024
0.13920000000000002,0.0224
0.13920000000000002,0.020800000000000003
0.13920000000000002,0.019200000000000002
0.13920000000000002,0.0176
0.13920000000000002,0.016
0.13920000000000002,0.014400000000000001
0.13920000000000002,0.0128
0.13920000000000002,0.0112
0.13920000000000002,0.009600000000000001
0.13920000000000002,0.008
0.13920000000000002,0.0064
0.13920000000000002,0.0048000000000000004
0.13920000000000002,0.0032
0.13920000000000002,0.0016
0.13920000000000002,0.
0.,0.1184000000000001
0.0016,0.1184000000000001
0.0032,0.1184000000000001
0.0048000000000000004,0.1184000000000001
0.0064,0.1184000000000001
0.008,0.1184000000000001
0.009600000000000001,0.1184000000000001
0.0112,0.1184000000000001
0.0128,0.1184000000000001
0.014400000000000001,0.1184000000000001
0.016,0.1184000000000001
0.0176,0.1184000000000001
0.019200000000000002,0.1184000000000001
0.020800000000000003,0.1184000000000001
0.0224,0.1184000000000001
0.024,0.1184000000000001
0.0256,0.1184000000000001
0.027200000000000002,0.1184000000000001
0.028800000000000003,0.1184000000000001
0.0304,0.1184000000000001
0.032,0.1184000000000001
0.033600000000000005,0.1184000000000001
0.0352,0.1184000000000001
0.0368,0.1184000000000001
0.038400000000000004,0.1184000000000001
0.04,0.1184000000000001
0.041600000000000005,0.1184000000000001
0.0432,0.1184000000000001
0.0448,0.1184000000000001
0.046400000000000004,0.1184000000000001
0.048,0.1184000000000001
0.049600000000000005,0.1184000000000001
0.0512,0.1184000000000001
0.0528,0.1184000000000001
0.054400000000000004,0.1184000000000001
0.056,0.1184000000000001
0.057600000000000005,0.1184000000000001
0.0592,0.1184000000000001
0.0608,0.1184000000000001
0.062400000000000004,0.1184000000000001
0.064,0.1184000000000001
0.0656,0.1184000000000001
0.06720000000000001,0.1184000000000001
0.0688,0.1184000000000001
0.0704,0.1184000000000001
0.07200000000000001,0.1184000000000001
0.0736,0.1184000000000001
0.0752,0.1184000000000001
0.07680000000000001,0.1184000000000001
0.0784,0.1184000000000001
0.08,0.1184000000000001
0.0816,0.1184000000000001
0.08320000000000001,0.1184000000000001
0.0848,0.1184000000000001
0.0864,0.1184000000000001
0.08800000000000001,0.1184000000000001
0.0896,0.1184000000000001
0.0912,0.1184000000000001
0.09280000000000001,0.1184000000000001
0.0944,0.1184000000000001
0.096,0.1184000000000001
0.0976,0.1184000000000001
0.09920000000000001,0.1184000000000001
0.1008,0.1184000000000001
0.1024,0.1184000000000001
0.10400000000000001,0.1184000000000001
0.1056,0.1184000000000001
0.1072,0.1184000000000001
0.10880000000000001,0.1184000000000001
0.11040000000000001,0.1184000000000001
0.112,0.1184000000000001
0.1136,0.1184000000000001
0.11520000000000001,0.1184000000000001
0.1168,0.1184000000000001
0.1184,0.1184000000000001
0.12000000000000001,0.1184000000000001
0.1216,0.1184000000000001
0.1232,0.1184000000000001
0.12480000000000001,0.1184000000000001
0.1264,0.1184000000000001
0.128,0.1184000000000001
0.1296,0.1184000000000001
0.1312,0.1184000000000001
0.1328,0.1184000000000001
0.13440000000000002,0.1184000000000001
0.136,0.1184000000000001
0.1376,0.1184000000000001
0.13920000000000002,0.1184000000000001
0.1408,0.1184000000000001
0.1408,0.1168
0.1408,0.11520000000000001
0.1408,0.1136
0.1408,0.112
0.1408,0.11040000000000001
0.1408,0.10880000000000001
0.1408,0.1072
0.1408,0.1056
0.1408,0.10400000000000001
0.1408,0.1024
0.1408,0.1008
0.1408,0.09920000000000001
0.1408,0.0976
0.1408,0.096
0.1408,0.0944
0.1408,0.09280000000000001
0.1408,0.0912
0.1408,0.0896
0.1408,0.08800000000000001
0.1408,0.0864
0.1408,0.0848
0.1408,0.08320000000000001
0.1408,0.0816
0.1408,0.08
0.1408,0.0784
0.1408,0.07680000000000001
0.1408,0.0752
0.1408,0.0736
0.1408,0.07200000000000001
0.1408,0.0704
0.1408,0.0688
0.1408,0.06720000000000001
0.1408,0.0656
0.1408,0.064
0.1408,0.062400000000000004
0.1408,0.0608
0.1408,0.0592
0.1408,0.057600000000000005
0.1408,0.056
0.1408,0.054400000000000004
0.1408,0.0528
0.1408,0.0512
0.1408,0.049600000000000005
0.1408,0.048
0.1408,0.046400000000000004
0.1408,0.0448
0.1408,0.0432
0.1408,0.041600000000000005
0.1408,0.04
0.1408,0.038400000000000004
0.1408,0.0368
0.1408,0.0352
0.1408,0.033600000000000005
0.1408,0.032
0.1408,0.0304
0.1408,0.028800000000000003
0.1408,0.027200000000000002
0.1408,0.0256
0.1408,0.024
0.1408,0.0224
0.1408,0.020800000000000003
0.1408,0.019200000000000002
0.1408,0.0176
0.1408,0.016
0.1408,0.014400000000000001
0.1408,0.0128
0.1408,0.0112
0.1408,0.009600000000000001
0.1408,0.008
0.1408,0.0064
0.1408,0.0048000000000000004
0.1408,0.0032
0.1408,0.0016
0.1408,0.
0.,0.1200000000000001
0.0016,0.1200000000000001
0.0032,0.1200000000000001
0.0048000000000000004,0.1200000000000001
0.0064,0.1200000000000001
0.008,0.1200000000000001
0.009600000000000001,0.1200000000000001
0.0112,0.1200000000000001
0.0128,0.1200000000000001
0.014400000000000001,0.1200000000000001
0.016,0.1200000000000001
0.0176,0.1200000000000001
0.019200000000000002,0.1200000000000001
0.020800000000000003,0.1200000000000001
0.0224,0.1200000000000001
0.024,0.1200000000000001
0.0256,0.1200000000000001
0.027200000000000002,0.1200000000000001
0.028800000000000003,0.1200000000000001
0.0304,0.1200000000000001
0.032,0.1200000000000001
0.033600000000000005,0.1200000000000001
0.0352,0.1200000000000001
0.0368,0.1200000000000001
0.038400000000000004,0.1200000000000001
0.04,0.1200000000000001
0.041600000000000005,0.1200000000000001
0.0432,0.1200000000000001
0.0448,0.1200000000000001
0.046400000000000004,0.1200000000000001
0.048,0.1200000000000001
0.049600000000000005,0.1200000000000001
0.0512,0.1200000000000001
0.0528,0.1200000000000001
0.054400000000000004,0.1200000000000001
0.056,0.1200000000000001
0.057600000000000005,0.1200000000000001
0.0592,0.1200000000000001
0.0608,0.1200000000000001
0.062400000000000004,0.1200000000000001
0.064,0.1200000000000001
0.0656,0.1200000000000001
0.06720000000000001,0.1200000000000001
0.0688,0.1200000000000001
0.0704,0.1200000000000001
0.07200000000000001,0.1200000000000001
0.0736,0.1200000000000001
0.0752,0.1200000000000001
0.07680000000000001,0.1200000000000001
0.0784,0.1200000000000001
0.08,0.1200000000000001
0.0816,0.1200000000000001
0.08320000000000001,0.1200000000000001
0.0848,0.1200000000000001
0.0864,0.1200000000000001
0.08800000000000001,0.1200000000000001
0.0896,0.1200000000000001
0.0912,0.1200000000000001
0.09280000000000001,0.1200000000000001
0.0944,0.1200000000000001
0.096,0.1200000000000001
0.0976,0.1200000000000001
0.09920000000000001,0.1200000000000001
0.1008,0.1200000000000001
0.1024,0.1200000000000001
0.10400000000000001,0.1200000000000001
0.1056,0.1200000000000001
0.1072,0.1200000000000001
0.10880000000000001,0.1200000000000001
0.11040000000000001,0.1200000000000001
0.112,0.1200000000000001
0.1136,0.1200000000000001
0.11520000000000001,0.1200000000000001
0.1168,0.1200000000000001
0.1184,0.1200000000000001
0.12000000000000001,0.1200000000000001
0.1216,0.1200000000000001
0.1232,0.1200000000000001
0.12480000000000001,0.1200000000000001
0.1264,0.1200000000000001
0.128,0.1200000000000001
0.1296,0.1200000000000001
0.1312,0.1200000000000001
0.1328,0.1200000000000001
0.13440000000000002,0.1200000000000001
0.136,0.1200000000000001
0.1376,0.1200000000000001
0.13920000000000002,0.1200000000000001
0.1408,0.1200000000000001
0.1424,0.1200000000000001
0.1424,0.1184
0.1424,0.1168
0.1424,0.11520000000000001
0.1424,0.1136
0.1424,0.112
0.1424,0.11040000000000001
0.1424,0.10880000000000001
0.1424,0.1072
0.1424,0.1056
0.1424,0.10400000000000001
0.1424,0.1024
0.1424,0.1008
0.1424,0.09920000000000001
0.1424,0.0976
0.1424,0.096
0.1424,0.0944
0.1424,0.09280000000000001
0.1424,0.0912
0.1424,0.0896
0.1424,0.08800000000000001
0.1424,0.0864
0.1424,0.0848
0.1424,0.08320000000000001
0.1424,0.0816
0.1424,0.08
0.1424,0.0784
0.1424,0.07680000000000001
0.1424,0.0752
0.1424,0.0736
0.1424,0.07200000000000001
0.1424,0.0704
0.1424,0.0688
0.1424,0.06720000000000001
0.1424,0.0656
0.1424,0.064
0.1424,0.062400000000000004
0.1424,0.0608
0.1424,0.0592
0.1424,0.057600000000000005
0.1424,0.056
0.1424,0.054400000000000004
0.1424,0.0528
0.1424,0.0512
0.1424,0.049600000000000005
0.1424,0.048
0.1424,0.046400000000000004
0.1424,0.0448
0.1424,0.0432
0.1424,0.041600000000000005
0.1424,0.04
0.1424,0.038400000000000004
0.1424,0.0368
0.1424,0.0352
0.1424,0.033600000000000005
0.1424,0.032
0.1424,0.0304
0.1424,0.028800000000000003
0.1424,0.027200000000000002
0.1424,0.0256
0.1424,0.024
0.1424,0.0224
0.1424,0.020800000000000003
0.1424,0.019200000000000002
0.1424,0.0176
0.1424,0.016
0.1424,0.014400000000000001
0.1424,0.0128
0.1424,0.0112
0.1424,0.009600000000000001
0.1424,0.008
0.1424,0.0064
0.1424,0.0048000000000000004
0.1424,0.0032
0.1424,0.0016
0.1424,0.
0.,0.12160000000000011
0.0016,0.12160000000000011
0.0032,0.12160000000000011
0.0048000000000000004,0.12160000000000011
0.0064,0.12160000000000011
0.008,0.12160000000000011
0.009600000000000001,0.12160000000000011
0.0112,0.12160000000000011
0.0128,0.12160000000000011
0.014400000000000001,0.12160000000000011
0.016,0.12160000000000011
0.0176,0.12160000000000011
0.019200000000000002,0.12160000000000011
0.020800000000000003,0.12160000000000011
0.0224,0.12160000000000011
0.024,0.12160000000000011
0.0256,0.12160000000000011
0.027200000000000002,0.12160000000000011
0.028800000000000003,0.12160000000000011
0.0304,0.12160000000000011
0.032,0.12160000000000011
0.033600000000000005,0.12160000000000011
0.0352,0.12160000000000011
0.0368,0.12160000000000011
0.038400000000000004,0.12160000000000011
0.04,0.12160000000000011
0.041600000000000005,0.12160000000000011
0.0432,0.12160000000000011
0.0448,0.12160000000000011
0.046400000000000004,0.12160000000000011
0.048,0.12160000000000011
0.049600000000000005,0.12160000000000011
0.0512,0.12160000000000011
0.0528,0.12160000000000011
0.054400000000000004,0.12160000000000011
0.056,0.12160000000000011
0.057600000000000005,0.12160000000000011
0.0592,0.12160000000000011
0.0608,0.12160000000000011
0.062400000000000004,0.12160000000000011
0.064,0.12160000000000011
0.0656,0.12160000000000011
0.06720000000000001,0.12160000000000011
0.0688,0.12160000000000011
0.0704,0.12160000000000011
0.07200000000000001,0.12160000000000011
0.0736,0.12160000000000011
0.0752,0.12160000000000011
0.07680000000000001,0.12160000000000011
0.0784,0.12160000000000011
0.08,0.12160000000000011
0.0816,0.12160000000000011
0.08320000000000001,0.12160000000000011
0.0848,0.12160000000000011
0.0864,0.12160000000000011
0.08800000000000001,0.12160000000000011
0.0896,0.12160000000000011
0.0912,0.12160000000000011
0.09280000000000001,0.12160000000000011
0.0944,0.12160000000000011
0.096,0.12160000000000011
0.0976,0.12160000000000011
0.09920000000000001,0.12160000000000011
0.1008,0.12160000000000011
0.1024,0.12160000000000011
0.10400000000000001,0.12160000000000011
0.1056,0.12160000000000011
0.1072,0.12160000000000011
0.10880000000000001,0.12160000000000011
0.11040000000000001,0.12160000000000011
0.112,0.12160000000000011
0.1136,0.12160000000000011
0.11520000000000001,0.12160000000000011
0.1168,0.12160000000000011
0.1184,0.12160000000000011
0.12000000000000001,0.12160000000000011
0.1216,0.12160000000000011
0.1232,0.12160000000000011
0.12480000000000001,0.12160000000000011
0.1264,0.12160000000000011
0.128,0.12160000000000011
0.1296,0.12160000000000011
0.1312,0.12160000000000011
0.1328,0.12160000000000011
0.13440000000000002,0.12160000000000011
0.136,0.12160000000000011
0.1376,0.12160000000000011
0.13920000000000002,0.12160000000000011
0.1408,0.12160000000000011
0.1424,0.12160000000000011
0.14400000000000002,0.12160000000000011
0.14400000000000002,0.12000000000000001
0.14400000000000002,0.1184
0.14400000000000002,0.1168
0.14400000000000002,0.11520000000000001
0.14400000000000002,0.1136
0.14400000000000002,0.112
0.14400000000000002,0.11040000000000001
0.14400000000000002,0.10880000000000001
0.14400000000000002,0.1072
0.14400000000000002,0.1056
0.14400000000000002,0.10400000000000001
0.14400000000000002,0.1024
0.14400000000000002,0.1008
0.14400000000000002,0.09920000000000001
0.14400000000000002,0.0976
0.14400000000000002,0.096
0.14400000000000002,0.0944
0.14400000000000002,0.09280000000000001
0.14400000000000002,0.0912
0.14400000000000002,0.0896
0.14400000000000002,0.08800000000000001
0.14400000000000002,0.0864
0.14400000000000002,0.0848
0.14400000000000002,0.08320000000000001
0.14400000000000002,0.0816
0.14400000000000002,0.08
0.14400000000000002,0.0784
0.14400000000000002,0.07680000000000001
0.14400000000000002,0.0752
0.14400000000000002,0.0736
0.14400000000000002,0.07200000000000001
0.14400000000000002,0.0704
0.14400000000000002,0.0688
0.14400000000000002,0.06720000000000001
0.14400000000000002,0.0656
0.14400000000000002,0.064
0.14400000000000002,0.062400000000000004
0.14400000000000002,0.0608
0.14400000000000002,0.0592
0.14400000000000002,0.057600000000000005
0.14400000000000002,0.056
0.14400000000000002,0.054400000000000004
0.14400000000000002,0.0528
0.14400000000000002,0.0512
0.14400000000000002,0.049600000000000005
0.14400000000000002,0.048
0.14400000000000002,0.046400000000000004
0.14400000000000002,0.0448
0.14400000000000002,0.0432
0.14400000000000002,0.041600000000000005
0.14400000000000002,0.04
0.14400000000000002,0.038400000000000004
0.14400000000000002,0.0368
0.14400000000000002,0.0352
0.14400000000000002,0.033600000000000005
0.14400000000000002,0.032
0.14400000000000002,0.0304
0.14400000000000002,0.028800000000000003
0.14400000000000002,0.027200000000000002
0.14400000000000002,0.0256
0.14400000000000002,0.024
0.14400000000000002,0.0224
0.14400000000000002,0.020800000000000003
0.14400000000000002,0.019200000000000002
0.14400000000000002,0.0176
0.14400000000000002,0.016
0.14400000000000002,0.014400000000000001
0.14400000000000002,0.0128
0.14400000000000002,0.0112
0.14400000000000002,0.009600000000000001
0.14400000000000002,0.008
0.14400000000000002,0.0064
0.14400000000000002,0.0048000000000000004
0.14400000000000002,0.0032
0.14400000000000002,0.0016
0.14400000000000002,0.
0.,0.12320000000000011
0.0016,0.12320000000000011
0.0032,0.12320000000000011
0.0048000000000000004,0.12320000000000011
0.0064,0.12320000000000011
0.008,0.12320000000000011
0.009600000000000001,0.12320000000000011
0.0112,0.12320000000000011
0.0128,0.12320000000000011
0.014400000000000001,0.12320000000000011
0.016,0.12320000000000011
0.0176,0.12320000000000011
0.019200000000000002,0.12320000000000011
0.020800000000000003,0.12320000000000011
0.0224,0.12320000000000011
0.024,0.12320000000000011
0.0256,0.12320000000000011
0.027200000000000002,0.12320000000000011
0.028800000000000003,0.12320000000000011
0.0304,0.12320000000000011
0.032,0.12320000000000011
0.033600000000000005,0.12320000000000011
0.0352,0.12320000000000011
0.0368,0.12320000000000011
0.038400000000000004,0.12320000000000011
0.04,0.12320000000000011
0.041600000000000005,0.12320000000000011
0.0432,0.12320000000000011
0.0448,0.12320000000000011
0.046400000000000004,0.12320000000000011
0.048,0.12320000000000011
0.049600000000000005,0.12320000000000011
0.0512,0.12320000000000011
0.0528,0.12320000000000011
0.054400000000000004,0.12320000000000011
0.056,0.12320000000000011
0.057600000000000005,0.12320000000000011
0.0592,0.12320000000000011
0.0608,0.12320000000000011
0.062400000000000004,0.12320000000000011
0.064,0.12320000000000011
0.0656,0.12320000000000011
0.06720000000000001,0.12320000000000011
0.0688,0.12320000000000011
0.0704,0.12320000000000011
0.07200000000000001,0.12320000000000011
0.0736,0.12320000000000011
0.0752,0.12320000000000011
0.07680000000000001,0.12320000000000011
0.0784,0.12320000000000011
0.08,0.12320000000000011
0.0816,0.12320000000000011
0.08320000000000001,0.12320000000000011
0.0848,0.12320000000000011
0.0864,0.12320000000000011
0.08800000000000001,0.12320000000000011
0.0896,0.12320000000000011
0.0912,0.12320000000000011
0.09280000000000001,0.12320000000000011
0.0944,0.12320000000000011
0.096,0.12320000000000011
0.0976,0.12320000000000011
0.09920000000000001,0.12320000000000011
0.1008,0.12320000000000011
0.1024,0.12320000000000011
0.10400000000000001,0.12320000000000011
0.1056,0.12320000000000011
0.1072,0.12320000000000011
0.10880000000000001,0.12320000000000011
0.11040000000000001,0.12320000000000011
0.112,0.12320000000000011
0.1136,0.12320000000000011
0.11520000000000001,0.12320000000000011
0.1168,0.12320000000000011
0.1184,0.12320000000000011
0.12000000000000001,0.12320000000000011
0.1216,0.12320000000000011
0.1232,0.12320000000000011
0.12480000000000001,0.12320000000000011
0.1264,0.12320000000000011
0.128,0.12320000000000011
0.1296,0.12320000000000011
0.1312,0.12320000000000011
0.1328,0.12320000000000011
0.13440000000000002,0.12320000000000011
0.136,0.12320000000000011
0.1376,0.12320000000000011
0.13920000000000002,0.12320000000000011
0.1408,0.12320000000000011
0.1424,0.12320000000000011
0.14400000000000002,0.12320000000000011
0.1456,0.12320000000000011
0.1456,0.1216
0.1456,0.12000000000000001
0.1456,0.1184
0.1456,0.1168
0.1456,0.11520000000000001
0.1456,0.1136
0.1456,0.112
0.1456,0.11040000000000001
0.1456,0.10880000000000001
0.1456,0.1072
0.1456,0.1056
0.1456,0.10400000000000001
0.1456,0.1024
0.1456,0.1008
0.1456,0.09920000000000001
0.1456,0.0976
0.1456,0.096
0.1456,0.0944
0.1456,0.09280000000000001
0.1456,0.0912
0.1456,0.0896
0.1456,0.08800000000000001
0.1456,0.0864
0.1456,0.0848
0.1456,0.08320000000000001
0.1456,0.0816
0.1456,0.08
0.1456,0.0784
0.1456,0.07680000000000001
0.1456,0.0752
0.1456,0.0736
0.1456,0.07200000000000001
0.1456,0.0704
0.1456,0.0688
0.1456,0.06720000000000001
0.1456,0.0656
0.1456,0.064
0.1456,0.062400000000000004
0.1456,0.0608
0.1456,0.0592
0.1456,0.057600000000000005
0.1456,0.056
0.1456,0.054400000000000004
0.1456,0.0528
0.1456,0.0512
0.1456,0.049600000000000005
0.1456,0.048
0.1456,0.046400000000000004
0.1456,0.0448
0.1456,0.0432
0.1456,0.041600000000000005
0.1456,0.04
0.1456,0.038400000000000004
0.1456,0.0368
0.1456,0.0352
0.1456,0.033600000000000005
0.1456,0.032
0.1456,0.0304
0.1456,0.028800000000000003
0.1456,0.027200000000000002
0.1456,0.0256
0.1456,0.024
0.1456,0.0224
0.1456,0.020800000000000003
0.1456,0.019200000000000002
0.1456,0.0176
0.1456,0.016
0.1456,0.014400000000000001
0.1456,0.0128
0.1456,0.0112
0.1456,0.009600000000000001
0.1456,0.008
0.1456,0.0064
0.1456,0.0048000000000000004
0.1456,0.0032
0.1456,0.0016
0.1456,0.
0.,0.12480000000000012
0.0016,0.12480000000000012
0.0032,0.12480000000000012
0.0048000000000000004,0.12480000000000012
0.0064,0.12480000000000012
0.008,0.12480000000000012
0.009600000000000001,0.12480000000000012
0.0112,0.12480000000000012
0.0128,0.12480000000000012
0.014400000000000001,0.12480000000000012
0.016,0.12480000000000012
0.0176,0.12480000000000012
0.019200000000000002,0.12480000000000012
0.020800000000000003,0.12480000000000012
0.0224,0.12480000000000012
0.024,0.12480000000000012
0.0256,0.12480000000000012
0.027200000000000002,0.12480000000000012
0.028800000000000003,0.12480000000000012
0.0304,0.12480000000000012
0.032,0.12480000000000012
0.033600000000000005,0.12480000000000012
0.0352,0.12480000000000012
0.0368,0.12480000000000012
0.038400000000000004,0.12480000000000012
0.04,0.12480000000000012
0.041600000000000005,0.12480000000000012
0.0432,0.12480000000000012
0.0448,0.12480000000000012
0.046400000000000004,0.12480000000000012
0.048,0.12480000000000012
0.049600000000000005,0.12480000000000012
0.0512,0.12480000000000012
0.0528,0.12480000000000012
0.054400000000000004,0.12480000000000012
0.056,0.12480000000000012
0.057600000000000005,0.12480000000000012
0.0592,0.12480000000000012
0.0608,0.12480000000000012
0.062400000000000004,0.12480000000000012
0.064,0.12480000000000012
0.0656,0.12480000000000012
0.06720000000000001,0.12480000000000012
0.0688,0.12480000000000012
0.0704,0.12480000000000012
0.07200000000000001,0.12480000000000012
0.0736,0.12480000000000012
0.0752,0.12480000000000012
0.07680000000000001,0.12480000000000012
0.0784,0.12480000000000012
0.08,0.12480000000000012
0.0816,0.12480000000000012
0.08320000000000001,0.12480000000000012
0.0848,0.12480000000000012
0.0864,0.12480000000000012
0.08800000000000001,0.12480000000000012
0.0896,0.12480000000000012
0.0912,0.12480000000000012
0.09280000000000001,0.12480000000000012
0.0944,0.12480000000000012
0.096,0.12480000000000012
0.0976,0.12480000000000012
0.09920000000000001,0.12480000000000012
0.1008,0.12480000000000012
0.1024,0.12480000000000012
0.10400000000000001,0.12480000000000012
0.1056,0.12480000000000012
0.1072,0.12480000000000012
0.10880000000000001,0.12480000000000012
0.11040000000000001,0.12480000000000012
0.112,0.12480000000000012
0.1136,0.12480000000000012
0.11520000000000001,0.12480000000000012
0.1168,0.12480000000000012
0.1184,0.12480000000000012
0.12000000000000001,0.12480000000000012
0.1216,0.12480000000000012
0.1232,0.12480000000000012
0.12480000000000001,0.12480000000000012
0.1264,0.12480000000000012
0.128,0.12480000000000012
0.1296,0.12480000000000012
0.1312,0.12480000000000012
0.1328,0.12480000000000012
0.13440000000000002,0.12480000000000012
0.136,0.12480000000000012
0.1376,0.12480000000000012
0.13920000000000002,0.12480000000000012
0.1408,0.12480000000000012
0.1424,0.12480000000000012
0.14400000000000002,0.12480000000000012
0.1456,0.12480000000000012
0.1472,0.12480000000000012
0.1472,0.1232
0.1472,0.1216
0.1472,0.12000000000000001
0.1472,0.1184
0.1472,0.1168
0.1472,0.11520000000000001
0.1472,0.1136
0.1472,0.112
0.1472,0.11040000000000001
0.1472,0.10880000000000001
0.1472,0.1072
0.1472,0.1056
0.1472,0.10400000000000001
0.1472,0.1024
0.1472,0.1008
0.1472,0.09920000000000001
0.1472,0.0976
0.1472,0.096
0.1472,0.0944
0.1472,0.09280000000000001
0.1472,0.0912
0.1472,0.0896
0.1472,0.08800000000000001
0.1472,0.0864
0.1472,0.0848
0.1472,0.08320000000000001
0.1472,0.0816
0.1472,0.08
0.1472,0.0784
0.1472,0.07680000000000001
0.1472,0.0752
0.1472,0.0736
0.1472,0.07200000000000001
0.1472,0.0704
0.1472,0.0688
0.1472,0.06720000000000001
0.1472,0.0656
0.1472,0.064
0.1472,0.062400000000000004
0.1472,0.0608
0.1472,0.0592
0.1472,0.057600000000000005
0.1472,0.056
0.1472,0.054400000000000004
0.1472,0.0528
0.1472,0.0512
0.1472,0.049600000000000005
0.1472,0.048
0.1472,0.046400000000000004
0.1472,0.0448
0.1472,0.0432
0.1472,0.041600000000000005
0.1472,0.04
0.1472,0.038400000000000004
0.1472,0.0368
0.1472,0.0352
0.1472,0.033600000000000005
0.1472,0.032
0.1472,0.0304
0.1472,0.028800000000000003
0.1472,0.027200000000000002
0.1472,0.0256
0.1472,0.024
0.1472,0.0224
0.1472,0.020800000000000003
0.1472,0.019200000000000002
0.1472,0.0176
0.1472,0.016
0.1472,0.014400000000000001
0.1472,0.0128
0.1472,0.0112
0.1472,0.009600000000000001
0.1472,0.008
0.1472,0.0064
0.1472,0.0048000000000000004
0.1472,0.0032
0.1472,0.0016
0.1472,0.
0.,0.12640000000000012
0.0016,0.12640000000000012
0.0032,0.12640000000000012
0.0048000000000000004,0.12640000000000012
0.0064,0.12640000000000012
0.008,0.12640000000000012
0.009600000000000001,0.12640000000000012
0.0112,0.12640000000000012
0.0128,0.12640000000000012
0.014400000000000001,0.12640000000000012
0.016,0.12640000000000012
0.0176,0.12640000000000012
0.019200000000000002,0.12640000000000012
0.020800000000000003,0.12640000000000012
0.0224,0.12640000000000012
0.024,0.12640000000000012
0.0256,0.12640000000000012
0.027200000000000002,0.12640000000000012
0.028800000000000003,0.12640000000000012
0.0304,0.12640000000000012
0.032,0.12640000000000012
0.033600000000000005,0.12640000000000012
0.0352,0.12640000000000012
0.0368,0.12640000000000012
0.038400000000000004,0.12640000000000012
0.04,0.12640000000000012
0.041600000000000005,0.12640000000000012
0.0432,0.12640000000000012
0.0448,0.12640000000000012
0.046400000000000004,0.12640000000000012
0.048,0.12640000000000012
0.049600000000000005,0.12640000000000012
0.0512,0.12640000000000012
0.0528,0.12640000000000012
0.054400000000000004,0.12640000000000012
0.056,0.12640000000000012
0.057600000000000005,0.12640000000000012
0.0592,0.12640000000000012
0.0608,0.12640000000000012
0.062400000000000004,0.12640000000000012
0.064,0.12640000000000012
0.0656,0.12640000000000012
0.06720000000000001,0.12640000000000012
0.0688,0.12640000000000012
0.0704,0.12640000000000012
0.07200000000000001,0.12640000000000012
0.0736,0.12640000000000012
0.0752,0.12640000000000012
0.07680000000000001,0.12640000000000012
0.0784,0.12640000000000012
0.08,0.12640000000000012
0.0816,0.12640000000000012
0.08320000000000001,0.12640000000000012
0.0848,0.12640000000000012
0.0864,0.12640000000000012
0.08800000000000001,0.12640000000000012
0.0896,0.12640000000000012
0.0912,0.12640000000000012
0.09280000000000001,0.12640000000000012
0.0944,0.12640000000000012
0.096,0.12640000000000012
0.0976,0.12640000000000012
0.09920000000000001,0.12640000000000012
0.1008,0.12640000000000012
0.1024,0.12640000000000012
0.10400000000000001,0.12640000000000012
0.1056,0.12640000000000012
0.1072,0.12640000000000012
0.10880000000000001,0.12640000000000012
0.11040000000000001,0.12640000000000012
0.112,0.12640000000000012
0.1136,0.12640000000000012
0.11520000000000001,0.12640000000000012
0.1168,0.12640000000000012
0.1184,0.12640000000000012
0.12000000000000001,0.12640000000000012
0.1216,0.12640000000000012
0.1232,0.12640000000000012
0.12480000000000001,0.12640000000000012
0.1264,0.12640000000000012
0.128,0.12640000000000012
0.1296,0.12640000000000012
0.1312,0.12640000000000012
0.1328,0.12640000000000012
0.13440000000000002,0.12640000000000012
0.136,0.12640000000000012
0.1376,0.12640000000000012
0.13920000000000002,0.12640000000000012
0.1408,0.12640000000000012
0.1424,0.12640000000000012
0.14400000000000002,0.12640000000000012
0.1456,0.12640000000000012
0.1472,0.12640000000000012
0.14880000000000002,0.12640000000000012
0.14880000000000002,0.12480000000000001
0.14880000000000002,0.1232
0.14880000000000002,0.1216
0.14880000000000002,0.12000000000000001
0.14880000000000002,0.1184
0.14880000000000002,0.1168
0.14880000000000002,0.11520000000000001
0.14880000000000002,0.1136
0.14880000000000002,0.112
0.14880000000000002,0.11040000000000001
0.14880000000000002,0.10880000000000001
0.14880000000000002,0.1072
0.14880000000000002,0.1056
0.14880000000000002,0.10400000000000001
0.14880000000000002,0.1024
0.14880000000000002,0.1008
0.14880000000000002,0.09920000000000001
0.14880000000000002,0.0976
0.14880000000000002,0.096
0.14880000000000002,0.0944
0.14880000000000002,0.09280000000000001
0.14880000000000002,0.0912
0.14880000000000002,0.0896
0.14880000000000002,0.08800000000000001
0.14880000000000002,0.0864
0.14880000000000002,0.0848
0.14880000000000002,0.08320000000000001
0.14880000000000002,0.0816
0.14880000000000002,0.08
0.14880000000000002,0.0784
0.14880000000000002,0.07680000000000001
0.14880000000000002,0.0752
0.14880000000000002,0.0736
0.14880000000000002,0.07200000000000001
0.14880000000000002,0.0704
0.14880000000000002,0.0688
0.14880000000000002,0.06720000000000001
0.14880000000000002,0.0656
0.14880000000000002,0.064
0.14880000000000002,0.062400000000000004
0.14880000000000002,0.0608
0.14880000000000002,0.0592
0.14880000000000002,0.057600000000000005
0.14880000000000002,0.056
0.14880000000000002,0.054400000000000004
0.14880000000000002,0.0528
0.14880000000000002,0.0512
0.14880000000000002,0.049600000000000005
0.14880000000000002,0.048
0.14880000000000002,0.046400000000000004
0.14880000000000002,0.0448
0.14880000000000002,0.0432
0.14880000000000002,0.041600000000000005
0.14880000000000002,0.04
0.14880000000000002,0.038400000000000004
0.14880000000000002,0.0368
0.14880000000000002,0.0352
0.14880000000000002,0.033600000000000005
0.14880000000000002,0.032
0.14880000000000002,0.0304
0.14880000000000002,0.028800000000000003
0.14880000000000002,0.027200000000000002
0.14880000000000002,0.0256
0.14880000000000002,0.024
0.14880000000000002,0.0224
0.14880000000000002,0.020800000000000003
0.14880000000000002,0.019200000000000002
0.14880000000000002,0.0176
0.14880000000000002,0.016
0.14880000000000002,0.014400000000000001
0.14880000000000002,0.0128
0.14880000000000002,0.0112
0.14880000000000002,0.009600000000000001
0.14880000000000002,0.008
0.14880000000000002,0.0064
0.14880000000000002,0.0048000000000000004
0.14880000000000002,0.0032
0.14880000000000002,0.0016
0.14880000000000002,0.
0.,0.1280000000000001
0.0016,0.1280000000000001
0.0032,0.1280000000000001
0.0048000000000000004,0.1280000000000001
0.0064,0.1280000000000001
0.008,0.1280000000000001
0.009600000000000001,0.1280000000000001
0.0112,0.1280000000000001
0.0128,0.1280000000000001
0.014400000000000001,0.1280000000000001
0.016,0.1280000000000001
0.0176,0.1280000000000001
0.019200000000000002,0.1280000000000001
0.020800000000000003,0.1280000000000001
0.0224,0.1280000000000001
0.024,0.1280000000000001
0.0256,0.1280000000000001
0.027200000000000002,0.1280000000000001
0.028800000000000003,0.1280000000000001
0.0304,0.1280000000000001
0.032,0.1280000000000001
0.033600000000000005,0.1280000000000001
0.0352,0.1280000000000001
0.0368,0.1280000000000001
0.038400000000000004,0.1280000000000001
0.04,0.1280000000000001
0.041600000000000005,0.1280000000000001
0.0432,0.1280000000000001
0.0448,0.1280000000000001
0.046400000000000004,0.1280000000000001
0.048,0.1280000000000001
0.049600000000000005,0.1280000000000001
0.0512,0.1280000000000001
0.0528,0.1280000000000001
0.054400000000000004,0.1280000000000001
0.056,0.1280000000000001
0.057600000000000005,0.1280000000000001
0.0592,0.1280000000000001
0.0608,0.1280000000000001
0.062400000000000004,0.1280000000000001
0.064,0.1280000000000001
0.0656,0.1280000000000001
0.06720000000000001,0.1280000000000001
0.0688,0.1280000000000001
0.0704,0.1280000000000001
0.07200000000000001,0.1280000000000001
0.0736,0.1280000000000001
0.0752,0.1280000000000001
0.07680000000000001,0.1280000000000001
0.0784,0.1280000000000001
0.08,0.1280000000000001
0.0816,0.1280000000000001
0.08320000000000001,0.1280000000000001
0.0848,0.1280000000000001
0.0864,0.1280000000000001
0.08800000000000001,0.1280000000000001
0.0896,0.1280000000000001
0.0912,0.1280000000000001
0.09280000000000001,0.1280000000000001
0.0944,0.1280000000000001
0.096,0.1280000000000001
0.0976,0.1280000000000001
0.09920000000000001,0.1280000000000001
0.1008,0.1280000000000001
0.1024,0.1280000000000001
0.10400000000000001,0.1280000000000001
0.1056,0.1280000000000001
0.1072,0.1280000000000001
0.10880000000000001,0.1280000000000001
0.11040000000000001,0.1280000000000001
0.112,0.1280000000000001
0.1136,0.1280000000000001
0.11520000000000001,0.1280000000000001
0.1168,0.1280000000000001
0.1184,0.1280000000000001
0.12000000000000001,0.1280000000000001
0.1216,0.1280000000000001
0.1232,0.1280000000000001
0.12480000000000001,0.1280000000000001
0.1264,0.1280000000000001
0.128,0.1280000000000001
0.1296,0.1280000000000001
0.1312,0.1280000000000001
0.1328,0.1280000000000001
0.13440000000000002,0.1280000000000001
0.136,0.1280000000000001
0.1376,0.1280000000000001
0.13920000000000002,0.1280000000000001
0.1408,0.1280000000000001
0.1424,0.1280000000000001
0.14400000000000002,0.1280000000000001
0.1456,0.1280000000000001
0.1472,0.1280000000000001
0.14880000000000002,0.1280000000000001
0.1504,0.1280000000000001
0.1504,0.1264
0.1504,0.12480000000000001
0.1504,0.1232
0.1504,0.1216
0.1504,0.12000000000000001
0.1504,0.1184
0.1504,0.1168
0.1504,0.11520000000000001
0.1504,0.1136
0.1504,0.112
0.1504,0.11040000000000001
0.1504,0.10880000000000001
0.1504,0.1072
0.1504,0.1056
0.1504,0.10400000000000001
0.1504,0.1024
0.1504,0.1008
0.1504,0.09920000000000001
0.1504,0.0976
0.1504,0.096
0.1504,0.0944
0.1504,0.09280000000000001
0.1504,0.0912
0.1504,0.0896
0.1504,0.08800000000000001
0.1504,0.0864
0.1504,0.0848
0.1504,0.08320000000000001
0.1504,0.0816
0.1504,0.08
0.1504,0.0784
0.1504,0.07680000000000001
0.1504,0.0752
0.1504,0.0736
0.1504,0.07200000000000001
0.1504,0.0704
0.1504,0.0688
0.1504,0.06720000000000001
0.1504,0.0656
0.1504,0.064
0.1504,0.062400000000000004
0.1504,0.0608
0.1504,0.0592
0.1504,0.057600000000000005
0.1504,0.056
0.1504,0.054400000000000004
0.1504,0.0528
0.1504,0.0512
0.1504,0.049600000000000005
0.1504,0.048
0.1504,0.046400000000000004
0.1504,0.0448
0.1504,0.0432
0.1504,0.041600000000000005
0.1504,0.04
0.1504,0.038400000000000004
0.1504,0.0368
0.1504,0.0352
0.1504,0.033600000000000005
0.1504,0.032
0.1504,0.0304
0.1504,0.028800000000000003
0.1504,0.027200000000000002
0.1504,0.0256
0.1504,0.024
0.1504,0.0224
0.1504,0.020800000000000003
0.1504,0.019200000000000002
0.1504,0.0176
0.1504,0.016
0.1504,0.014400000000000001
0.1504,0.0128
0.1504,0.0112
0.1504,0.009600000000000001
0.1504,0.008
0.1504,0.0064
0.1504,0.0048000000000000004
0.1504,0.0032
0.1504,0.0016
0.1504,0.
0.,0.1296000000000001
0.0016,0.1296000000000001
0.0032,0.1296000000000001
0.0048000000000000004,0.1296000000000001
0.0064,0.1296000000000001
0.008,0.1296000000000001
0.009600000000000001,0.1296000000000001
0.0112,0.1296000000000001
0.0128,0.1296000000000001
0.014400000000000001,0.1296000000000001
0.016,0.1296000000000001
0.0176,0.1296000000000001
0.019200000000000002,0.1296000000000001
0.020800000000000003,0.1296000000000001
0.0224,0.1296000000000001
0.024,0.1296000000000001
0.0256,0.1296000000000001
0.027200000000000002,0.1296000000000001
0.028800000000000003,0.1296000000000001
0.0304,0.1296000000000001
0.032,0.1296000000000001
0.033600000000000005,0.1296000000000001
0.0352,0.1296000000000001
0.0368,0.1296000000000001
0.038400000000000004,0.1296000000000001
0.04,0.1296000000000001
0.041600000000000005,0.1296000000000001
0.0432,0.1296000000000001
0.0448,0.1296000000000001
0.046400000000000004,0.1296000000000001
0.048,0.1296000000000001
0.049600000000000005,0.1296000000000001
0.0512,0.1296000000000001
0.0528,0.1296000000000001
0.054400000000000004,0.1296000000000001
0.056,0.1296000000000001
0.057600000000000005,0.1296000000000001
0.0592,0.1296000000000001
0.0608,0.1296000000000001
0.062400000000000004,0.1296000000000001
0.064,0.1296000000000001
0.0656,0.1296000000000001
0.06720000000000001,0.1296000000000001
0.0688,0.1296000000000001
0.0704,0.1296000000000001
0.07200000000000001,0.1296000000000001
0.0736,0.1296000000000001
0.0752,0.1296000000000001
0.07680000000000001,0.1296000000000001
0.0784,0.1296000000000001
0.08,0.1296000000000001
0.0816,0.1296000000000001
0.08320000000000001,0.1296000000000001
0.0848,0.1296000000000001
0.0864,0.1296000000000001
0.08800000000000001,0.1296000000000001
0.0896,0.1296000000000001
0.0912,0.1296000000000001
0.09280000000000001,0.1296000000000001
0.0944,0.1296000000000001
0.096,0.1296000000000001
0.0976,0.1296000000000001
0.09920000000000001,0.1296000000000001
0.1008,0.1296000000000001
0.1024,0.1296000000000001
0.10400000000000001,0.1296000000000001
0.1056,0.1296000000000001
0.1072,0.1296000000000001
0.10880000000000001,0.1296000000000001
0.11040000000000001,0.1296000000000001
0.112,0.1296000000000001
0.1136,0.1296000000000001
0.11520000000000001,0.1296000000000001
0.1168,0.1296000000000001
0.1184,0.1296000000000001
0.12000000000000001,0.1296000000000001
0.1216,0.1296000000000001
0.1232,0.1296000000000001
0.12480000000000001,0.1296000000000001
0.1264,0.1296000000000001
0.128,0.1296000000000001
0.1296,0.1296000000000001
0.1312,0.1296000000000001
0.1328,0.1296000000000001
0.13440000000000002,0.1296000000000001
0.136,0.1296000000000001
0.1376,0.1296000000000001
0.13920000000000002,0.1296000000000001
0.1408,0.1296000000000001
0.1424,0.1296000000000001
0.14400000000000002,0.1296000000000001
0.1456,0.1296000000000001
0.1472,0.1296000000000001
0.14880000000000002,0.1296000000000001
0.1504,0.1296000000000001
0.152,0.1296000000000001
0.152,0.128
0.152,0.1264
0.152,0.12480000000000001
0.152,0.1232
0.152,0.1216
0.152,0.12000000000000001
0.152,0.1184
0.152,0.1168
0.152,0.11520000000000001
0.152,0.1136
0.152,0.112
0.152,0.11040000000000001
0.152,0.10880000000000001
0.152,0.1072
0.152,0.1056
0.152,0.10400000000000001
0.152,0.1024
0.152,0.1008
0.152,0.09920000000000001
0.152,0.0976
0.152,0.096
0.152,0.0944
0.152,0.09280000000000001
0.152,0.0912
0.152,0.0896
0.152,0.08800000000000001
0.152,0.0864
0.152,0.0848
0.152,0.08320000000000001
0.152,0.0816
0.152,0.08
0.152,0.0784
0.152,0.07680000000000001
0.152,0.0752
0.152,0.0736
0.152,0.07200000000000001
0.152,0.0704
0.152,0.0688
0.152,0.06720000000000001
0.152,0.0656
0.152,0.064
0.152,0.062400000000000004
0.152,0.0608
0.152,0.0592
0.152,0.057600000000000005
0.152,0.056
0.152,0.054400000000000004
0.152,0.0528
0.152,0.0512
0.152,0.049600000000000005
0.152,0.048
0.152,0.046400000000000004
0.152,0.0448
0.152,0.0432
0.152,0.041600000000000005
0.152,0.04
0.152,0.038400000000000004
0.152,0.0368
0.152,0.0352
0.152,0.033600000000000005
0.152,0.032
0.152,0.0304
0.152,0.028800000000000003
0.152,0.027200000000000002
0.152,0.0256
0.152,0.024
0.152,0.0224
0.152,0.020800000000000003
0.152,0.019200000000000002
0.152,0.0176
0.152,0.016
0.152,0.014400000000000001
0.152,0.0128
0.152,0.0112
0.152,0.009600000000000001
0.152,0.008
0.152,0.0064
0.152,0.0048000000000000004
0.152,0.0032
0.152,0.0016
0.152,0.
0.,0.1312000000000001
0.0016,0.1312000000000001
0.0032,0.1312000000000001
0.0048000000000000004,0.1312000000000001
0.0064,0.1312000000000001
0.008,0.1312000000000001
0.009600000000000001,0.1312000000000001
0.0112,0.1312000000000001
0.0128,0.1312000000000001
0.014400000000000001,0.1312000000000001
0.016,0.1312000000000001
0.0176,0.1312000000000001
0.019200000000000002,0.1312000000000001
0.020800000000000003,0.1312000000000001
0.0224,0.1312000000000001
0.024,0.1312000000000001
0.0256,0.1312000000000001
0.027200000000000002,0.1312000000000001
0.028800000000000003,0.1312000000000001
0.0304,0.1312000000000001
0.032,0.1312000000000001
0.033600000000000005,0.1312000000000001
0.0352,0.1312000000000001
0.0368,0.1312000000000001
0.038400000000000004,0.1312000000000001
0.04,0.1312000000000001
0.041600000000000005,0.1312000000000001
0.0432,0.1312000000000001
0.0448,0.1312000000000001
0.046400000000000004,0.1312000000000001
0.048,0.1312000000000001
0.049600000000000005,0.1312000000000001
0.0512,0.1312000000000001
0.0528,0.1312000000000001
0.054400000000000004,0.1312000000000001
0.056,0.1312000000000001
0.057600000000000005,0.1312000000000001
0.0592,0.1312000000000001
0.0608,0.1312000000000001
0.062400000000000004,0.1312000000000001
0.064,0.1312000000000001
0.0656,0.1312000000000001
0.06720000000000001,0.1312000000000001
0.0688,0.1312000000000001
0.0704,0.1312000000000001
0.07200000000000001,0.1312000000000001
0.0736,0.1312000000000001
0.0752,0.1312000000000001
0.07680000000000001,0.1312000000000001
0.0784,0.1312000000000001
0.08,0.1312000000000001
0.0816,0.1312000000000001
0.08320000000000001,0.1312000000000001
0.0848,0.1312000000000001
0.0864,0.1312000000000001
0.08800000000000001,0.1312000000000001
0.0896,0.1312000000000001
0.0912,0.1312000000000001
0.09280000000000001,0.1312000000000001
0.0944,0.1312000000000001
0.096,0.1312000000000001
0.0976,0.1312000000000001
0.09920000000000001,0.1312000000000001
0.1008,0.1312000000000001
0.1024,0.1312000000000001
0.10400000000000001,0.1312000000000001
0.1056,0.1312000000000001
0.1072,0.1312000000000001
0.10880000000000001,0.1312000000000001
0.11040000000000001,0.1312000000000001
0.112,0.1312000000000001
0.1136,0.1312000000000001
0.11520000000000001,0.1312000000000001
0.1168,0.1312000000000001
0.1184,0.1312000000000001
0.12000000000000001,0.1312000000000001
0.1216,0.1312000000000001
0.1232,0.1312000000000001
0.12480000000000001,0.1312000000000001
0.1264,0.1312000000000001
0.128,0.1312000000000001
0.1296,0.1312000000000001
0.1312,0.1312000000000001
0.1328,0.1312000000000001
0.13440000000000002,0.1312000000000001
0.136,0.1312000000000001
0.1376,0.1312000000000001
0.13920000000000002,0.1312000000000001
0.1408,0.1312000000000001
0.1424,0.1312000000000001
0.14400000000000002,0.1312000000000001
0.1456,0.1312000000000001
0.1472,0.1312000000000001
0.14880000000000002,0.1312000000000001
0.1504,0.1312000000000001
0.152,0.1312000000000001
0.15360000000000001,0.1312000000000001
0.15360000000000001,0.1296
0.15360000000000001,0.128
0.15360000000000001,0.1264
0.15360000000000001,0.12480000000000001
0.15360000000000001,0.1232
0.15360000000000001,0.1216
0.15360000000000001,0.12000000000000001
0.15360000000000001,0.1184
0.15360000000000001,0.1168
0.15360000000000001,0.11520000000000001
0.15360000000000001,0.1136
0.15360000000000001,0.112
0.15360000000000001,0.11040000000000001
0.15360000000000001,0.10880000000000001
0.15360000000000001,0.1072
0.15360000000000001,0.1056
0.15360000000000001,0.10400000000000001
0.15360000000000001,0.1024
0.15360000000000001,0.1008
0.15360000000000001,0.09920000000000001
0.15360000000000001,0.0976
0.15360000000000001,0.096
0.15360000000000001,0.0944
0.15360000000000001,0.09280000000000001
0.15360000000000001,0.0912
0.15360000000000001,0.0896
0.15360000000000001,0.08800000000000001
0.15360000000000001,0.0864
0.15360000000000001,0.0848
0.15360000000000001,0.08320000000000001
0.15360000000000001,0.0816
0.15360000000000001,0.08
0.15360000000000001,0.0784
0.15360000000000001,0.07680000000000001
0.15360000000000001,0.0752
0.15360000000000001,0.0736
0.15360000000000001,0.07200000000000001
0.15360000000000001,0.0704
0.15360000000000001,0.0688
0.15360000000000001,0.06720000000000001
0.15360000000000001,0.0656
0.15360000000000001,0.064
0.15360000000000001,0.062400000000000004
0.15360000000000001,0.0608
0.15360000000000001,0.0592
0.15360000000000001,0.057600000000000005
0.15360000000000001,0.056
0.15360000000000001,0.054400000000000004
0.15360000000000001,0.0528
0.15360000000000001,0.0512
0.15360000000000001,0.049600000000000005
0.15360000000000001,0.048
0.15360000000000001,0.046400000000000004
0.15360000000000001,0.0448
0.15360000000000001,0.0432
0.15360000000000001,0.041600000000000005
0.15360000000000001,0.04
0.15360000000000001,0.038400000000000004
0.15360000000000001,0.0368
0.15360000000000001,0.0352
0.15360000000000001,0.033600000000000005
0.15360000000000001,0.032
0.15360000000000001,0.0304
0.15360000000000001,0.028800000000000003
0.15360000000000001,0.027200000000000002
0.15360000000000001,0.0256
0.15360000000000001,0.024
0.15360000000000001,0.0224
0.15360000000000001,0.020800000000000003
0.15360000000000001,0.019200000000000002
0.15360000000000001,0.0176
0.15360000000000001,0.016
0.15360000000000001,0.014400000000000001
0.15360000000000001,0.0128
0.15360000000000001,0.0112
0.15360000000000001,0.009600000000000001
0.15360000000000001,0.008
0.15360000000000001,0.0064
0.15360000000000001,0.0048000000000000004
0.15360000000000001,0.0032
0.15360000000000001,0.0016
0.15360000000000001,0.
0.,0.13280000000000008
0.0016,0.13280000000000008
0.0032,0.13280000000000008
0.0048000000000000004,0.13280000000000008
0.0064,0.13280000000000008
0.008,0.13280000000000008
0.009600000000000001,0.13280000000000008
0.0112,0.13280000000000008
0.0128,0.13280000000000008
0.014400000000000001,0.13280000000000008
0.016,0.13280000000000008
0.0176,0.13280000000000008
0.019200000000000002,0.13280000000000008
0.020800000000000003,0.13280000000000008
0.0224,0.13280000000000008
0.024,0.13280000000000008
0.0256,0.13280000000000008
0.027200000000000002,0.13280000000000008
0.028800000000000003,0.13280000000000008
0.0304,0.13280000000000008
0.032,0.13280000000000008
0.033600000000000005,0.13280000000000008
0.0352,0.13280000000000008
0.0368,0.13280000000000008
0.038400000000000004,0.13280000000000008
0.04,0.13280000000000008
0.041600000000000005,0.13280000000000008
0.0432,0.13280000000000008
0.0448,0.13280000000000008
0.046400000000000004,0.13280000000000008
0.048,0.13280000000000008
0.049600000000000005,0.13280000000000008
0.0512,0.13280000000000008
0.0528,0.13280000000000008
0.054400000000000004,0.13280000000000008
0.056,0.13280000000000008
0.057600000000000005,0.13280000000000008
0.0592,0.13280000000000008
0.0608,0.13280000000000008
0.062400000000000004,0.13280000000000008
0.064,0.13280000000000008
0.0656,0.13280000000000008
0.06720000000000001,0.13280000000000008
0.0688,0.13280000000000008
0.0704,0.13280000000000008
0.07200000000000001,0.13280000000000008
0.0736,0.13280000000000008
0.0752,0.13280000000000008
0.07680000000000001,0.13280000000000008
0.0784,0.13280000000000008
0.08,0.13280000000000008
0.0816,0.13280000000000008
0.08320000000000001,0.13280000000000008
0.0848,0.13280000000000008
0.0864,0.13280000000000008
0.08800000000000001,0.13280000000000008
0.0896,0.13280000000000008
0.0912,0.13280000000000008
0.09280000000000001,0.13280000000000008
0.0944,0.13280000000000008
0.096,0.13280000000000008
0.0976,0.13280000000000008
0.09920000000000001,0.13280000000000008
0.1008,0.13280000000000008
0.1024,0.13280000000000008
0.10400000000000001,0.13280000000000008
0.1056,0.13280000000000008
0.1072,0.13280000000000008
0.10880000000000001,0.13280000000000008
0.11040000000000001,0.13280000000000008
0.112,0.13280000000000008
0.1136,0.13280000000000008
0.11520000000000001,0.13280000000000008
0.1168,0.13280000000000008
0.1184,0.13280000000000008
0.12000000000000001,0.13280000000000008
0.1216,0.13280000000000008
0.1232,0.13280000000000008
0.12480000000000001,0.13280000000000008
0.1264,0.13280000000000008
0.128,0.13280000000000008
0.1296,0.13280000000000008
0.1312,0.13280000000000008
0.1328,0.13280000000000008
0.13440000000000002,0.13280000000000008
0.136,0.13280000000000008
0.1376,0.13280000000000008
0.13920000000000002,0.13280000000000008
0.1408,0.13280000000000008
0.1424,0.13280000000000008
0.14400000000000002,0.13280000000000008
0.1456,0.13280000000000008
0.1472,0.13280000000000008
0.14880000000000002,0.13280000000000008
0.1504,0.13280000000000008
0.152,0.13280000000000008
0.15360000000000001,0.13280000000000008
0.1552,0.13280000000000008
0.1552,0.1312
0.1552,0.1296
0.1552,0.128
0.1552,0.1264
0.1552,0.12480000000000001
0.1552,0.1232
0.1552,0.1216
0.1552,0.12000000000000001
0.1552,0.1184
0.1552,0.1168
0.1552,0.11520000000000001
0.1552,0.1136
0.1552,0.112
0.1552,0.11040000000000001
0.1552,0.10880000000000001
0.1552,0.1072
0.1552,0.1056
0.1552,0.10400000000000001
0.1552,0.1024
0.1552,0.1008
0.1552,0.09920000000000001
0.1552,0.0976
0.1552,0.096
0.1552,0.0944
0.1552,0.09280000000000001
0.1552,0.0912
0.1552,0.0896
0.1552,0.08800000000000001
0.1552,0.0864
0.1552,0.0848
0.1552,0.08320000000000001
0.1552,0.0816
0.1552,0.08
0.1552,0.0784
0.1552,0.07680000000000001
0.1552,0.0752
0.1552,0.0736
0.1552,0.07200000000000001
0.1552,0.0704
0.1552,0.0688
0.1552,0.06720000000000001
0.1552,0.0656
0.1552,0.064
0.1552,0.062400000000000004
0.1552,0.0608
0.1552,0.0592
0.1552,0.057600000000000005
0.1552,0.056
0.1552,0.054400000000000004
0.1552,0.0528
0.1552,0.0512
0.1552,0.049600000000000005
0.1552,0.048
0.1552,0.046400000000000004
0.1552,0.0448
0.1552,0.0432
0.1552,0.041600000000000005
0.1552,0.04
0.1552,0.038400000000000004
0.1552,0.0368
0.1552,0.0352
0.1552,0.033600000000000005
0.1552,0.032
0.1552,0.0304
0.1552,0.028800000000000003
0.1552,0.027200000000000002
0.1552,0.0256
0.1552,0.024
0.1552,0.0224
0.1552,0.020800000000000003
0.1552,0.019200000000000002
0.1552,0.0176
0.1552,0.016
0.1552,0.014400000000000001
0.1552,0.0128
0.1552,0.0112
0.1552,0.009600000000000001
0.1552,0.008
0.1552,0.0064
0.1552,0.0048000000000000004
0.1552,0.0032
0.1552,0.0016
0.1552,0.
0.,0.13440000000000007
0.0016,0.13440000000000007
0.0032,0.13440000000000007
0.0048000000000000004,0.13440000000000007
0.0064,0.13440000000000007
0.008,0.13440000000000007
0.009600000000000001,0.13440000000000007
0.0112,0.13440000000000007
0.0128,0.13440000000000007
0.014400000000000001,0.13440000000000007
0.016,0.13440000000000007
0.0176,0.13440000000000007
0.019200000000000002,0.13440000000000007
0.020800000000000003,0.13440000000000007
0.0224,0.13440000000000007
0.024,0.13440000000000007
0.0256,0.13440000000000007
0.027200000000000002,0.13440000000000007
0.028800000000000003,0.13440000000000007
0.0304,0.13440000000000007
0.032,0.13440000000000007
0.033600000000000005,0.13440000000000007
0.0352,0.13440000000000007
0.0368,0.13440000000000007
0.038400000000000004,0.13440000000000007
0.04,0.13440000000000007
0.041600000000000005,0.13440000000000007
0.0432,0.13440000000000007
0.0448,0.13440000000000007
0.046400000000000004,0.13440000000000007
0.048,0.13440000000000007
0.049600000000000005,0.13440000000000007
0.0512,0.13440000000000007
0.0528,0.13440000000000007
0.054400000000000004,0.13440000000000007
0.056,0.13440000000000007
0.057600000000000005,0.13440000000000007
0.0592,0.13440000000000007
0.0608,0.13440000000000007
0.062400000000000004,0.13440000000000007
0.064,0.13440000000000007
0.0656,0.13440000000000007
0.06720000000000001,0.13440000000000007
0.0688,0.13440000000000007
0.0704,0.13440000000000007
0.07200000000000001,0.13440000000000007
0.0736,0.13440000000000007
0.0752,0.13440000000000007
0.07680000000000001,0.13440000000000007
0.0784,0.13440000000000007
0.08,0.13440000000000007
0.0816,0.13440000000000007
0.08320000000000001,0.13440000000000007
0.0848,0.13440000000000007
0.0864,0.13440000000000007
0.08800000000000001,0.13440000000000007
0.0896,0.13440000000000007
0.0912,0.13440000000000007
0.09280000000000001,0.13440000000000007
0.0944,0.13440000000000007
0.096,0.13440000000000007
0.0976,0.13440000000000007
0.09920000000000001,0.13440000000000007
0.1008,0.13440000000000007
0.1024,0.13440000000000007
0.10400000000000001,0.13440000000000007
0.1056,0.13440000000000007
0.1072,0.13440000000000007
0.10880000000000001,0.13440000000000007
0.11040000000000001,0.13440000000000007
0.112,0.13440000000000007
0.1136,0.13440000000000007
0.11520000000000001,0.13440000000000007
0.1168,0.13440000000000007
0.1184,0.13440000000000007
0.12000000000000001,0.13440000000000007
0.1216,0.13440000000000007
0.1232,0.13440000000000007
0.12480000000000001,0.13440000000000007
0.1264,0.13440000000000007
0.128,0.13440000000000007
0.1296,0.13440000000000007
0.1312,0.13440000000000007
0.1328,0.13440000000000007
0.13440000000000002,0.13440000000000007
0.136,0.13440000000000007
0.1376,0.13440000000000007
0.13920000000000002,0.13440000000000007
0.1408,0.13440000000000007
0.1424,0.13440000000000007
0.14400000000000002,0.13440000000000007
0.1456,0.13440000000000007
0.1472,0.13440000000000007
0.14880000000000002,0.13440000000000007
0.1504,0.13440000000000007
0.152,0.13440000000000007
0.15360000000000001,0.13440000000000007
0.1552,0.13440000000000007
0.1568,0.13440000000000007
0.1568,0.1328
0.1568,0.1312
0.1568,0.1296
0.1568,0.128
0.1568,0.1264
0.1568,0.12480000000000001
0.1568,0.1232
0.1568,0.1216
0.1568,0.12000000000000001
0.1568,0.1184
0.1568,0.1168
0.1568,0.11520000000000001
0.1568,0.1136
0.1568,0.112
0.1568,0.11040000000000001
0.1568,0.10880000000000001
0.1568,0.1072
0.1568,0.1056
0.1568,0.10400000000000001
0.1568,0.1024
0.1568,0.1008
0.1568,0.09920000000000001
0.1568,0.0976
0.1568,0.096
0.1568,0.0944
0.1568,0.09280000000000001
0.1568,0.0912
0.1568,0.0896
0.1568,0.08800000000000001
0.1568,0.0864
0.1568,0.0848
0.1568,0.08320000000000001
0.1568,0.0816
0.1568,0.08
0.1568,0.0784
0.1568,0.07680000000000001
0.1568,0.0752
0.1568,0.0736
0.1568,0.07200000000000001
0.1568,0.0704
0.1568,0.0688
0.1568,0.06720000000000001
0.1568,0.0656
0.1568,0.064
0.1568,0.062400000000000004
0.1568,0.0608
0.1568,0.0592
0.1568,0.057600000000000005
0.1568,0.056
0.1568,0.054400000000000004
0.1568,0.0528
0.1568,0.0512
0.1568,0.049600000000000005
0.1568,0.048
0.1568,0.046400000000000004
0.1568,0.0448
0.1568,0.0432
0.1568,0.041600000000000005
0.1568,0.04
0.1568,0.038400000000000004
0.1568,0.0368
0.1568,0.0352
0.1568,0.033600000000000005
0.1568,0.032
0.1568,0.0304
0.1568,0.028800000000000003
0.1568,0.027200000000000002
0.1568,0.0256
0.1568,0.024
0.1568,0.0224
0.1568,0.020800000000000003
0.1568,0.019200000000000002
0.1568,0.0176
0.1568,0.016
0.1568,0.014400000000000001
0.1568,0.0128
0.1568,0.0112
0.1568,0.009600000000000001
0.1568,0.008
0.1568,0.0064
0.1568,0.0048000000000000004
0.1568,0.0032
0.1568,0.0016
0.1568,0.
0.,0.13600000000000007
0.0016,0.13600000000000007
0.0032,0.13600000000000007
0.0048000000000000004,0.13600000000000007
0.0064,0.13600000000000007
0.008,0.13600000000000007
0.009600000000000001,0.13600000000000007
0.0112,0.13600000000000007
0.0128,0.13600000000000007
0.014400000000000001,0.13600000000000007
0.016,0.13600000000000007
0.0176,0.13600000000000007
0.019200000000000002,0.13600000000000007
0.020800000000000003,0.13600000000000007
0.0224,0.13600000000000007
0.024,0.13600000000000007
0.0256,0.13600000000000007
0.027200000000000002,0.13600000000000007
0.028800000000000003,0.13600000000000007
0.0304,0.13600000000000007
0.032,0.13600000000000007
0.033600000000000005,0.13600000000000007
0.0352,0.13600000000000007
0.0368,0.13600000000000007
0.038400000000000004,0.13600000000000007
0.04,0.13600000000000007
0.041600000000000005,0.13600000000000007
0.0432,0.13600000000000007
0.0448,0.13600000000000007
0.046400000000000004,0.13600000000000007
0.048,0.13600000000000007
0.049600000000000005,0.13600000000000007
0.0512,0.13600000000000007
0.0528,0.13600000000000007
0.054400000000000004,0.13600000000000007
0.056,0.13600000000000007
0.057600000000000005,0.13600000000000007
0.0592,0.13600000000000007
0.0608,0.13600000000000007
0.062400000000000004,0.13600000000000007
0.064,0.13600000000000007
0.0656,0.13600000000000007
0.06720000000000001,0.13600000000000007
0.0688,0.13600000000000007
0.0704,0.13600000000000007
0.07200000000000001,0.13600000000000007
0.0736,0.13600000000000007
0.0752,0.13600000000000007
0.07680000000000001,0.13600000000000007
0.0784,0.13600000000000007
0.08,0.13600000000000007
0.0816,0.13600000000000007
0.08320000000000001,0.13600000000000007
0.0848,0.13600000000000007
0.0864,0.13600000000000007
0.08800000000000001,0.13600000000000007
0.0896,0.13600000000000007
0.0912,0.13600000000000007
0.09280000000000001,0.13600000000000007
0.0944,0.13600000000000007
0.096,0.13600000000000007
0.0976,0.13600000000000007
0.09920000000000001,0.13600000000000007
0.1008,0.13600000000000007
0.1024,0.13600000000000007
0.10400000000000001,0.13600000000000007
0.1056,0.13600000000000007
0.1072,0.13600000000000007
0.10880000000000001,0.13600000000000007
0.11040000000000001,0.13600000000000007
0.112,0.13600000000000007
0.1136,0.13600000000000007
0.11520000000000001,0.13600000000000007
0.1168,0.13600000000000007
0.1184,0.13600000000000007
0.12000000000000001,0.13600000000000007
0.1216,0.13600000000000007
0.1232,0.13600000000000007
0.12480000000000001,0.13600000000000007
0.1264,0.13600000000000007
0.128,0.13600000000000007
0.1296,0.13600000000000007
0.1312,0.13600000000000007
0.1328,0.13600000000000007
0.13440000000000002,0.13600000000000007
0.136,0.13600000000000007
0.1376,0.13600000000000007
0.13920000000000002,0.13600000000000007
0.1408,0.13600000000000007
0.1424,0.13600000000000007
0.14400000000000002,0.13600000000000007
0.1456,0.13600000000000007
0.1472,0.13600000000000007
0.14880000000000002,0.13600000000000007
0.1504,0.13600000000000007
0.152,0.13600000000000007
0.15360000000000001,0.13600000000000007
0.1552,0.13600000000000007
0.1568,0.13600000000000007
0.1584,0.13600000000000007
0.1584,0.13440000000000002
0.1584,0.1328
0.1584,0.1312
0.1584,0.1296
0.1584,0.128
0.1584,0.1264
0.1584,0.12480000000000001
0.1584,0.1232
0.1584,0.1216
0.1584,0.12000000000000001
0.1584,0.1184
0.1584,0.1168
0.1584,0.11520000000000001
0.1584,0.1136
0.1584,0.112
0.1584,0.11040000000000001
0.1584,0.10880000000000001
0.1584,0.1072
0.1584,0.1056
0.1584,0.10400000000000001
0.1584,0.1024
0.1584,0.1008
0.1584,0.09920000000000001
0.1584,0.0976
0.1584,0.096
0.1584,0.0944
0.1584,0.09280000000000001
0.1584,0.0912
0.1584,0.0896
0.1584,0.08800000000000001
0.1584,0.0864
0.1584,0.0848
0.1584,0.08320000000000001
0.1584,0.0816
0.1584,0.08
0.1584,0.0784
0.1584,0.07680000000000001
0.1584,0.0752
0.1584,0.0736
0.1584,0.07200000000000001
0.1584,0.0704
0.1584,0.0688
0.1584,0.06720000000000001
0.1584,0.0656
0.1584,0.064
0.1584,0.062400000000000004
0.1584,0.0608
0.1584,0.0592
0.1584,0.057600000000000005
0.1584,0.056
0.1584,0.054400000000000004
0.1584,0.0528
0.1584,0.0512
0.1584,0.049600000000000005
0.1584,0.048
0.1584,0.046400000000000004
0.1584,0.0448
0.1584,0.0432
0.1584,0.041600000000000005
0.1584,0.04
0.1584,0.038400000000000004
0.1584,0.0368
0.1584,0.0352
0.1584,0.033600000000000005
0.1584,0.032
0.1584,0.0304
0.1584,0.028800000000000003
0.1584,0.027200000000000002
0.1584,0.0256
0.1584,0.024
0.1584,0.0224
0.1584,0.020800000000000003
0.1584,0.019200000000000002
0.1584,0.0176
0.1584,0.016
0.1584,0.014400000000000001
0.1584,0.0128
0.1584,0.0112
0.1584,0.009600000000000001
0.1584,0.008
0.1584,0.0064
0.1584,0.0048000000000000004
0.1584,0.0032
0.1584,0.0016
0.1584,0.
0.,0.13760000000000006
0.0016,0.13760000000000006
0.0032,0.13760000000000006
0.0048000000000000004,0.13760000000000006
0.0064,0.13760000000000006
0.008,0.13760000000000006
0.009600000000000001,0.13760000000000006
0.0112,0.13760000000000006
0.0128,0.13760000000000006
0.014400000000000001,0.13760000000000006
0.016,0.13760000000000006
0.0176,0.13760000000000006
0.019200000000000002,0.13760000000000006
0.020800000000000003,0.13760000000000006
0.0224,0.13760000000000006
0.024,0.13760000000000006
0.0256,0.13760000000000006
0.027200000000000002,0.13760000000000006
0.028800000000000003,0.13760000000000006
0.0304,0.13760000000000006
0.032,0.13760000000000006
0.033600000000000005,0.13760000000000006
0.0352,0.13760000000000006
0.0368,0.13760000000000006
0.038400000000000004,0.13760000000000006
0.04,0.13760000000000006
0.041600000000000005,0.13760000000000006
0.0432,0.13760000000000006
0.0448,0.13760000000000006
0.046400000000000004,0.13760000000000006
0.048,0.13760000000000006
0.049600000000000005,0.13760000000000006
0.0512,0.13760000000000006
0.0528,0.13760000000000006
0.054400000000000004,0.13760000000000006
0.056,0.13760000000000006
0.057600000000000005,0.13760000000000006
0.0592,0.13760000000000006
0.0608,0.13760000000000006
0.062400000000000004,0.13760000000000006
0.064,0.13760000000000006
0.0656,0.13760000000000006
0.06720000000000001,0.13760000000000006
0.0688,0.13760000000000006
0.0704,0.13760000000000006
0.07200000000000001,0.13760000000000006
0.0736,0.13760000000000006
0.0752,0.13760000000000006
0.07680000000000001,0.13760000000000006
0.0784,0.13760000000000006
0.08,0.13760000000000006
0.0816,0.13760000000000006
0.08320000000000001,0.13760000000000006
0.0848,0.13760000000000006
0.0864,0.13760000000000006
0.08800000000000001,0.13760000000000006
0.0896,0.13760000000000006
0.0912,0.13760000000000006
0.09280000000000001,0.13760000000000006
0.0944,0.13760000000000006
0.096,0.13760000000000006
0.0976,0.13760000000000006
0.09920000000000001,0.13760000000000006
0.1008,0.13760000000000006
0.1024,0.13760000000000006
0.10400000000000001,0.13760000000000006
0.1056,0.13760000000000006
0.1072,0.13760000000000006
0.10880000000000001,0.13760000000000006
0.11040000000000001,0.13760000000000006
0.112,0.13760000000000006
0.1136,0.13760000000000006
0.11520000000000001,0.13760000000000006
0.1168,0.13760000000000006
0.1184,0.13760000000000006
0.12000000000000001,0.13760000000000006
0.1216,0.13760000000000006
0.1232,0.13760000000000006
0.12480000000000001,0.13760000000000006
0.1264,0.13760000000000006
0.128,0.13760000000000006
0.1296,0.13760000000000006
0.1312,0.13760000000000006
0.1328,0.13760000000000006
0.13440000000000002,0.13760000000000006
0.136,0.13760000000000006
0.1376,0.13760000000000006
0.13920000000000002,0.13760000000000006
0.1408,0.13760000000000006
0.1424,0.13760000000000006
0.14400000000000002,0.13760000000000006
0.1456,0.13760000000000006
0.1472,0.13760000000000006
0.14880000000000002,0.13760000000000006
0.1504,0.13760000000000006
0.152,0.13760000000000006
0.15360000000000001,0.13760000000000006
0.1552,0.13760000000000006
0.1568,0.13760000000000006
0.1584,0.13760000000000006
0.16,0.13760000000000006
0.16,0.136
0.16,0.13440000000000002
0.16,0.1328
0.16,0.1312
0.16,0.1296
0.16,0.128
0.16,0.1264
0.16,0.12480000000000001
0.16,0.1232
0.16,0.1216
0.16,0.12000000000000001
0.16,0.1184
0.16,0.1168
0.16,0.11520000000000001
0.16,0.1136
0.16,0.112
0.16,0.11040000000000001
0.16,0.10880000000000001
0.16,0.1072
0.16,0.1056
0.16,0.10400000000000001
0.16,0.1024
0.16,0.1008
0.16,0.09920000000000001
0.16,0.0976
0.16,0.096
0.16,0.0944
0.16,0.09280000000000001
0.16,0.0912
0.16,0.0896
0.16,0.08800000000000001
0.16,0.0864
0.16,0.0848
0.16,0.08320000000000001
0.16,0.0816
0.16,0.08
0.16,0.0784
0.16,0.07680000000000001
0.16,0.0752
0.16,0.0736
0.16,0.07200000000000001
0.16,0.0704
0.16,0.0688
0.16,0.06720000000000001
0.16,0.0656
0.16,0.064
0.16,0.062400000000000004
0.16,0.0608
0.16,0.0592
0.16,0.057600000000000005
0.16,0.056
0.16,0.054400000000000004
0.16,0.0528
0.16,0.0512
0.16,0.049600000000000005
0.16,0.048
0.16,0.046400000000000004
0.16,0.0448
0.16,0.0432
0.16,0.041600000000000005
0.16,0.04
0.16,0.038400000000000004
0.16,0.0368
0.16,0.0352
0.16,0.033600000000000005
0.16,0.032
0.16,0.0304
0.16,0.028800000000000003
0.16,0.027200000000000002
0.16,0.0256
0.16,0.024
0.16,0.0224
0.16,0.020800000000000003
0.16,0.019200000000000002
0.16,0.0176
0.16,0.016
0.16,0.014400000000000001
0.16,0.0128
0.16,0.0112
0.16,0.009600000000000001
0.16,0.008
0.16,0.0064
0.16,0.0048000000000000004
0.16,0.0032
0.16,0.0016
0.16,0.
0.,0.13920000000000005
0.0016,0.13920000000000005
0.0032,0.13920000000000005
0.0048000000000000004,0.13920000000000005
0.0064,0.13920000000000005
0.008,0.13920000000000005
0.009600000000000001,0.13920000000000005
0.0112,0.13920000000000005
0.0128,0.13920000000000005
0.014400000000000001,0.13920000000000005
0.016,0.13920000000000005
0.0176,0.13920000000000005
0.019200000000000002,0.13920000000000005
0.020800000000000003,0.13920000000000005
0.0224,0.13920000000000005
0.024,0.13920000000000005
0.0256,0.13920000000000005
0.027200000000000002,0.13920000000000005
0.028800000000000003,0.13920000000000005
0.0304,0.13920000000000005
0.032,0.13920000000000005
0.033600000000000005,0.13920000000000005
0.0352,0.13920000000000005
0.0368,0.13920000000000005
0.038400000000000004,0.13920000000000005
0.04,0.13920000000000005
0.041600000000000005,0.13920000000000005
0.0432,0.13920000000000005
0.0448,0.13920000000000005
0.046400000000000004,0.13920000000000005
0.048,0.13920000000000005
0.049600000000000005,0.13920000000000005
0.0512,0.13920000000000005
0.0528,0.13920000000000005
0.054400000000000004,0.13920000000000005
0.056,0.13920000000000005
0.057600000000000005,0.13920000000000005
0.0592,0.13920000000000005
0.0608,0.13920000000000005
0.062400000000000004,0.13920000000000005
0.064,0.13920000000000005
0.0656,0.13920000000000005
0.06720000000000001,0.13920000000000005
0.0688,0.13920000000000005
0.0704,0.13920000000000005
0.07200000000000001,0.13920000000000005
0.0736,0.13920000000000005
0.0752,0.13920000000000005
0.07680000000000001,0.13920000000000005
0.0784,0.13920000000000005
0.08,0.13920000000000005
0.0816,0.13920000000000005
0.08320000000000001,0.13920000000000005
0.0848,0.13920000000000005
0.0864,0.13920000000000005
0.08800000000000001,0.13920000000000005
0.0896,0.13920000000000005
0.0912,0.13920000000000005
0.09280000000000001,0.13920000000000005
0.0944,0.13920000000000005
0.096,0.13920000000000005
0.0976,0.13920000000000005
0.09920000000000001,0.13920000000000005
0.1008,0.13920000000000005
0.1024,0.13920000000000005
0.10400000000000001,0.13920000000000005
0.1056,0.13920000000000005
0.1072,0.13920000000000005
0.10880000000000001,0.13920000000000005
0.11040000000000001,0.13920000000000005
0.112,0.13920000000000005
0.1136,0.13920000000000005
0.11520000000000001,0.13920000000000005
0.1168,0.13920000000000005
0.1184,0.13920000000000005
0.12000000000000001,0.13920000000000005
0.1216,0.13920000000000005
0.1232,0.13920000000000005
0.12480000000000001,0.13920000000000005
0.1264,0.13920000000000005
0.128,0.13920000000000005
0.1296,0.13920000000000005
0.1312,0.13920000000000005
0.1328,0.13920000000000005
0.13440000000000002,0.13920000000000005
0.136,0.13920000000000005
0.1376,0.13920000000000005
0.13920000000000002,0.13920000000000005
0.1408,0.13920000000000005
0.1424,0.13920000000000005
0.14400000000000002,0.13920000000000005
0.1456,0.13920000000000005
0.1472,0.13920000000000005
0.14880000000000002,0.13920000000000005
0.1504,0.13920000000000005
0.152,0.13920000000000005
0.15360000000000001,0.13920000000000005
0.1552,0.13920000000000005
0.1568,0.13920000000000005
0.1584,0.13920000000000005
0.16,0.13920000000000005
0.16160000000000002,0.13920000000000005
0.16160000000000002,0.1376
0.16160000000000002,0.136
0.16160000000000002,0.13440000000000002
0.16160000000000002,0.1328
0.16160000000000002,0.1312
0.16160000000000002,0.1296
0.16160000000000002,0.128
0.16160000000000002,0.1264
0.16160000000000002,0.12480000000000001
0.16160000000000002,0.1232
0.16160000000000002,0.1216
0.16160000000000002,0.12000000000000001
0.16160000000000002,0.1184
0.16160000000000002,0.1168
0.16160000000000002,0.11520000000000001
0.16160000000000002,0.1136
0.16160000000000002,0.112
0.16160000000000002,0.11040000000000001
0.16160000000000002,0.10880000000000001
0.16160000000000002,0.1072
0.16160000000000002,0.1056
0.16160000000000002,0.10400000000000001
0.16160000000000002,0.1024
0.16160000000000002,0.1008
0.16160000000000002,0.09920000000000001
0.16160000000000002,0.0976
0.16160000000000002,0.096
0.16160000000000002,0.0944
0.16160000000000002,0.09280000000000001
0.16160000000000002,0.0912
0.16160000000000002,0.0896
0.16160000000000002,0.08800000000000001
0.16160000000000002,0.0864
0.16160000000000002,0.0848
0.16160000000000002,0.08320000000000001
0.16160000000000002,0.0816
0.16160000000000002,0.08
0.16160000000000002,0.0784
0.16160000000000002,0.07680000000000001
0.16160000000000002,0.0752
0.16160000000000002,0.0736
0.16160000000000002,0.07200000000000001
0.16160000000000002,0.0704
0.16160000000000002,0.0688
0.16160000000000002,0.06720000000000001
0.16160000000000002,0.0656
0.16160000000000002,0.064
0.16160000000000002,0.062400000000000004
0.16160000000000002,0.0608
0.16160000000000002,0.0592
0.16160000000000002,0.057600000000000005
0.16160000000000002,0.056
0.16160000000000002,0.054400000000000004
0.16160000000000002,0.0528
0.16160000000000002,0.0512
0.16160000000000002,0.049600000000000005
0.16160000000000002,0.048
0.16160000000000002,0.046400000000000004
0.16160000000000002,0.0448
0.16160000000000002,0.0432
0.16160000000000002,0.041600000000000005
0.16160000000000002,0.04
0.16160000000000002,0.038400000000000004
0.16160000000000002,0.0368
0.16160000000000002,0.0352
0.16160000000000002,0.033600000000000005
0.16160000000000002,0.032
0.16160000000000002,0.0304
0.16160000000000002,0.028800000000000003
0.16160000000000002,0.027200000000000002
0.16160000000000002,0.0256
0.16160000000000002,0.024
0.16160000000000002,0.0224
0.16160000000000002,0.020800000000000003
0.16160000000000002,0.019200000000000002
0.16160000000000002,0.0176
0.16160000000000002,0.016
0.16160000000000002,0.014400000000000001
0.16160000000000002,0.0128
0.16160000000000002,0.0112
0.16160000000000002,0.009600000000000001
0.16160000000000002,0.008
0.16160000000000002,0.0064
0.16160000000000002,0.0048000000000000004
0.16160000000000002,0.0032
0.16160000000000002,0.0016
0.16160000000000002,0.
0.,0.14080000000000004
0.0016,0.14080000000000004
0.0032,0.14080000000000004
0.0048000000000000004,0.14080000000000004
0.0064,0.14080000000000004
0.008,0.14080000000000004
0.009600000000000001,0.14080000000000004
0.0112,0.14080000000000004
0.0128,0.14080000000000004
0.014400000000000001,0.14080000000000004
0.016,0.14080000000000004
0.0176,0.14080000000000004
0.019200000000000002,0.14080000000000004
0.020800000000000003,0.14080000000000004
0.0224,0.14080000000000004
0.024,0.14080000000000004
0.0256,0.14080000000000004
0.027200000000000002,0.14080000000000004
0.028800000000000003,0.14080000000000004
0.0304,0.14080000000000004
0.032,0.14080000000000004
0.033600000000000005,0.14080000000000004
0.0352,0.14080000000000004
0.0368,0.14080000000000004
0.038400000000000004,0.14080000000000004
0.04,0.14080000000000004
0.041600000000000005,0.14080000000000004
0.0432,0.14080000000000004
0.0448,0.14080000000000004
0.046400000000000004,0.14080000000000004
0.048,0.14080000000000004
0.049600000000000005,0.14080000000000004
0.0512,0.14080000000000004
0.0528,0.14080000000000004
0.054400000000000004,0.14080000000000004
0.056,0.14080000000000004
0.057600000000000005,0.14080000000000004
0.0592,0.14080000000000004
0.0608,0.14080000000000004
0.062400000000000004,0.14080000000000004
0.064,0.14080000000000004
0.0656,0.14080000000000004
0.06720000000000001,0.14080000000000004
0.0688,0.14080000000000004
0.0704,0.14080000000000004
0.07200000000000001,0.14080000000000004
0.0736,0.14080000000000004
0.0752,0.14080000000000004
0.07680000000000001,0.14080000000000004
0.0784,0.14080000000000004
0.08,0.14080000000000004
0.0816,0.14080000000000004
0.08320000000000001,0.14080000000000004
0.0848,0.14080000000000004
0.0864,0.14080000000000004
0.08800000000000001,0.14080000000000004
0.0896,0.14080000000000004
0.0912,0.14080000000000004
0.09280000000000001,0.14080000000000004
0.0944,0.14080000000000004
0.096,0.14080000000000004
0.0976,0.14080000000000004
0.09920000000000001,0.14080000000000004
0.1008,0.14080000000000004
0.1024,0.14080000000000004
0.10400000000000001,0.14080000000000004
0.1056,0.14080000000000004
0.1072,0.14080000000000004
0.10880000000000001,0.14080000000000004
0.11040000000000001,0.14080000000000004
0.112,0.14080000000000004
0.1136,0.14080000000000004
0.11520000000000001,0.14080000000000004
0.1168,0.14080000000000004
0.1184,0.14080000000000004
0.12000000000000001,0.14080000000000004
0.1216,0.14080000000000004
0.1232,0.14080000000000004
0.12480000000000001,0.14080000000000004
0.1264,0.14080000000000004
0.128,0.14080000000000004
0.1296,0.14080000000000004
0.1312,0.14080000000000004
0.1328,0.14080000000000004
0.13440000000000002,0.14080000000000004
0.136,0.14080000000000004
0.1376,0.14080000000000004
0.13920000000000002,0.14080000000000004
0.1408,0.14080000000000004
0.1424,0.14080000000000004
0.14400000000000002,0.14080000000000004
0.1456,0.14080000000000004
0.1472,0.14080000000000004
0.14880000000000002,0.14080000000000004
0.1504,0.14080000000000004
0.152,0.14080000000000004
0.15360000000000001,0.14080000000000004
0.1552,0.14080000000000004
0.1568,0.14080000000000004
0.1584,0.14080000000000004
0.16,0.14080000000000004
0.16160000000000002,0.14080000000000004
0.1632,0.14080000000000004
0.1632,0.13920000000000002
0.1632,0.1376
0.1632,0.136
0.1632,0.13440000000000002
0.1632,0.1328
0.1632,0.1312
0.1632,0.1296
0.1632,0.128
0.1632,0.1264
0.1632,0.12480000000000001
0.1632,0.1232
0.1632,0.1216
0.1632,0.12000000000000001
0.1632,0.1184
0.1632,0.1168
0.1632,0.11520000000000001
0.1632,0.1136
0.1632,0.112
0.1632,0.11040000000000001
0.1632,0.10880000000000001
0.1632,0.1072
0.1632,0.1056
0.1632,0.10400000000000001
0.1632,0.1024
0.1632,0.1008
0.1632,0.09920000000000001
0.1632,0.0976
0.1632,0.096
0.1632,0.0944
0.1632,0.09280000000000001
0.1632,0.0912
0.1632,0.0896
0.1632,0.08800000000000001
0.1632,0.0864
0.1632,0.0848
0.1632,0.08320000000000001
0.1632,0.0816
0.1632,0.08
0.1632,0.0784
0.1632,0.07680000000000001
0.1632,0.0752
0.1632,0.0736
0.1632,0.07200000000000001
0.1632,0.0704
0.1632,0.0688
0.1632,0.06720000000000001
0.1632,0.0656
0.1632,0.064
0.1632,0.062400000000000004
0.1632,0.0608
0.1632,0.0592
0.1632,0.057600000000000005
0.1632,0.056
0.1632,0.054400000000000004
0.1632,0.0528
0.1632,0.0512
0.1632,0.049600000000000005
0.1632,0.048
0.1632,0.046400000000000004
0.1632,0.0448
0.1632,0.0432
0.1632,0.041600000000000005
0.1632,0.04
0.1632,0.038400000000000004
0.1632,0.0368
0.1632,0.0352
0.1632,0.033600000000000005
0.1632,0.032
0.1632,0.0304
0.1632,0.028800000000000003
0.1632,0.027200000000000002
0.1632,0.0256
0.1632,0.024
0.1632,0.0224
0.1632,0.020800000000000003
0.1632,0.019200000000000002
0.1632,0.0176
0.1632,0.016
0.1632,0.014400000000000001
0.1632,0.0128
0.1632,0.0112
0.1632,0.009600000000000001
0.1632,0.008
0.1632,0.0064
0.1632,0.0048000000000000004
0.1632,0.0032
0.1632,0.0016
0.1632,0.
0.,0.14240000000000003
0.0016,0.14240000000000003
0.0032,0.14240000000000003
0.0048000000000000004,0.14240000000000003
0.0064,0.14240000000000003
0.008,0.14240000000000003
0.009600000000000001,0.14240000000000003
0.0112,0.14240000000000003
0.0128,0.14240000000000003
0.014400000000000001,0.14240000000000003
0.016,0.14240000000000003
0.0176,0.14240000000000003
0.019200000000000002,0.14240000000000003
0.020800000000000003,0.14240000000000003
0.0224,0.14240000000000003
0.024,0.14240000000000003
0.0256,0.14240000000000003
0.027200000000000002,0.14240000000000003
0.028800000000000003,0.14240000000000003
0.0304,0.14240000000000003
0.032,0.14240000000000003
0.033600000000000005,0.14240000000000003
0.0352,0.14240000000000003
0.0368,0.14240000000000003
0.038400000000000004,0.14240000000000003
0.04,0.14240000000000003
0.041600000000000005,0.14240000000000003
0.0432,0.14240000000000003
0.0448,0.14240000000000003
0.046400000000000004,0.14240000000000003
0.048,0.14240000000000003
0.049600000000000005,0.14240000000000003
0.0512,0.14240000000000003
0.0528,0.14240000000000003
0.054400000000000004,0.14240000000000003
0.056,0.14240000000000003
0.057600000000000005,0.14240000000000003
0.0592,0.14240000000000003
0.0608,0.14240000000000003
0.062400000000000004,0.14240000000000003
0.064,0.14240000000000003
0.0656,0.14240000000000003
0.06720000000000001,0.14240000000000003
0.0688,0.14240000000000003
0.0704,0.14240000000000003
0.07200000000000001,0.14240000000000003
0.0736,0.14240000000000003
0.0752,0.14240000000000003
0.07680000000000001,0.14240000000000003
0.0784,0.14240000000000003
0.08,0.14240000000000003
0.0816,0.14240000000000003
0.08320000000000001,0.14240000000000003
0.0848,0.14240000000000003
0.0864,0.14240000000000003
0.08800000000000001,0.14240000000000003
0.0896,0.14240000000000003
0.0912,0.14240000000000003
0.09280000000000001,0.14240000000000003
0.0944,0.14240000000000003
0.096,0.14240000000000003
0.0976,0.14240000000000003
0.09920000000000001,0.14240000000000003
0.1008,0.14240000000000003
0.1024,0.14240000000000003
0.10400000000000001,0.14240000000000003
0.1056,0.14240000000000003
0.1072,0.14240000000000003
0.10880000000000001,0.14240000000000003
0.11040000000000001,0.14240000000000003
0.112,0.14240000000000003
0.1136,0.14240000000000003
0.11520000000000001,0.14240000000000003
0.1168,0.14240000000000003
0.1184,0.14240000000000003
0.12000000000000001,0.14240000000000003
0.1216,0.14240000000000003
0.1232,0.14240000000000003
0.12480000000000001,0.14240000000000003
0.1264,0.14240000000000003
0.128,0.14240000000000003
0.1296,0.14240000000000003
0.1312,0.14240000000000003
0.1328,0.14240000000000003
0.13440000000000002,0.14240000000000003
0.136,0.14240000000000003
0.1376,0.14240000000000003
0.13920000000000002,0.14240000000000003
0.1408,0.14240000000000003
0.1424,0.14240000000000003
0.14400000000000002,0.14240000000000003
0.1456,0.14240000000000003
0.1472,0.14240000000000003
0.14880000000000002,0.14240000000000003
0.1504,0.14240000000000003
0.152,0.14240000000000003
0.15360000000000001,0.14240000000000003
0.1552,0.14240000000000003
0.1568,0.14240000000000003
0.1584,0.14240000000000003
0.16,0.14240000000000003
0.16160000000000002,0.14240000000000003
0.1632,0.14240000000000003
0.1648,0.14240000000000003
0.1648,0.1408
0.1648,0.13920000000000002
0.1648,0.1376
0.1648,0.136
0.1648,0.13440000000000002
0.1648,0.1328
0.1648,0.1312
0.1648,0.1296
0.1648,0.128
0.1648,0.1264
0.1648,0.12480000000000001
0.1648,0.1232
0.1648,0.1216
0.1648,0.12000000000000001
0.1648,0.1184
0.1648,0.1168
0.1648,0.11520000000000001
0.1648,0.1136
0.1648,0.112
0.1648,0.11040000000000001
0.1648,0.10880000000000001
0.1648,0.1072
0.1648,0.1056
0.1648,0.10400000000000001
0.1648,0.1024
0.1648,0.1008
0.1648,0.09920000000000001
0.1648,0.0976
0.1648,0.096
0.1648,0.0944
0.1648,0.09280000000000001
0.1648,0.0912
0.1648,0.0896
0.1648,0.08800000000000001
0.1648,0.0864
0.1648,0.0848
0.1648,0.08320000000000001
0.1648,0.0816
0.1648,0.08
0.1648,0.0784
0.1648,0.07680000000000001
0.1648,0.0752
0.1648,0.0736
0.1648,0.07200000000000001
0.1648,0.0704
0.1648,0.0688
0.1648,0.06720000000000001
0.1648,0.0656
0.1648,0.064
0.1648,0.062400000000000004
0.1648,0.0608
0.1648,0.0592
0.1648,0.057600000000000005
0.1648,0.056
0.1648,0.054400000000000004
0.1648,0.0528
0.1648,0.0512
0.1648,0.049600000000000005
0.1648,0.048
0.1648,0.046400000000000004
0.1648,0.0448
0.1648,0.0432
0.1648,0.041600000000000005
0.1648,0.04
0.1648,0.038400000000000004
0.1648,0.0368
0.1648,0.0352
0.1648,0.033600000000000005
0.1648,0.032
0.1648,0.0304
0.1648,0.028800000000000003
0.1648,0.027200000000000002
0.1648,0.0256
0.1648,0.024
0.1648,0.0224
0.1648,0.020800000000000003
0.1648,0.019200000000000002
0.1648,0.0176
0.1648,0.016
0.1648,0.014400000000000001
0.1648,0.0128
0.1648,0.0112
0.1648,0.009600000000000001
0.1648,0.008
0.1648,0.0064
0.1648,0.0048000000000000004
0.1648,0.0032
0.1648,0.0016
0.1648,0.
0.,0.14400000000000002
0.0016,0.14400000000000002
0.0032,0.14400000000000002
0.0048000000000000004,0.14400000000000002
0.0064,0.14400000000000002
0.008,0.14400000000000002
0.009600000000000001,0.14400000000000002
0.0112,0.14400000000000002
0.0128,0.14400000000000002
0.014400000000000001,0.14400000000000002
0.016,0.14400000000000002
0.0176,0.14400000000000002
0.019200000000000002,0.14400000000000002
0.020800000000000003,0.14400000000000002
0.0224,0.14400000000000002
0.024,0.14400000000000002
0.0256,0.14400000000000002
0.027200000000000002,0.14400000000000002
0.028800000000000003,0.14400000000000002
0.0304,0.14400000000000002
0.032,0.14400000000000002
0.033600000000000005,0.14400000000000002
0.0352,0.14400000000000002
0.0368,0.14400000000000002
0.038400000000000004,0.14400000000000002
0.04,0.14400000000000002
0.041600000000000005,0.14400000000000002
0.0432,0.14400000000000002
0.0448,0.14400000000000002
0.046400000000000004,0.14400000000000002
0.048,0.14400000000000002
0.049600000000000005,0.14400000000000002
0.0512,0.14400000000000002
0.0528,0.14400000000000002
0.054400000000000004,0.14400000000000002
0.056,0.14400000000000002
0.057600000000000005,0.14400000000000002
0.0592,0.14400000000000002
0.0608,0.14400000000000002
0.062400000000000004,0.14400000000000002
0.064,0.14400000000000002
0.0656,0.14400000000000002
0.06720000000000001,0.14400000000000002
0.0688,0.14400000000000002
0.0704,0.14400000000000002
0.07200000000000001,0.14400000000000002
0.0736,0.14400000000000002
0.0752,0.14400000000000002
0.07680000000000001,0.14400000000000002
0.0784,0.14400000000000002
0.08,0.14400000000000002
0.0816,0.14400000000000002
0.08320000000000001,0.14400000000000002
0.0848,0.14400000000000002
0.0864,0.14400000000000002
0.08800000000000001,0.14400000000000002
0.0896,0.14400000000000002
0.0912,0.14400000000000002
0.09280000000000001,0.14400000000000002
0.0944,0.14400000000000002
0.096,0.14400000000000002
0.0976,0.14400000000000002
0.09920000000000001,0.14400000000000002
0.1008,0.14400000000000002
0.1024,0.14400000000000002
0.10400000000000001,0.14400000000000002
0.1056,0.14400000000000002
0.1072,0.14400000000000002
0.10880000000000001,0.14400000000000002
0.11040000000000001,0.14400000000000002
0.112,0.14400000000000002
0.1136,0.14400000000000002
0.11520000000000001,0.14400000000000002
0.1168,0.14400000000000002
0.1184,0.14400000000000002
0.12000000000000001,0.14400000000000002
0.1216,0.14400000000000002
0.1232,0.14400000000000002
0.12480000000000001,0.14400000000000002
0.1264,0.14400000000000002
0.128,0.14400000000000002
0.1296,0.14400000000000002
0.1312,0.14400000000000002
0.1328,0.14400000000000002
0.13440000000000002,0.14400000000000002
0.136,0.14400000000000002
0.1376,0.14400000000000002
0.13920000000000002,0.14400000000000002
0.1408,0.14400000000000002
0.1424,0.14400000000000002
0.14400000000000002,0.14400000000000002
0.1456,0.14400000000000002
0.1472,0.14400000000000002
0.14880000000000002,0.14400000000000002
0.1504,0.14400000000000002
0.152,0.14400000000000002
0.15360000000000001,0.14400000000000002
0.1552,0.14400000000000002
0.1568,0.14400000000000002
0.1584,0.14400000000000002
0.16,0.14400000000000002
0.16160000000000002,0.14400000000000002
0.1632,0.14400000000000002
0.1648,0.14400000000000002
0.16640000000000002,0.14400000000000002
0.16640000000000002,0.1424
0.16640000000000002,0.1408
0.16640000000000002,0.13920000000000002
0.16640000000000002,0.1376
0.16640000000000002,0.136
0.16640000000000002,0.13440000000000002
0.16640000000000002,0.1328
0.16640000000000002,0.1312
0.16640000000000002,0.1296
0.16640000000000002,0.128
0.16640000000000002,0.1264
0.16640000000000002,0.12480000000000001
0.16640000000000002,0.1232
0.16640000000000002,0.1216
0.16640000000000002,0.12000000000000001
0.16640000000000002,0.1184
0.16640000000000002,0.1168
0.16640000000000002,0.11520000000000001
0.16640000000000002,0.1136
0.16640000000000002,0.112
0.16640000000000002,0.11040000000000001
0.16640000000000002,0.10880000000000001
0.16640000000000002,0.1072
0.16640000000000002,0.1056
0.16640000000000002,0.10400000000000001
0.16640000000000002,0.1024
0.16640000000000002,0.1008
0.16640000000000002,0.09920000000000001
0.16640000000000002,0.0976
0.16640000000000002,0.096
0.16640000000000002,0.0944
0.16640000000000002,0.09280000000000001
0.16640000000000002,0.0912
0.16640000000000002,0.0896
0.16640000000000002,0.08800000000000001
0.16640000000000002,0.0864
0.16640000000000002,0.0848
0.16640000000000002,0.08320000000000001
0.16640000000000002,0.0816
0.16640000000000002,0.08
0.16640000000000002,0.0784
0.16640000000000002,0.07680000000000001
0.16640000000000002,0.0752
0.16640000000000002,0.0736
0.16640000000000002,0.07200000000000001
0.16640000000000002,0.0704
0.16640000000000002,0.0688
0.16640000000000002,0.06720000000000001
0.16640000000000002,0.0656
0.16640000000000002,0.064
0.16640000000000002,0.062400000000000004
0.16640000000000002,0.0608
0.16640000000000002,0.0592
0.16640000000000002,0.057600000000000005
0.16640000000000002,0.056
0.16640000000000002,0.054400000000000004
0.16640000000000002,0.0528
0.16640000000000002,0.0512
0.16640000000000002,0.049600000000000005
0.16640000000000002,0.048
0.16640000000000002,0.046400000000000004
0.16640000000000002,0.0448
0.16640000000000002,0.0432
0.16640000000000002,0.041600000000000005
0.16640000000000002,0.04
0.16640000000000002,0.038400000000000004
0.16640000000000002,0.0368
0.16640000000000002,0.0352
0.16640000000000002,0.033600000000000005
0.16640000000000002,0.032
0.16640000000000002,0.0304
0.16640000000000002,0.028800000000000003
0.16640000000000002,0.027200000000000002
0.16640000000000002,0.0256
0.16640000000000002,0.024
0.16640000000000002,0.0224
0.16640000000000002,0.020800000000000003
0.16640000000000002,0.019200000000000002
0.16640000000000002,0.0176
0.16640000000000002,0.016
0.16640000000000002,0.014400000000000001
0.16640000000000002,0.0128
0.16640000000000002,0.0112
0.16640000000000002,0.009600000000000001
0.16640000000000002,0.008
0.16640000000000002,0.0064
0.16640000000000002,0.0048000000000000004
0.16640000000000002,0.0032
0.16640000000000002,0.0016
0.16640000000000002,0.
0.,0.1456
0.0016,0.1456
0.0032,0.1456
0.0048000000000000004,0.1456
0.0064,0.1456
0.008,0.1456
0.009600000000000001,0.1456
0.0112,0.1456
0.0128,0.1456
0.014400000000000001,0.1456
0.016,0.1456
0.0176,0.1456
0.019200000000000002,0.1456
0.020800000000000003,0.1456
0.0224,0.1456
0.024,0.1456
0.0256,0.1456
0.027200000000000002,0.1456
0.028800000000000003,0.1456
0.0304,0.1456
0.032,0.1456
0.033600000000000005,0.1456
0.0352,0.1456
0.0368,0.1456
0.038400000000000004,0.1456
0.04,0.1456
0.041600000000000005,0.1456
0.0432,0.1456
0.0448,0.1456
0.046400000000000004,0.1456
0.048,0.1456
0.049600000000000005,0.1456
0.0512,0.1456
0.0528,0.1456
0.054400000000000004,0.1456
0.056,0.1456
0.057600000000000005,0.1456
0.0592,0.1456
0.0608,0.1456
0.062400000000000004,0.1456
0.064,0.1456
0.0656,0.1456
0.06720000000000001,0.1456
0.0688,0.1456
0.0704,0.1456
0.07200000000000001,0.1456
0.0736,0.1456
0.0752,0.1456
0.07680000000000001,0.1456
0.0784,0.1456
0.08,0.1456
0.0816,0.1456
0.08320000000000001,0.1456
0.0848,0.1456
0.0864,0.1456
0.08800000000000001,0.1456
0.0896,0.1456
0.0912,0.1456
0.09280000000000001,0.1456
0.0944,0.1456
0.096,0.1456
0.0976,0.1456
0.09920000000000001,0.1456
0.1008,0.1456
0.1024,0.1456
0.10400000000000001,0.1456
0.1056,0.1456
0.1072,0.1456
0.10880000000000001,0.1456
0.11040000000000001,0.1456
0.112,0.1456
0.1136,0.1456
0.11520000000000001,0.1456
0.1168,0.1456
0.1184,0.1456
0.12000000000000001,0.1456
0.1216,0.1456
0.1232,0.1456
0.12480000000000001,0.1456
0.1264,0.1456
0.128,0.1456
0.1296,0.1456
0.1312,0.1456
0.1328,0.1456
0.13440000000000002,0.1456
0.136,0.1456
0.1376,0.1456
0.13920000000000002,0.1456
0.1408,0.1456
0.1424,0.1456
0.14400000000000002,0.1456
0.1456,0.1456
0.1472,0.1456
0.14880000000000002,0.1456
0.1504,0.1456
0.152,0.1456
0.15360000000000001,0.1456
0.1552,0.1456
0.1568,0.1456
0.1584,0.1456
0.16,0.1456
0.16160000000000002,0.1456
0.1632,0.1456
0.1648,0.1456
0.16640000000000002,0.1456
0.168,0.1456
0.168,0.14400000000000002
0.168,0.1424
0.168,0.1408
0.168,0.13920000000000002
0.168,0.1376
0.168,0.136
0.168,0.13440000000000002
0.168,0.1328
0.168,0.1312
0.168,0.1296
0.168,0.128
0.168,0.1264
0.168,0.12480000000000001
0.168,0.1232
0.168,0.1216
0.168,0.12000000000000001
0.168,0.1184
0.168,0.1168
0.168,0.11520000000000001
0.168,0.1136
0.168,0.112
0.168,0.11040000000000001
0.168,0.10880000000000001
0.168,0.1072
0.168,0.1056
0.168,0.10400000000000001
0.168,0.1024
0.168,0.1008
0.168,0.09920000000000001
0.168,0.0976
0.168,0.096
0.168,0.0944
0.168,0.09280000000000001
0.168,0.0912
0.168,0.0896
0.168,0.08800000000000001
0.168,0.0864
0.168,0.0848
0.168,0.08320000000000001
0.168,0.0816
0.168,0.08
0.168,0.0784
0.168,0.07680000000000001
0.168,0.0752
0.168,0.0736
0.168,0.07200000000000001
0.168,0.0704
0.168,0.0688
0.168,0.06720000000000001
0.168,0.0656
0.168,0.064
0.168,0.062400000000000004
0.168,0.0608
0.168,0.0592
0.168,0.057600000000000005
0.168,0.056
0.168,0.054400000000000004
0.168,0.0528
0.168,0.0512
0.168,0.049600000000000005
0.168,0.048
0.168,0.046400000000000004
0.168,0.0448
0.168,0.0432
0.168,0.041600000000000005
0.168,0.04
0.168,0.038400000000000004
0.168,0.0368
0.168,0.0352
0.168,0.033600000000000005
0.168,0.032
0.168,0.0304
0.168,0.028800000000000003
0.168,0.027200000000000002
0.168,0.0256
0.168,0.024
0.168,0.0224
0.168,0.020800000000000003
0.168,0.019200000000000002
0.168,0.0176
0.168,0.016
0.168,0.014400000000000001
0.168,0.0128
0.168,0.0112
0.168,0.009600000000000001
0.168,0.008
0.168,0.0064
0.168,0.0048000000000000004
0.168,0.0032
0.168,0.0016
0.168,0.
0.,0.1472
0.0016,0.1472
0.0032,0.1472
0.0048000000000000004,0.1472
0.0064,0.1472
0.008,0.1472
0.009600000000000001,0.1472
0.0112,0.1472
0.0128,0.1472
0.014400000000000001,0.1472
0.016,0.1472
0.0176,0.1472
0.019200000000000002,0.1472
0.020800000000000003,0.1472
0.0224,0.1472
0.024,0.1472
0.0256,0.1472
0.027200000000000002,0.1472
0.028800000000000003,0.1472
0.0304,0.1472
0.032,0.1472
0.033600000000000005,0.1472
0.0352,0.1472
0.0368,0.1472
0.038400000000000004,0.1472
0.04,0.1472
0.041600000000000005,0.1472
0.0432,0.1472
0.0448,0.1472
0.046400000000000004,0.1472
0.048,0.1472
0.049600000000000005,0.1472
0.0512,0.1472
0.0528,0.1472
0.054400000000000004,0.1472
0.056,0.1472
0.057600000000000005,0.1472
0.0592,0.1472
0.0608,0.1472
0.062400000000000004,0.1472
0.064,0.1472
0.0656,0.1472
0.06720000000000001,0.1472
0.0688,0.1472
0.0704,0.1472
0.07200000000000001,0.1472
0.0736,0.1472
0.0752,0.1472
0.07680000000000001,0.1472
0.0784,0.1472
0.08,0.1472
0.0816,0.1472
0.08320000000000001,0.1472
0.0848,0.1472
0.0864,0.1472
0.08800000000000001,0.1472
0.0896,0.1472
0.0912,0.1472
0.09280000000000001,0.1472
0.0944,0.1472
0.096,0.1472
0.0976,0.1472
0.09920000000000001,0.1472
0.1008,0.1472
0.1024,0.1472
0.10400000000000001,0.1472
0.1056,0.1472
0.1072,0.1472
0.10880000000000001,0.1472
0.11040000000000001,0.1472
0.112,0.1472
0.1136,0.1472
0.11520000000000001,0.1472
0.1168,0.1472
0.1184,0.1472
0.12000000000000001,0.1472
0.1216,0.1472
0.1232,0.1472
0.12480000000000001,0.1472
0.1264,0.1472
0.128,0.1472
0.1296,0.1472
0.1312,0.1472
0.1328,0.1472
0.13440000000000002,0.1472
0.136,0.1472
0.1376,0.1472
0.13920000000000002,0.1472
0.1408,0.1472
0.1424,0.1472
0.14400000000000002,0.1472
0.1456,0.1472
0.1472,0.1472
0.14880000000000002,0.1472
0.1504,0.1472
0.152,0.1472
0.15360000000000001,0.1472
0.1552,0.1472
0.1568,0.1472
0.1584,0.1472
0.16,0.1472
0.16160000000000002,0.1472
0.1632,0.1472
0.1648,0.1472
0.16640000000000002,0.1472
0.168,0.1472
0.1696,0.1472
0.1696,0.1456
0.1696,0.14400000000000002
0.1696,0.1424
0.1696,0.1408
0.1696,0.13920000000000002
0.1696,0.1376
0.1696,0.136
0.1696,0.13440000000000002
0.1696,0.1328
0.1696,0.1312
0.1696,0.1296
0.1696,0.128
0.1696,0.1264
0.1696,0.12480000000000001
0.1696,0.1232
0.1696,0.1216
0.1696,0.12000000000000001
0.1696,0.1184
0.1696,0.1168
0.1696,0.11520000000000001
0.1696,0.1136
0.1696,0.112
0.1696,0.11040000000000001
0.1696,0.10880000000000001
0.1696,0.1072
0.1696,0.1056
0.1696,0.10400000000000001
0.1696,0.1024
0.1696,0.1008
0.1696,0.09920000000000001
0.1696,0.0976
0.1696,0.096
0.1696,0.0944
0.1696,0.09280000000000001
0.1696,0.0912
0.1696,0.0896
0.1696,0.08800000000000001
0.1696,0.0864
0.1696,0.0848
0.1696,0.08320000000000001
0.1696,0.0816
0.1696,0.08
0.1696,0.0784
0.1696,0.07680000000000001
0.1696,0.0752
0.1696,0.0736
0.1696,0.07200000000000001
0.1696,0.0704
0.1696,0.0688
0.1696,0.06720000000000001
0.1696,0.0656
0.1696,0.064
0.1696,0.062400000000000004
0.1696,0.0608
0.1696,0.0592
0.1696,0.057600000000000005
0.1696,0.056
0.1696,0.054400000000000004
0.1696,0.0528
0.1696,0.0512
0.1696,0.049600000000000005
0.1696,0.048
0.1696,0.046400000000000004
0.1696,0.0448
0.1696,0.0432
0.1696,0.041600000000000005
0.1696,0.04
0.1696,0.038400000000000004
0.1696,0.0368
0.1696,0.0352
0.1696,0.033600000000000005
0.1696,0.032
0.1696,0.0304
0.1696,0.028800000000000003
0.1696,0.027200000000000002
0.1696,0.0256
0.1696,0.024
0.1696,0.0224
0.1696,0.020800000000000003
0.1696,0.019200000000000002
0.1696,0.0176
0.1696,0.016
0.1696,0.014400000000000001
0.1696,0.0128
0.1696,0.0112
0.1696,0.009600000000000001
0.1696,0.008
0.1696,0.0064
0.1696,0.0048000000000000004
0.1696,0.0032
0.1696,0.0016
0.1696,0.
0.,0.1488
0.0016,0.1488
0.0032,0.1488
0.0048000000000000004,0.1488
0.0064,0.1488
0.008,0.1488
0.009600000000000001,0.1488
0.0112,0.1488
0.0128,0.1488
0.014400000000000001,0.1488
0.016,0.1488
0.0176,0.1488
0.019200000000000002,0.1488
0.020800000000000003,0.1488
0.0224,0.1488
0.024,0.1488
0.0256,0.1488
0.027200000000000002,0.1488
0.028800000000000003,0.1488
0.0304,0.1488
0.032,0.1488
0.033600000000000005,0.1488
0.0352,0.1488
0.0368,0.1488
0.038400000000000004,0.1488
0.04,0.1488
0.041600000000000005,0.1488
0.0432,0.1488
0.0448,0.1488
0.046400000000000004,0.1488
0.048,0.1488
0.049600000000000005,0.1488
0.0512,0.1488
0.0528,0.1488
0.054400000000000004,0.1488
0.056,0.1488
0.057600000000000005,0.1488
0.0592,0.1488
0.0608,0.1488
0.062400000000000004,0.1488
0.064,0.1488
0.0656,0.1488
0.06720000000000001,0.1488
0.0688,0.1488
0.0704,0.1488
0.07200000000000001,0.1488
0.0736,0.1488
0.0752,0.1488
0.07680000000000001,0.1488
0.0784,0.1488
0.08,0.1488
0.0816,0.1488
0.08320000000000001,0.1488
0.0848,0.1488
0.0864,0.1488
0.08800000000000001,0.1488
0.0896,0.1488
0.0912,0.1488
0.09280000000000001,0.1488
0.0944,0.1488
0.096,0.1488
0.0976,0.1488
0.09920000000000001,0.1488
0.1008,0.1488
0.1024,0.1488
0.10400000000000001,0.1488
0.1056,0.1488
0.1072,0.1488
0.10880000000000001,0.1488
0.11040000000000001,0.1488
0.112,0.1488
0.1136,0.1488
0.11520000000000001,0.1488
0.1168,0.1488
0.1184,0.1488
0.12000000000000001,0.1488
0.1216,0.1488
0.1232,0.1488
0.12480000000000001,0.1488
0.1264,0.1488
0.128,0.1488
0.1296,0.1488
0.1312,0.1488
0.1328,0.1488
0.13440000000000002,0.1488
0.136,0.1488
0.1376,0.1488
0.13920000000000002,0.1488
0.1408,0.1488
0.1424,0.1488
0.14400000000000002,0.1488
0.1456,0.1488
0.1472,0.1488
0.14880000000000002,0.1488
0.1504,0.1488
0.152,0.1488
0.15360000000000001,0.1488
0.1552,0.1488
0.1568,0.1488
0.1584,0.1488
0.16,0.1488
0.16160000000000002,0.1488
0.1632,0.1488
0.1648,0.1488
0.16640000000000002,0.1488
0.168,0.1488
0.1696,0.1488
0.17120000000000002,0.1488
0.17120000000000002,0.1472
0.17120000000000002,0.1456
0.17120000000000002,0.14400000000000002
0.17120000000000002,0.1424
0.17120000000000002,0.1408
0.17120000000000002,0.13920000000000002
0.17120000000000002,0.1376
0.17120000000000002,0.136
0.17120000000000002,0.13440000000000002
0.17120000000000002,0.1328
0.17120000000000002,0.1312
0.17120000000000002,0.1296
0.17120000000000002,0.128
0.17120000000000002,0.1264
0.17120000000000002,0.12480000000000001
0.17120000000000002,0.1232
0.17120000000000002,0.1216
0.17120000000000002,0.12000000000000001
0.17120000000000002,0.1184
0.17120000000000002,0.1168
0.17120000000000002,0.11520000000000001
0.17120000000000002,0.1136
0.17120000000000002,0.112
0.17120000000000002,0.11040000000000001
0.17120000000000002,0.10880000000000001
0.17120000000000002,0.1072
0.17120000000000002,0.1056
0.17120000000000002,0.10400000000000001
0.17120000000000002,0.1024
0.17120000000000002,0.1008
0.17120000000000002,0.09920000000000001
0.17120000000000002,0.0976
0.17120000000000002,0.096
0.17120000000000002,0.0944
0.17120000000000002,0.09280000000000001
0.17120000000000002,0.0912
0.17120000000000002,0.0896
0.17120000000000002,0.08800000000000001
0.17120000000000002,0.0864
0.17120000000000002,0.0848
0.17120000000000002,0.08320000000000001
0.17120000000000002,0.0816
0.17120000000000002,0.08
0.17120000000000002,0.0784
0.17120000000000002,0.07680000000000001
0.17120000000000002,0.0752
0.17120000000000002,0.0736
0.17120000000000002,0.07200000000000001
0.17120000000000002,0.0704
0.17120000000000002,0.0688
0.17120000000000002,0.06720000000000001
0.17120000000000002,0.0656
0.17120000000000002,0.064
0.17120000000000002,0.062400000000000004
0.17120000000000002,0.0608
0.17120000000000002,0.0592
0.17120000000000002,0.057600000000000005
0.17120000000000002,0.056
0.17120000000000002,0.054400000000000004
0.17120000000000002,0.0528
0.17120000000000002,0.0512
0.17120000000000002,0.049600000000000005
0.17120000000000002,0.048
0.17120000000000002,0.046400000000000004
0.17120000000000002,0.0448
0.17120000000000002,0.0432
0.17120000000000002,0.041600000000000005
0.17120000000000002,0.04
0.17120000000000002,0.038400000000000004
0.17120000000000002,0.0368
0.17120000000000002,0.0352
0.17120000000000002,0.033600000000000005
0.17120000000000002,0.032
0.17120000000000002,0.0304
0.17120000000000002,0.028800000000000003
0.17120000000000002,0.027200000000000002
0.17120000000000002,0.0256
0.17120000000000002,0.024
0.17120000000000002,0.0224
0.17120000000000002,0.020800000000000003
0.17120000000000002,0.019200000000000002
0.17120000000000002,0.0176
0.17120000000000002,0.016
0.17120000000000002,0.014400000000000001
0.17120000000000002,0.0128
0.17120000000000002,0.0112
0.17120000000000002,0.009600000000000001
0.17120000000000002,0.008
0.17120000000000002,0.0064
0.17120000000000002,0.0048000000000000004
0.17120000000000002,0.0032
0.17120000000000002,0.0016
0.17120000000000002,0.
